timestamp,Absurdism,Actual idealism,Actualism,Aesthetic Realism,Aesthetics,African philosophy,Afrocentrism,Agnostic theism,Agnosticism,American philosophy,Analytic philosophy,Ancient philosophy,Animism,Anomalous monism,Anthropocentrism,Anti-realism,Antireductionism,Applied ethics,Asceticism,Atheism,Averroism,Avicennism,Axiology,Baptism,Baptists,Bayesianism,Behaviorism,Bioconservatism,Biosophy,Capitalism,Cartesianism,Categorical imperative,Christian existentialism,Christian humanism,Christian philosophy,Cognitivism (ethics),Communism,Conceptualism,Confucianism,Consequentialism,Constructivist epistemology,Continental philosophy,Cosmicism,Cosmopolitanism,Critical rationalism,Critical theory,Cyberfeminism,Cynicism (philosophy),Czech philosophy,Deconstruction,Deism,Denialism,Deontology,Depressionism,Determinism,Dialectical materialism,Digital physics,Discordianism,Dvaita,Ecumenism,Egocentrism,Eliminative materialism,Emotivism,Empiricism,Ephesian school,Epiphenomenalism,Epistemological nihilism,Epistemology,Eternalism (philosophy of time),Eudaimonism,Existentialism,Externalism,Fallibilism,Fatalism,Feminist philosophy,Filial piety,Foundationalism,Free will,Greek philosophy,Hedonism,Henotheism,Hermeticism,Heterophenomenology,Hindu philosophy,Hongaku,Humanism,Hylozoism,Identityism,Ignosticism,Illegalism,Indian philosophy,Individualism,Induction (philosophy),Inductionism,Informal logic,Innatism,Instrumental rationality,Instrumentalism,Internalism and externalism,Intuitionism,Iranian philosophy,Islamic ethics,Islamic philosophy,Jainism,Japanese philosophy,Jewish philosophy,Jingoism,Just war theory,Kabbalah,Korean philosophy,Legalism (Chinese philosophy),Liberalism,Libertarianism,Libertarianism (metaphysics),Logic,Logical atomism,Logical positivism,Logicism,Luddite,Mahayana Buddhism,Manichaeism,Maoism,Marxist philosophy of nature,Materialism,Mathematicism,Maxim (philosophy),Medical ethics,Medieval philosophy,Medievalism,Mentalism (philosophy),Mereological nihilism,Merism,Meta-ethics,Metaphysics,Milesian school,Misology,Modernism,Monism,Moral absolutism,Moral realism,Moral relativism,Moral skepticism,Mysticism,Neoplatonism and Christianity,Philosophy of Arithmetic,Philosophy of Common Sense,Philosophy of artificial intelligence,Philosophy of biology,Philosophy of business,Philosophy of culture,Philosophy of design,Philosophy of dialogue,Philosophy of economics,Philosophy of education,Philosophy of engineering,Philosophy of futility,Philosophy of geography,Philosophy of history,Philosophy of information,Philosophy of language,Philosophy of law,Philosophy of linguistics,Philosophy of logic,Philosophy of love,Philosophy of mathematics,Philosophy of mind,Philosophy of music,School of Names,School of Naturalists,The Philosophy of Chance,Western esotericism,ViewsTotal
2018010100,144.0,1436.0,0.0,3157.0,1528.0,496.0,0.0,179.0,60.0,1651.0,284.0,999.0,184.0,901.0,1325.0,531.0,2348.0,23.0,0.0,273.0,199.0,5343.0,823.0,401.0,80.0,164.0,2419.0,381.0,725.0,986.0,222.5,618.0,45.0,266.0,154.0,399.0,807.0,2876.0,245.0,512.5,3993.0,148.0,4900.0,370.0,0.0,517.0,150.0,689.0,1108.0,167.0,101.0,180.0,145.0,121.0,649.0,764.0,458.0,0.0,74.0,0.0,582.0,368.0,0.0,147.0,259.0,4801.0,593.0,710.0,250.0,249.0,417.0,1834.0,851.0,140.0,0.0,243.0,1217.0,246.5,246.0,3562.0,1563.0,177.0,64.0,246.0,2247.0,154.0,124.0,1670.0,679.0,47.0,34.0,845.0,89.0,77.0,955.0,0.0,49.0,290.0,242.0,2094.0,930.0,154.0,864.0,43.0,19.0,80.0,160.0,89.0,812.0,621.0,468.0,138.0,6707.0,59.0,40.0,526.0,363.0,434.0,998.0,2568.0,70.0,3864.0,455.0,676.0,2002.0,1935.0,428.0,27.0,55.0,953.0,219.0,345.0,329.0,811.0,61.0,103.0,943.0,143.0,279.0,182.0,45.0,27.0,742.0,904.0,1114.0,0.0,2936.0,491.0,322.0,501.0,1899.0,74.0,0.0,354.0,70.0,1956.0,381.0,539.0,2198.0,427.0,299.0,0.0,466.0,534.0,549.0,404.0,423.0,69.0,450.0,250.0,677.0,128102
2018020100,175.0,1135.0,0.0,2386.0,1392.0,423.0,0.0,180.0,69.0,1607.0,255.0,950.0,128.0,706.0,970.0,497.0,1895.0,18.0,0.0,245.0,194.0,3968.0,956.0,265.0,97.0,168.0,1551.0,530.0,428.5,678.0,217.5,545.0,49.0,213.0,189.0,284.0,579.0,2267.0,195.0,411.5,3400.0,95.0,5290.0,343.0,0.0,385.0,162.0,539.0,916.0,151.0,82.0,170.0,149.0,132.0,712.0,668.0,368.0,0.0,81.0,0.0,465.0,332.0,0.0,126.0,183.0,3132.0,545.0,611.0,169.0,207.0,255.0,1431.0,596.0,152.0,0.0,189.0,1036.0,198.5,261.0,2967.0,1012.0,179.0,82.0,205.0,1914.0,152.0,108.0,1178.0,546.0,57.0,38.0,659.0,106.0,64.0,707.0,0.0,69.0,283.0,217.0,1753.0,563.0,113.0,633.0,27.0,17.0,69.0,159.0,85.0,701.0,513.0,441.0,151.0,5644.0,55.0,27.0,459.0,281.0,389.0,982.0,2128.0,56.0,2575.0,465.0,694.0,1541.0,1433.0,296.0,25.0,48.0,1052.0,188.0,291.0,300.0,604.0,66.0,62.0,711.0,98.0,171.5,140.0,49.0,25.0,838.0,610.0,867.0,0.0,2054.0,313.0,282.0,444.0,1408.0,63.0,0.0,332.0,77.0,1638.0,415.0,484.0,1238.0,300.0,232.0,0.0,373.0,438.0,320.0,297.0,337.0,86.0,321.0,194.0,511.0,103603
2018030100,207.0,1224.0,0.0,2918.0,1290.0,529.0,0.0,149.0,79.0,1655.0,307.0,1016.0,155.0,712.0,1034.0,553.0,2395.0,42.0,0.0,345.0,210.0,4564.0,593.0,283.0,71.0,163.0,1518.0,314.0,581.0,789.0,206.5,621.0,48.0,234.0,173.0,350.0,523.0,2196.0,186.0,578.5,3471.0,110.0,6541.0,381.0,0.0,442.0,121.0,504.0,899.0,196.0,131.0,186.0,124.0,100.0,664.0,827.0,333.0,0.0,71.0,0.0,358.0,396.0,0.0,146.0,189.0,3690.0,584.0,684.0,222.0,220.0,313.0,1516.0,747.0,138.0,0.0,150.0,1004.0,193.5,284.0,3504.0,1440.0,159.0,74.0,229.0,2087.0,137.0,138.0,1254.0,610.0,46.0,44.0,801.0,121.0,50.0,772.5,112.0,80.0,268.0,273.0,2422.0,577.0,110.0,734.0,51.0,19.0,61.0,182.0,93.0,706.0,548.0,452.0,227.0,6632.0,58.0,35.0,395.0,266.0,400.0,821.0,2144.0,61.0,2853.0,497.0,544.0,1542.0,1370.0,322.0,25.0,50.0,933.0,168.0,344.0,329.0,828.0,68.0,95.0,706.0,116.0,249.0,162.0,51.0,25.0,911.0,630.0,855.0,0.0,2089.0,304.0,272.0,519.0,1623.0,61.0,0.0,365.0,108.0,1628.0,306.0,488.0,1357.0,282.0,234.0,0.0,353.0,562.0,377.0,374.0,443.0,91.0,301.0,248.0,582.0,113187
2018040100,209.0,1204.0,0.0,2428.0,1296.0,376.0,0.0,124.0,67.0,1441.0,241.0,913.0,154.0,793.0,1537.0,476.0,2091.0,21.0,0.0,288.0,203.0,4617.0,741.0,380.0,68.0,162.0,1602.0,382.0,721.5,825.0,171.0,665.0,55.0,177.0,163.0,346.0,583.0,2322.0,153.0,584.0,4066.0,103.0,4693.0,369.0,0.0,374.0,143.0,570.0,930.0,194.0,143.0,158.0,145.0,83.0,593.0,817.0,357.0,11.0,117.0,0.0,384.0,335.0,0.0,119.0,201.0,3906.0,544.0,539.0,163.0,234.0,403.0,1617.0,720.0,105.0,0.0,212.0,897.0,162.5,212.0,3548.0,1651.0,187.0,80.0,344.0,1842.0,127.0,108.0,1195.0,618.0,53.0,34.0,700.0,88.0,54.0,900.5,127.0,78.0,245.0,212.0,1863.0,574.0,88.0,692.0,37.0,19.0,65.0,310.0,75.0,722.0,511.0,471.0,88.0,8371.0,54.0,35.0,402.0,249.0,430.0,897.0,2655.0,59.0,2854.0,488.0,544.0,1538.0,1507.0,325.0,23.0,47.0,1020.0,162.0,311.0,308.0,725.0,50.0,66.0,764.0,96.0,231.0,184.0,43.0,23.0,719.0,684.0,940.0,0.0,2372.0,367.0,190.0,548.0,1451.0,73.0,0.0,383.0,93.0,2187.0,266.0,613.0,1442.0,295.0,275.0,0.0,15422.0,554.0,355.0,300.0,454.0,75.0,316.0,217.0,547.0,129488
2018050100,182.0,1280.0,0.0,2366.0,1175.0,348.0,0.0,153.0,61.0,1589.0,264.0,809.0,207.0,711.0,1170.0,452.0,2306.0,23.0,0.0,240.0,235.0,4575.0,743.0,352.0,74.0,160.0,1491.0,380.0,828.0,837.0,194.5,629.0,49.0,240.0,156.0,339.0,742.0,2452.0,189.0,619.0,3843.0,107.0,4637.0,364.0,0.0,422.0,164.0,481.0,1087.0,198.0,105.0,191.0,160.0,82.0,605.0,860.0,391.0,0.0,72.0,0.0,426.0,327.0,0.0,111.0,227.0,3446.0,565.0,534.0,176.0,223.0,357.0,1984.0,771.0,91.0,0.0,132.0,878.0,105.5,245.0,3527.0,1341.0,187.0,63.0,237.0,1792.0,160.0,111.0,1314.0,611.0,50.0,55.0,700.0,80.0,57.0,824.5,128.0,70.0,211.0,403.0,1892.0,631.0,106.0,800.0,45.0,18.0,55.0,209.0,60.0,736.0,626.0,451.0,105.0,9732.0,47.0,34.0,382.0,299.0,420.0,843.0,2317.0,51.0,3171.0,503.0,534.0,1826.0,1560.0,338.0,28.0,52.0,861.0,218.0,306.0,324.0,807.0,71.0,68.0,815.0,131.0,258.5,186.0,45.0,28.0,822.0,685.0,971.0,0.0,2414.0,406.0,147.0,493.0,1575.0,95.0,0.0,373.0,119.0,2167.0,227.0,567.0,1529.0,420.0,291.0,0.0,953.0,549.0,448.0,295.0,368.0,95.0,381.0,246.0,528.0,117068
2018060100,191.0,1349.0,0.0,2614.0,669.5,366.0,0.0,155.0,81.0,1836.0,240.0,761.0,227.0,812.0,1051.0,676.0,2089.0,32.0,0.0,264.0,221.0,5180.0,708.0,521.0,84.0,206.0,1711.0,365.0,933.0,1009.0,193.5,565.0,49.0,256.0,199.0,387.0,884.0,2717.0,234.0,569.0,3843.0,140.0,4863.0,441.0,0.0,498.0,204.0,486.0,1025.0,188.0,156.0,195.0,151.0,83.0,693.0,989.0,364.0,2.0,109.0,0.0,476.0,289.0,0.0,144.0,219.0,3495.0,565.0,589.0,178.0,222.0,430.0,1903.0,809.0,124.0,0.0,105.0,1053.0,133.0,246.0,3582.0,1284.0,160.0,90.0,304.0,1991.0,125.0,83.0,1490.0,660.0,42.0,46.0,800.0,76.0,54.0,765.5,143.0,81.0,300.0,246.0,2805.0,812.0,85.0,860.0,52.0,20.0,55.0,193.0,81.0,1008.0,647.0,577.0,114.0,9771.0,80.0,41.0,459.0,331.0,566.0,1042.0,2599.0,46.0,2981.0,632.0,850.0,1762.0,1744.0,368.0,28.0,49.0,756.0,221.0,410.0,301.0,985.0,79.0,52.0,964.0,145.0,298.0,155.0,57.0,28.0,723.0,895.0,1279.0,0.0,2940.0,658.0,130.5,517.0,1984.0,80.0,0.0,509.0,136.0,2193.0,237.0,593.0,2099.0,496.0,307.0,0.0,769.0,525.0,445.0,295.0,417.0,78.0,497.0,222.0,701.0,126692
2018070100,103.0,708.0,0.0,2258.0,980.0,316.0,0.0,120.0,58.0,1503.0,133.0,438.0,113.0,244.0,894.0,339.0,1353.0,30.0,0.0,104.0,108.0,2303.0,336.0,96.0,67.0,116.0,532.0,339.0,149.0,464.0,116.5,359.0,54.0,262.0,128.0,308.0,272.0,859.0,103.0,355.0,1174.0,75.0,3655.0,270.0,0.0,303.0,75.0,509.0,978.0,154.0,85.0,107.0,84.0,80.0,333.0,388.0,172.0,0.0,38.0,0.0,198.0,323.0,0.0,109.0,122.0,1491.0,389.0,410.0,117.0,181.0,209.0,734.0,344.0,75.0,0.0,85.0,644.0,74.0,217.0,1712.0,676.0,101.0,69.0,121.0,1489.0,89.0,81.0,517.0,433.0,40.0,80.0,378.0,87.0,44.0,518.5,113.0,44.0,133.0,139.0,1001.0,168.0,61.0,204.0,44.0,28.0,47.0,152.0,103.0,619.0,243.0,312.0,75.0,847.0,71.5,60.0,287.0,163.0,328.0,627.0,1094.0,42.0,1068.0,398.0,359.0,2005.0,1402.0,158.0,23.0,40.0,645.0,124.0,293.0,253.0,636.0,61.0,73.0,350.0,53.0,69.0,98.0,43.0,23.0,850.0,372.0,422.0,0.0,1130.0,104.0,124.0,197.0,1167.0,61.0,0.0,293.0,93.0,396.0,103.0,326.0,565.0,115.0,173.0,0.0,506.0,451.0,107.0,152.0,362.0,59.0,125.0,138.0,153.0,62882
2018080100,166.0,1227.0,0.0,5280.0,2031.0,346.0,0.0,131.0,71.0,1998.0,294.0,614.0,139.0,664.0,1088.0,479.0,2416.0,22.0,0.0,168.0,166.0,4140.0,572.0,222.0,84.0,150.0,2014.0,333.0,279.5,650.0,185.5,477.0,43.0,276.0,270.0,288.0,447.0,2382.0,162.0,396.0,2574.0,125.0,6790.0,382.0,0.0,489.0,95.0,578.0,1356.0,178.0,105.0,172.0,125.0,88.0,532.0,655.0,325.0,0.0,62.0,0.0,230.0,409.0,0.0,111.0,193.0,4795.0,618.0,516.0,186.0,169.0,538.0,1117.0,611.0,99.0,0.0,124.0,880.0,143.5,208.0,3266.0,1368.0,149.0,58.0,230.0,2662.0,115.0,105.0,934.0,641.0,49.0,38.0,741.0,98.0,43.0,786.0,147.0,32.0,174.0,228.0,2079.0,374.0,73.0,441.0,43.0,25.0,50.0,148.0,136.0,652.0,435.0,426.0,102.0,4905.0,77.0,29.0,369.0,219.0,373.0,881.0,2256.0,47.0,4636.0,448.0,457.0,1838.0,1488.0,336.0,31.0,35.0,979.0,179.0,356.0,372.0,812.0,69.0,84.0,754.0,80.0,134.0,131.0,63.0,31.0,785.0,664.0,668.0,0.0,2285.0,256.0,204.5,430.0,1401.0,68.0,0.0,377.0,112.0,921.0,194.0,564.0,1165.0,195.0,281.0,0.0,601.0,539.0,246.0,196.0,454.0,73.0,260.0,154.0,282.0,111179
2018090100,136.0,1568.0,0.0,2405.0,2165.0,394.0,0.0,149.0,51.0,2173.0,343.0,743.0,153.0,974.0,986.0,489.0,2266.0,15.0,0.0,172.0,194.0,3884.0,695.0,337.0,92.0,183.0,2590.0,420.0,479.5,947.0,209.5,513.0,43.0,255.0,285.0,357.0,650.0,2572.0,187.0,427.5,3030.0,228.0,5278.0,390.0,0.0,605.0,136.0,605.0,1447.0,135.0,89.0,238.0,153.0,82.0,595.0,872.0,404.0,0.0,56.0,0.0,351.0,524.0,0.0,130.0,252.0,5399.0,698.0,759.0,151.0,303.0,312.0,1502.0,771.0,154.0,14.0,154.0,989.0,150.5,266.0,3834.0,1773.0,160.0,73.0,186.0,2055.0,153.0,107.0,1550.0,651.0,52.0,59.0,740.0,100.0,49.0,757.5,110.0,55.0,202.0,192.0,3121.0,805.0,80.0,869.0,35.0,28.0,51.0,250.0,147.0,677.0,595.0,529.0,133.0,5712.0,88.5,40.0,489.0,274.0,601.0,896.0,2247.0,51.0,4405.0,541.0,622.0,1706.0,1458.0,460.0,34.0,48.0,820.0,208.0,376.0,446.0,907.0,78.0,96.0,1047.0,95.0,234.0,173.0,39.0,34.0,686.0,944.0,954.0,0.0,2515.0,322.0,204.5,466.0,1844.0,64.0,0.0,378.0,93.0,1218.0,330.0,554.0,1606.0,329.0,425.0,0.0,819.0,605.0,485.0,197.0,398.0,77.0,412.0,208.0,477.0,121325
2018100100,155.0,1536.0,0.0,2508.0,2080.0,431.0,0.0,183.0,55.0,2221.0,347.0,706.0,195.0,882.0,1157.0,632.0,2374.0,28.0,0.0,196.0,183.0,4104.0,707.0,423.0,87.0,201.0,2364.0,406.0,666.5,898.0,258.5,571.0,55.0,337.0,223.0,430.0,626.0,2255.0,167.0,587.5,3549.0,308.0,8469.0,399.0,0.0,533.0,125.0,693.0,1442.0,243.0,89.0,189.0,127.0,88.0,703.0,1364.0,447.0,0.0,77.0,0.0,325.0,519.0,0.0,134.0,413.0,4928.0,620.0,769.0,143.0,396.0,419.0,1847.0,732.0,154.0,74.0,213.0,946.0,160.5,310.0,4386.0,1606.0,168.0,76.0,205.0,1856.0,161.0,331.0,1428.0,893.0,58.0,57.0,674.0,104.0,63.0,800.0,97.0,45.0,239.0,239.0,2502.0,644.0,109.0,909.0,41.0,23.0,70.0,218.0,132.0,735.0,602.0,494.0,199.0,5351.0,99.5,113.0,461.0,224.0,637.0,838.0,2459.0,59.0,4248.0,578.0,614.0,1903.0,1498.0,502.0,29.0,58.0,883.0,211.0,302.0,632.0,773.0,78.0,91.0,966.0,68.0,268.5,182.0,52.0,29.0,877.0,759.0,842.0,0.0,2483.0,382.0,161.5,526.0,1766.0,87.0,0.0,424.0,107.0,1250.0,205.0,624.0,1573.0,406.0,371.0,0.0,571.0,572.0,537.0,361.0,487.0,83.0,401.0,269.0,464.0,127174
2018110100,196.0,1603.0,0.0,2513.0,2021.0,417.0,0.0,144.0,45.0,2105.0,291.0,669.0,234.0,1007.0,1154.0,615.0,2546.0,20.0,0.0,264.0,171.0,5108.0,722.0,408.0,95.0,186.0,3039.0,375.0,729.5,959.0,228.0,617.0,79.0,360.0,256.0,457.0,656.0,2918.0,205.0,532.0,4166.0,141.0,6345.0,401.0,0.0,457.0,130.0,679.0,1218.0,202.0,84.0,200.0,132.0,111.0,739.0,1220.0,541.0,0.0,91.0,0.0,288.0,467.0,0.0,161.0,295.0,5823.0,635.0,682.0,177.0,292.0,414.0,1808.0,826.0,161.0,71.0,294.0,928.0,139.0,258.0,4414.0,1697.0,256.0,62.0,285.0,2199.0,170.0,255.0,1393.0,922.0,56.0,58.0,796.0,99.0,58.0,1276.0,137.0,54.0,223.0,209.0,3444.0,791.0,131.0,934.0,53.0,24.0,66.0,221.0,141.0,862.0,599.0,506.0,131.0,6042.0,109.5,52.0,538.0,285.0,484.0,916.0,2654.0,54.0,5157.0,456.0,639.0,1933.0,1617.0,405.0,32.0,52.0,899.0,220.0,366.0,431.0,911.0,79.0,77.0,1167.0,97.0,239.0,298.0,46.0,32.0,1608.0,974.0,934.0,0.0,2864.0,387.0,149.0,666.0,1969.0,100.0,0.0,371.0,97.0,1348.0,226.0,683.0,1895.0,539.0,402.0,0.0,704.0,545.0,598.0,254.0,492.0,112.0,504.0,241.0,576.0,136002
2018120100,127.0,1421.0,0.0,2655.0,1616.0,334.0,0.0,156.0,154.0,2016.0,287.0,510.0,191.0,708.0,1734.0,501.0,2944.0,31.0,0.0,183.0,173.0,3850.0,638.0,367.0,94.0,162.0,2158.0,390.0,608.0,836.0,151.5,440.0,52.0,336.0,176.0,408.0,534.0,2351.0,186.0,569.5,3285.0,91.0,5109.0,382.0,0.0,881.0,133.0,611.0,1187.0,209.0,101.0,181.0,115.0,101.0,625.0,916.0,389.0,0.0,89.0,0.0,300.0,388.0,0.0,108.0,203.0,4125.0,549.0,729.0,181.0,211.0,403.0,1350.0,843.0,127.0,110.0,135.0,876.0,173.0,253.0,3603.0,1334.0,257.0,70.0,177.0,2243.0,210.0,121.0,1291.0,1001.0,51.0,52.0,673.0,107.0,58.0,939.5,166.0,75.0,176.0,217.0,2539.0,642.0,99.0,769.0,50.0,23.0,56.0,215.0,165.0,640.0,471.0,422.0,97.0,4217.0,114.5,88.0,416.0,294.0,508.0,800.0,1953.0,44.0,3430.0,482.0,400.0,2079.0,1610.0,331.0,30.0,49.0,882.0,177.0,299.0,336.0,952.0,94.0,104.0,901.0,95.0,249.0,189.0,77.0,30.0,1103.0,825.0,790.0,0.0,2679.0,436.0,127.5,578.0,1663.0,94.0,0.0,288.0,121.0,1016.0,184.0,537.0,1572.0,408.0,307.0,0.0,741.0,485.0,499.0,266.0,442.0,123.0,423.0,184.0,499.0,115110
2019010100,174.0,1726.0,0.0,2724.0,1942.0,395.0,0.0,147.0,91.0,2213.0,282.0,784.0,202.0,994.0,1331.0,595.0,2844.0,36.0,0.0,220.0,225.0,4809.0,727.0,552.0,96.0,189.0,2838.0,441.0,935.0,1031.0,187.5,566.0,61.0,379.0,201.0,422.0,754.0,3306.0,206.0,700.5,4902.0,134.0,7994.0,395.0,0.0,1019.0,150.0,618.0,1492.0,199.0,120.0,219.0,128.0,125.0,916.0,994.0,441.0,0.0,101.0,0.0,357.0,391.0,0.0,127.0,256.0,5262.0,609.0,631.0,224.0,254.0,401.0,1636.0,782.0,178.0,64.0,149.0,1044.0,202.0,240.0,4251.0,1445.0,208.0,90.0,189.0,2292.0,247.0,134.0,1730.0,691.0,70.0,75.0,756.0,139.0,59.0,978.5,133.0,70.0,224.0,228.0,2688.0,1012.0,120.0,977.0,69.0,30.0,69.0,205.0,205.0,840.0,630.0,584.0,97.0,6428.0,111.5,56.0,520.0,337.0,516.0,1090.0,3149.0,47.0,4365.0,550.0,680.0,2476.0,1909.0,425.0,26.0,50.0,951.0,214.0,329.0,371.0,836.0,89.0,103.0,1079.0,151.0,373.5,225.0,79.0,26.0,1320.0,924.0,961.0,0.0,2599.0,622.0,164.5,574.0,2259.0,73.0,1.0,388.0,143.0,1501.0,209.0,583.0,2278.0,682.0,361.0,0.0,874.0,605.0,515.0,297.0,533.0,89.0,542.0,251.0,649.0,140854
2019020100,108.0,1518.0,0.0,2352.0,1590.0,365.0,0.0,131.0,60.0,2199.0,206.0,657.0,186.0,741.0,1094.0,522.0,1982.0,41.0,0.0,219.0,157.0,3205.0,628.0,321.0,91.0,172.0,2074.0,339.0,428.0,693.0,148.5,488.0,55.0,278.0,216.0,399.0,618.0,2531.0,219.0,566.0,4002.0,110.0,5114.0,338.0,0.0,428.0,173.0,524.0,1159.0,141.0,99.0,171.0,126.0,115.0,621.0,778.0,380.0,0.0,65.0,0.0,344.0,300.0,0.0,121.0,212.0,3520.0,583.0,649.0,180.0,210.0,382.0,1193.0,576.0,117.0,53.0,91.0,887.0,131.0,266.0,3600.0,1235.0,126.0,61.0,117.0,1967.0,218.0,134.0,1360.0,556.0,41.0,56.0,661.0,93.0,45.0,752.0,151.0,65.0,205.0,242.0,2163.0,709.0,104.0,657.0,51.0,33.0,59.0,171.0,162.0,706.0,516.0,482.0,78.0,4835.0,80.5,43.0,325.0,229.0,435.0,862.0,2473.0,35.0,3401.0,560.0,594.0,1704.0,1731.0,291.0,27.0,59.0,835.0,230.0,302.0,308.0,671.0,89.0,77.0,934.0,88.0,229.0,225.0,52.0,27.0,1031.0,721.0,962.0,91.0,2058.0,274.0,135.5,576.0,1845.0,67.0,0.0,310.0,142.0,1362.0,201.0,468.0,1265.0,443.0,255.0,0.0,679.0,483.0,321.0,247.0,400.0,83.0,355.0,181.0,478.0,109015
2019030100,139.0,1579.0,0.0,3045.0,1647.0,442.0,0.0,184.0,64.0,2198.0,421.0,823.0,222.0,936.0,1114.0,504.0,2179.0,26.0,0.0,192.0,350.0,3274.0,693.0,352.0,90.0,189.0,2179.0,359.0,607.0,857.0,176.5,587.0,56.0,276.0,215.0,426.0,603.0,2867.0,209.0,558.5,4366.0,148.0,6342.0,403.0,0.0,528.0,147.0,617.0,1044.0,205.0,130.0,297.0,131.0,101.0,612.0,920.0,743.0,0.0,109.0,0.0,384.0,349.0,0.0,111.0,222.0,5449.0,838.0,718.0,266.0,218.0,441.0,1508.0,672.0,152.0,70.0,150.0,908.0,146.5,266.0,4055.0,1313.0,171.0,71.0,123.0,1969.0,301.0,148.0,1495.0,733.0,57.0,55.0,836.0,98.0,66.0,886.5,128.0,72.0,279.0,262.0,2175.0,667.0,143.0,673.0,51.0,29.0,61.0,217.0,137.0,915.0,509.0,576.0,102.0,6727.0,87.5,37.0,487.0,265.0,475.0,989.0,2702.0,54.0,4013.0,594.0,678.0,1757.0,1671.0,300.0,30.0,46.0,967.0,233.0,397.0,360.0,769.0,86.0,123.0,1220.0,120.0,300.5,210.0,59.0,30.0,1126.0,773.0,1157.0,108.0,2290.0,399.0,174.0,542.0,2040.0,76.0,0.0,399.0,124.0,1772.0,240.0,636.0,1299.0,578.0,350.0,0.0,640.0,546.0,325.0,386.0,533.0,90.0,354.0,224.0,517.0,126176
2019040100,113.0,1169.0,0.0,2761.0,1334.0,341.0,0.0,143.0,66.0,1753.0,224.0,744.0,165.0,851.0,1288.0,459.0,2662.0,31.0,0.0,269.0,249.0,2448.0,648.0,380.0,66.0,153.0,1633.0,383.0,691.0,683.0,153.5,593.0,58.0,281.0,173.0,263.0,528.0,2290.0,185.0,565.0,4456.0,104.0,6471.0,383.0,0.0,433.0,134.0,625.0,1132.0,153.0,104.0,155.0,144.0,108.0,587.0,661.0,364.0,0.0,81.0,0.0,234.0,366.0,0.0,110.0,192.0,2898.0,652.0,535.0,183.0,201.0,356.0,1321.0,551.0,118.0,57.0,98.0,875.0,136.0,242.0,4175.0,1185.0,146.0,77.0,132.0,1835.0,241.0,120.0,1264.0,622.0,61.0,57.0,775.0,80.0,55.0,917.5,168.0,94.0,245.0,228.0,2025.0,611.0,129.0,572.0,38.0,27.0,73.0,194.0,143.0,716.0,454.0,469.0,95.0,6520.0,89.0,46.0,545.0,232.0,390.0,800.0,2756.0,61.0,3018.0,562.0,726.0,1793.0,1652.0,300.0,28.0,53.0,851.0,182.0,365.0,319.0,718.0,66.0,95.0,2231.0,84.0,291.5,193.0,50.0,28.0,906.0,790.0,851.0,137.0,1726.0,370.0,138.5,503.0,1643.0,73.0,0.0,375.0,116.0,1618.0,209.0,614.0,1316.0,512.0,278.0,0.0,431.0,467.0,283.0,282.0,611.0,72.0,388.0,205.0,390.0,113399
2019050100,119.0,1220.0,0.0,2265.0,2048.0,358.0,0.0,133.0,65.0,3289.0,262.0,812.0,203.0,978.0,1389.0,543.0,2276.0,16.0,0.0,266.0,231.0,3359.0,531.0,410.0,66.0,143.0,3187.0,392.0,800.0,768.0,149.0,557.0,37.0,261.0,181.0,335.0,636.0,2708.0,187.0,609.5,4179.0,84.0,17334.0,296.0,0.0,500.0,140.0,522.0,1172.0,162.0,145.0,152.0,113.0,103.0,603.0,622.0,395.0,0.0,84.0,0.0,272.0,423.0,0.0,120.0,230.0,6717.0,851.0,588.0,217.0,262.0,767.0,1484.0,544.0,131.0,95.0,104.0,863.0,114.5,217.0,11940.0,1277.0,137.0,83.0,125.0,1690.0,186.0,136.0,1447.0,600.0,49.0,46.0,760.0,110.0,40.0,860.5,131.0,59.0,209.0,240.0,2955.0,748.0,127.0,786.0,31.0,24.0,60.0,183.0,121.0,620.0,565.0,440.0,93.0,8608.0,99.0,45.0,372.0,289.0,499.0,896.0,2176.0,64.0,5486.0,512.0,556.0,1951.0,2015.0,263.0,41.0,35.0,821.0,171.0,279.0,300.0,816.0,79.0,86.0,2389.0,118.0,323.5,167.0,81.0,41.0,725.0,669.0,882.0,124.0,2514.0,486.0,113.0,459.0,1707.0,49.0,0.0,326.0,108.0,1646.0,202.0,546.0,1310.0,561.0,258.0,0.0,373.0,845.0,358.0,230.0,496.0,83.0,463.0,207.0,488.0,148190
2019060100,102.0,1191.0,0.0,2309.0,1366.0,366.0,0.0,161.0,59.0,1905.0,266.0,683.0,170.0,1260.0,952.0,526.0,2053.0,25.0,0.0,225.0,185.0,4305.0,535.0,465.0,56.0,136.0,3116.0,331.0,946.0,696.0,154.5,462.0,50.0,309.0,160.0,394.0,864.0,2707.0,223.0,569.5,4062.0,107.0,7462.0,332.0,0.0,442.0,144.0,523.0,1107.0,158.0,112.0,165.0,88.0,85.0,657.0,763.0,367.0,0.0,87.0,0.0,258.0,290.0,0.0,109.0,280.0,8384.0,847.0,539.0,162.0,196.0,418.0,1752.0,595.0,102.0,69.0,112.0,867.0,107.5,247.0,4721.0,1675.0,208.0,70.0,120.0,1672.0,189.0,134.0,1519.0,759.0,52.0,56.0,729.0,88.0,47.0,683.0,115.0,77.0,216.0,240.0,2698.0,976.0,108.0,750.0,29.0,20.0,51.0,178.0,91.0,537.0,556.0,446.0,116.0,7215.0,108.5,50.0,379.0,290.0,432.0,768.0,2245.0,53.0,5077.0,382.0,816.0,2312.0,1875.0,316.0,27.0,42.0,733.0,200.0,336.0,289.0,711.0,55.0,70.0,1134.0,102.0,332.0,156.0,66.0,27.0,750.0,669.0,1017.0,90.0,2887.0,692.0,112.0,513.0,1949.0,64.0,0.0,308.0,99.0,1665.0,173.0,517.0,1353.0,664.0,273.0,0.0,403.0,574.0,387.0,207.0,492.0,75.0,474.0,240.0,695.0,129185
2019070100,96.0,720.0,0.0,1849.0,766.0,234.0,0.0,110.0,48.0,1308.0,158.0,435.0,81.0,294.0,929.0,428.0,1471.0,19.0,0.0,91.0,110.0,1751.0,347.0,95.0,52.0,101.0,591.0,303.0,105.0,355.0,298.5,316.0,44.0,266.0,144.0,287.0,243.0,934.0,132.0,419.0,1217.0,60.0,3352.0,292.0,0.0,328.0,72.0,513.0,1166.0,164.0,69.0,83.0,63.0,86.0,315.0,361.0,200.0,0.0,48.0,0.0,168.0,412.0,0.0,89.0,163.0,1658.0,455.0,458.0,156.0,216.0,305.0,697.0,325.0,94.0,41.0,68.0,599.0,92.5,201.0,1637.0,460.0,97.0,58.0,75.0,1294.0,101.0,64.0,586.0,524.0,33.0,44.0,399.0,118.0,38.0,743.5,74.0,35.0,96.0,137.0,880.0,214.0,75.0,182.0,25.0,25.0,45.0,124.0,72.0,522.0,597.0,234.0,72.0,1015.0,60.0,46.0,278.0,155.0,215.0,655.0,1308.0,40.0,1130.0,428.0,346.0,3104.0,1373.0,158.0,29.0,34.0,684.0,102.0,219.0,299.0,481.0,63.0,111.0,407.0,35.0,81.5,156.0,57.0,29.0,728.0,283.0,383.0,102.0,1035.0,100.0,87.0,197.0,1124.0,51.0,0.0,260.0,84.0,378.0,102.0,310.0,440.0,142.0,146.0,0.0,340.0,439.0,162.0,168.0,356.0,64.0,153.0,117.0,138.0,63101
2019080100,327.0,1243.0,0.0,6041.0,1654.0,398.0,0.0,125.0,52.0,1584.0,332.0,873.0,141.0,893.0,1305.0,567.0,2150.0,18.0,0.0,120.0,142.0,3304.0,537.0,222.0,54.0,142.0,2172.0,368.0,262.0,549.0,249.5,417.0,55.0,257.0,263.0,256.0,417.0,2129.0,176.0,527.5,1851.0,80.0,4483.0,391.0,0.0,578.0,105.0,594.0,1369.0,162.0,100.0,152.0,83.0,110.0,518.0,697.0,327.0,0.0,52.0,0.0,232.0,450.0,0.0,138.0,216.0,4411.0,718.0,643.0,199.0,169.0,352.0,1120.0,427.0,126.0,55.0,115.0,866.0,107.0,272.0,2785.0,861.0,136.0,60.0,142.0,1501.0,170.0,104.0,987.0,618.0,56.0,69.0,686.0,143.0,55.0,821.0,171.0,42.0,176.0,207.0,1240.0,402.0,108.0,304.0,25.0,22.0,61.0,178.0,111.0,820.0,635.0,458.0,106.0,3533.0,82.5,41.0,382.0,207.0,408.0,914.0,2224.0,44.0,3170.0,721.0,490.0,2354.0,1504.0,222.0,32.0,40.0,908.0,173.0,284.0,283.0,684.0,65.0,96.0,538.0,76.0,157.5,162.0,59.0,32.0,731.0,491.0,566.0,213.0,1695.0,147.0,116.5,270.0,1398.0,102.0,0.0,314.0,130.0,794.0,135.0,596.0,734.0,277.0,182.0,0.0,335.0,552.0,191.0,365.0,370.0,73.0,217.0,148.0,235.0,100469
2019090100,120.0,1575.0,0.0,1755.0,2073.0,347.0,0.0,170.0,53.0,1978.0,348.0,740.0,144.0,1284.0,875.0,455.0,1863.0,22.0,0.0,149.0,180.0,3597.0,600.0,345.0,57.0,201.0,2944.0,380.0,463.0,696.0,129.0,473.0,56.0,252.0,164.0,269.0,561.0,2721.0,202.0,571.5,2451.0,82.0,5248.0,291.0,0.0,949.0,117.0,466.0,1066.0,150.0,85.0,179.0,106.0,102.0,535.0,828.0,353.0,0.0,59.0,0.0,267.0,373.0,0.0,114.0,194.0,5696.0,566.0,711.0,242.0,186.0,363.0,1376.0,544.0,157.0,45.0,100.0,886.0,157.0,248.0,3021.0,1628.0,163.0,81.0,146.0,1464.0,174.0,100.0,1607.0,616.0,48.0,43.0,675.0,97.0,54.0,696.0,115.0,58.0,211.0,220.0,1530.0,704.0,161.0,613.0,33.0,20.0,52.0,205.0,148.0,557.0,452.0,481.0,113.0,4158.0,141.5,37.0,456.0,293.0,407.0,911.0,2187.0,45.0,4612.0,578.0,648.0,1736.0,1589.0,337.0,27.0,39.0,850.0,237.0,244.0,329.0,638.0,66.0,70.0,837.0,103.0,236.0,147.0,64.0,27.0,594.0,635.0,770.0,119.0,2011.0,327.0,112.0,367.0,1951.0,55.0,0.0,328.0,115.0,971.0,140.0,653.0,932.0,467.0,300.0,0.0,341.0,527.0,348.0,292.0,327.0,53.0,470.0,223.0,435.0,108836
2019100100,120.0,1558.0,124.0,1801.0,1906.0,344.0,0.0,147.0,55.0,1987.0,294.0,634.0,176.0,1118.0,836.0,433.0,1686.0,16.0,258.0,129.0,190.0,3694.0,633.0,330.0,52.0,180.0,2520.0,317.0,555.5,793.0,157.0,468.0,51.0,240.0,166.0,343.0,548.0,2385.0,170.0,605.0,2485.0,70.0,6728.0,352.0,0.0,475.0,121.0,727.0,1132.0,192.0,88.0,142.0,87.0,95.0,447.0,646.0,345.0,1298.0,68.0,193.0,258.0,385.0,0.0,139.0,177.0,5068.0,578.0,627.0,238.0,208.0,408.0,1324.0,474.0,125.0,66.0,124.0,796.0,193.0,244.0,3144.0,1225.0,177.0,71.0,128.0,1684.0,165.0,153.0,1283.0,711.0,50.0,166.0,662.0,137.0,67.0,815.5,100.0,54.0,177.0,202.0,1317.0,632.0,143.0,590.0,25.0,27.0,55.0,178.0,104.0,656.0,425.0,459.0,99.0,3620.0,135.5,46.0,404.0,240.0,417.0,792.0,2063.0,52.0,3763.0,570.0,542.0,1954.0,1698.0,284.0,27.0,55.0,836.0,216.0,237.0,342.0,607.0,85.0,84.0,758.0,85.0,251.5,181.0,42.0,27.0,836.0,570.0,632.0,115.0,1618.0,263.0,158.5,433.0,1751.0,77.0,224.0,335.0,102.0,942.0,140.0,541.0,938.0,376.0,220.0,177.0,383.0,554.0,308.0,244.0,401.0,74.0,375.0,219.0,362.0,107705
2019110100,151.0,1463.0,161.0,1867.0,1996.0,442.0,0.0,144.0,66.0,2076.0,331.0,756.0,248.0,1141.0,967.0,540.0,1771.0,25.0,142.0,153.0,231.0,4408.0,700.0,290.0,84.0,181.0,3235.0,399.0,656.0,854.0,135.5,520.0,65.0,258.0,328.0,560.0,579.0,2421.0,198.0,523.5,2757.0,124.0,5536.0,408.0,0.0,505.0,144.0,613.0,1128.0,209.0,105.0,202.0,107.0,98.0,593.0,746.0,341.0,234.0,78.0,152.0,300.0,382.0,142.0,124.0,228.0,5703.0,519.0,540.0,263.0,224.0,440.0,1675.0,575.0,128.0,71.0,83.0,794.0,165.0,255.0,4607.0,1559.0,276.0,80.0,136.0,1719.0,193.0,111.0,1380.0,725.0,69.0,65.0,656.0,109.0,41.0,831.0,126.0,64.0,184.0,206.0,1579.0,612.0,166.0,718.0,28.0,40.0,55.0,180.0,144.0,656.0,462.0,491.0,109.0,4137.0,103.5,41.0,426.0,284.0,442.0,1298.0,2060.0,43.0,4594.0,528.0,487.0,1968.0,1716.0,280.0,44.0,64.0,898.0,201.0,270.0,375.0,639.0,86.0,93.0,791.0,114.0,291.5,174.0,54.0,44.0,890.0,612.0,745.0,114.0,1969.0,373.0,136.0,433.0,2027.0,91.0,239.0,871.0,109.0,1166.0,168.0,523.0,1012.0,389.0,354.0,93.0,408.0,561.0,386.0,235.0,329.0,101.0,445.0,219.0,497.0,117061
2019120100,139.0,1221.0,56.0,1657.0,1444.0,345.0,0.0,153.0,68.0,2236.0,352.0,985.0,231.0,1057.0,935.0,414.0,2150.0,25.0,176.0,156.0,208.0,3420.0,748.0,342.0,104.0,162.0,2224.0,348.0,539.0,705.0,126.5,431.0,48.0,325.0,867.0,303.0,553.0,2095.0,211.0,514.0,2093.0,109.0,4196.0,347.0,907.0,568.0,144.0,607.0,964.0,192.0,110.0,157.0,149.0,93.0,500.0,670.0,366.0,277.0,72.0,118.0,239.0,399.0,76.0,144.0,225.0,3667.0,544.0,829.0,221.0,193.0,512.0,1366.0,705.0,140.0,104.0,129.0,961.0,183.0,261.0,3057.0,1353.0,205.0,91.0,125.0,2615.0,170.0,103.0,1401.0,994.0,48.0,55.0,559.0,104.0,56.0,763.0,122.0,83.0,217.0,198.0,1553.0,484.0,157.0,568.0,26.0,23.0,55.0,150.0,138.0,628.0,456.0,585.0,129.0,3143.0,82.5,45.0,437.0,306.0,512.0,829.0,2133.0,56.0,3369.0,470.0,493.0,2224.0,1766.0,335.0,25.0,34.0,912.0,183.0,296.0,336.0,723.0,96.0,114.0,713.0,120.0,539.5,217.0,45.0,25.0,948.0,630.0,622.0,115.0,1660.0,381.0,128.0,438.0,1767.0,71.0,300.0,401.0,119.0,1032.0,224.0,495.0,1625.0,351.0,296.0,184.0,390.0,577.0,399.0,295.0,310.0,132.0,450.0,269.0,424.0,107394
2020010100,157.0,2294.0,56.0,2200.0,1643.0,406.0,0.0,161.0,156.0,1668.0,317.0,792.0,216.0,1334.0,1126.0,510.0,1799.0,32.0,289.0,217.0,216.0,4160.0,727.0,440.0,88.0,201.0,2754.0,440.0,853.5,877.0,177.5,484.0,62.0,344.0,207.0,461.0,706.0,2647.0,203.0,615.5,3090.0,107.0,5015.0,458.0,1125.0,540.0,162.0,626.0,1309.0,171.0,109.0,186.0,96.0,117.0,647.0,736.0,364.0,200.0,107.0,106.0,312.0,538.0,50.0,145.0,201.0,4224.0,646.0,670.0,277.0,208.0,425.0,1524.0,711.0,162.0,101.0,112.0,940.0,145.5,261.0,3754.0,1573.0,179.0,70.0,188.0,2432.0,184.0,109.0,1668.0,942.0,53.0,63.0,621.0,109.0,76.0,790.0,132.0,55.0,251.0,234.0,1753.0,622.0,156.0,865.0,47.0,37.0,80.0,184.0,123.0,731.0,600.0,590.0,112.0,4045.0,118.5,44.0,464.0,326.0,618.0,978.0,2634.0,53.0,4302.0,448.0,720.0,2431.0,2313.0,411.0,25.0,33.0,1056.0,213.0,286.0,333.0,697.0,93.0,84.0,860.0,120.0,337.0,188.0,64.0,25.0,1031.0,735.0,743.0,112.0,2106.0,566.0,137.0,449.0,1901.0,80.0,97.0,363.0,128.0,1236.0,249.0,606.0,1344.0,524.0,354.0,49.0,434.0,598.0,412.0,224.0,391.0,112.0,536.0,224.0,518.0,122121
2020020100,153.0,1274.0,70.0,1604.0,958.0,344.0,0.0,142.0,73.0,1570.0,236.0,647.0,194.0,963.0,1024.0,434.0,1539.0,33.0,126.0,203.0,172.0,3133.0,581.0,219.0,87.0,148.0,1779.0,348.0,396.5,739.0,149.5,398.0,54.0,230.0,1247.0,311.0,500.0,1614.0,119.0,445.5,2388.0,84.0,4352.0,305.0,213.0,473.0,103.0,462.0,912.0,215.0,74.0,130.0,100.0,106.0,572.0,531.0,288.0,95.0,48.0,81.0,260.0,323.0,38.0,112.0,174.0,3375.0,620.0,623.0,281.0,232.0,503.0,1329.0,512.0,148.0,76.0,93.0,744.0,144.5,226.0,3446.0,1008.0,136.0,88.0,161.0,1739.0,132.0,81.0,1055.0,640.0,47.0,55.0,570.0,122.0,45.0,588.0,114.0,49.0,174.0,186.0,1528.0,408.0,103.0,435.0,41.0,25.0,56.0,162.0,138.0,708.0,413.0,355.0,97.0,3028.0,93.5,45.0,477.0,222.0,366.0,730.0,2618.0,56.0,3495.0,420.0,525.0,2199.0,3688.0,291.0,40.0,46.0,727.0,146.0,246.0,299.0,458.0,70.0,79.0,697.0,121.0,196.0,188.0,56.0,40.0,1040.0,492.0,645.0,81.0,1643.0,237.0,127.5,338.0,1499.0,65.0,108.0,357.0,100.0,1038.0,266.0,500.0,858.0,296.0,245.0,48.0,363.0,485.0,273.0,251.0,300.0,78.0,350.0,193.0,294.0,96922
2020030100,207.0,1647.0,51.0,2094.0,1405.0,366.0,0.0,165.0,64.0,1649.0,319.0,657.0,246.0,1190.0,908.0,517.0,1684.0,30.0,113.0,236.0,207.0,4704.0,592.0,385.0,52.0,166.0,2269.0,344.0,610.5,780.0,143.0,453.0,61.0,239.0,355.0,306.0,510.0,2333.0,158.0,478.0,3606.0,104.0,7765.0,474.0,127.0,509.0,100.0,460.0,806.0,189.0,93.0,170.0,119.0,117.0,627.0,726.0,326.0,72.0,47.0,71.0,249.0,364.0,50.0,128.0,162.0,3975.0,636.0,687.0,213.0,222.0,450.0,1250.0,684.0,144.0,94.0,113.0,906.0,147.5,253.0,4935.0,1431.0,259.0,80.0,163.0,1714.0,132.0,113.0,1095.0,570.0,54.0,47.0,652.0,80.0,48.0,620.0,125.0,57.0,188.0,229.0,1738.0,391.0,110.0,601.0,36.0,24.0,79.0,169.0,166.0,589.0,561.0,531.0,95.0,5067.0,126.0,37.0,334.0,251.0,479.0,720.0,3075.0,55.0,4309.0,675.0,503.0,1883.0,3725.0,284.0,28.0,33.0,743.0,174.0,285.0,316.0,489.0,63.0,92.0,1140.0,128.0,269.5,202.0,66.0,28.0,751.0,725.0,826.0,140.0,2255.0,393.0,153.0,651.0,1258.0,68.0,59.0,388.0,78.0,1547.0,243.0,446.0,913.0,312.0,288.0,61.0,374.0,453.0,352.0,213.0,413.0,90.0,454.0,259.0,438.0,116367
2020040100,162.0,1287.0,43.0,2418.0,1301.0,303.0,0.0,153.0,48.0,1610.0,313.0,644.0,218.0,1143.0,744.0,486.0,1713.0,27.0,1371.0,233.0,237.0,4093.0,597.0,333.0,80.0,185.0,1884.0,397.0,601.5,875.0,167.5,440.0,50.0,212.0,167.0,366.0,499.0,2392.0,180.0,533.0,3394.0,88.0,6378.0,449.0,101.0,557.0,132.0,558.0,1114.0,216.0,465.0,265.0,153.0,121.0,568.0,702.0,336.0,62.0,70.0,63.0,559.0,593.0,34.0,135.0,192.0,3903.0,1033.0,618.0,260.0,234.0,416.0,1248.0,663.0,140.0,115.0,113.0,958.0,154.5,273.0,4124.0,1369.0,169.0,72.0,141.0,2362.0,137.0,108.0,1048.0,646.0,54.0,59.0,592.0,114.0,51.0,702.5,120.0,71.0,194.0,250.0,1485.0,365.0,117.0,549.0,32.0,27.0,59.0,186.0,110.0,584.0,473.0,460.0,83.0,4043.0,123.0,65.0,374.0,245.0,544.0,1126.0,2945.0,37.0,3951.0,540.0,659.0,2020.0,3241.0,353.0,24.0,85.0,769.0,228.0,392.0,416.0,542.0,63.0,86.0,1057.0,146.0,255.5,212.0,77.0,24.0,709.0,766.0,710.0,131.0,2237.0,320.0,150.5,417.0,1594.0,73.0,87.0,354.0,139.0,1255.0,249.0,547.0,1064.0,398.0,246.0,46.0,426.0,561.0,292.0,224.0,398.0,131.0,417.0,208.0,370.0,114727
2020050100,163.0,1606.0,67.0,2255.0,1374.0,420.0,1805.0,177.0,52.0,1969.0,303.0,754.0,199.0,1160.0,823.0,452.0,2026.0,25.0,177.0,202.0,203.0,4596.0,585.0,499.0,73.0,167.0,2083.0,504.0,659.0,942.0,207.5,601.0,43.0,303.0,385.0,375.0,643.0,2680.0,209.0,545.0,3599.0,108.0,6150.0,435.0,115.0,614.0,154.0,653.0,1018.0,196.0,110.0,162.0,127.0,125.0,650.0,803.0,401.0,108.0,72.0,113.0,439.0,506.0,48.0,157.0,264.0,3789.0,628.0,687.0,246.0,253.0,465.0,1417.0,766.0,190.0,88.0,122.0,1057.0,234.0,291.0,4515.0,1164.0,130.0,83.0,154.0,1728.0,177.0,131.0,1307.0,754.0,61.0,56.0,709.0,133.0,68.0,1028.5,175.0,60.0,207.0,217.0,1667.0,522.0,136.0,749.0,43.0,36.0,60.0,201.0,171.0,591.0,674.0,577.0,120.0,4863.0,155.5,76.0,371.0,317.0,478.0,1009.0,2660.0,53.0,3913.0,479.0,519.0,2469.0,4843.0,344.0,24.0,66.0,1006.0,249.0,428.0,371.0,626.0,71.0,106.0,1083.0,149.0,288.5,188.0,80.0,24.0,809.0,707.0,883.0,154.0,2294.0,398.0,239.5,810.0,2005.0,59.0,120.0,438.0,119.0,1312.0,279.0,665.0,1224.0,327.0,447.0,65.0,560.0,539.0,402.0,458.0,619.0,97.0,504.0,288.0,502.0,126090
2020060100,161.0,1460.0,47.0,1730.0,1135.0,372.0,69.0,157.0,99.0,2434.0,293.0,656.0,217.0,1183.0,684.0,414.0,1663.0,20.0,145.0,162.0,217.0,3014.0,526.0,396.0,104.0,202.0,1619.0,358.0,818.5,971.0,208.0,518.0,59.0,260.0,213.0,418.0,639.0,2015.0,196.0,472.5,2474.0,124.0,6533.0,470.0,91.0,567.0,174.0,734.0,806.0,207.0,117.0,179.0,169.0,140.0,757.0,610.0,335.0,112.0,84.0,97.0,290.0,444.0,38.0,200.0,235.0,2841.0,533.0,616.0,163.0,842.0,379.0,1394.0,557.0,179.0,83.0,161.0,1088.0,170.0,268.0,2959.0,969.0,193.0,88.0,173.0,1576.0,204.0,154.0,1566.0,632.0,53.0,78.0,590.0,120.0,67.0,770.5,183.0,77.0,152.5,242.0,1340.0,618.0,115.0,891.0,43.0,23.0,70.0,229.0,145.0,637.0,504.0,533.0,103.0,3394.0,165.0,51.0,404.0,317.0,400.0,881.0,2088.0,38.0,2930.0,408.0,395.0,2378.0,2847.0,372.0,40.0,52.0,815.0,278.0,360.0,390.0,595.0,99.0,97.0,1203.0,130.0,314.0,233.0,88.0,40.0,642.0,546.0,757.0,113.0,2601.0,492.0,165.5,337.0,1708.0,62.0,130.0,415.0,147.0,1143.0,232.0,444.0,1233.0,443.0,302.0,47.0,637.0,485.0,513.0,214.0,456.0,119.0,441.0,290.0,570.0,108447
2020070100,162.0,890.0,55.0,2136.0,913.0,325.0,80.0,159.0,71.0,1799.0,205.0,574.0,148.0,424.0,1343.0,336.0,1443.0,36.0,146.0,85.0,145.0,2306.0,341.0,205.0,116.0,180.0,705.0,278.0,188.0,613.0,182.0,369.0,53.0,244.0,155.0,343.0,255.0,906.0,138.0,306.0,1149.0,103.0,4857.0,420.0,93.0,333.0,144.0,679.0,986.0,195.0,93.0,161.0,1004.0,112.0,397.0,376.0,248.0,122.0,59.0,78.0,271.0,444.0,48.0,232.0,163.0,1617.0,488.0,441.0,139.0,209.0,346.0,963.0,334.0,117.0,56.0,121.0,884.0,122.5,214.0,1909.0,593.0,124.0,72.0,126.0,1663.0,165.0,139.0,696.0,641.0,60.0,72.0,333.0,119.0,66.0,704.0,166.0,72.0,86.5,193.0,784.0,226.0,90.0,278.0,36.0,37.0,70.0,197.0,108.0,654.0,277.0,329.0,114.0,990.0,95.5,42.0,278.0,164.0,283.0,769.0,1520.0,36.0,1436.0,411.0,349.0,2563.0,2122.0,222.0,36.0,41.0,796.0,212.0,340.0,315.0,543.0,92.0,112.0,535.0,66.0,136.0,189.0,77.0,36.0,694.0,342.0,425.0,150.0,1347.0,172.0,138.5,294.0,1205.0,65.0,138.0,313.0,128.0,450.0,128.0,377.0,489.0,165.0,187.0,55.0,398.0,544.0,189.0,191.0,333.0,94.0,172.0,190.0,211.0,75762
2020080100,144.0,1879.0,64.0,1827.0,778.0,382.0,71.0,149.0,68.0,1872.0,277.0,727.0,195.0,1098.0,801.0,370.0,1834.0,33.0,111.0,95.0,136.0,3253.0,447.0,231.0,118.0,156.0,2122.0,281.0,258.5,721.0,143.0,399.0,45.0,187.0,474.0,345.0,374.0,1826.0,166.0,412.5,1888.0,75.0,5351.0,390.0,116.0,369.0,126.0,532.0,937.0,151.0,112.0,134.0,141.0,100.0,659.0,517.0,307.0,92.0,73.0,92.0,254.0,396.0,35.0,135.0,183.0,3815.0,448.0,568.0,177.0,200.0,276.0,1107.0,450.0,108.0,52.0,88.0,1139.0,103.5,239.0,2786.0,776.0,167.0,56.0,156.0,1715.0,131.0,128.0,979.0,751.0,50.0,66.0,558.0,164.0,59.0,573.5,184.0,66.0,83.0,179.0,1069.0,251.0,113.0,313.0,77.0,36.0,56.0,165.0,91.0,628.0,404.0,387.0,84.0,2712.0,131.5,40.0,324.0,229.0,391.0,856.0,2187.0,43.0,3894.0,442.0,426.0,2289.0,2235.0,329.0,42.0,50.0,879.0,216.0,331.0,317.0,522.0,95.0,96.0,681.0,88.0,153.5,218.0,69.0,42.0,776.0,492.0,563.0,118.0,2217.0,187.0,169.5,330.0,1174.0,61.0,73.0,406.0,102.0,781.0,204.0,501.0,629.0,234.0,210.0,46.0,356.0,486.0,257.0,294.0,347.0,78.0,212.0,152.0,283.0,95022
2020090100,189.0,1824.0,115.0,1913.0,1906.0,336.0,94.0,162.0,78.0,2689.0,383.0,867.0,262.0,1520.0,795.0,454.0,2200.0,16.0,170.0,119.0,189.0,3731.0,539.0,321.0,64.0,186.0,2977.0,481.0,508.0,968.0,192.5,485.0,58.0,206.0,465.0,432.0,633.0,2018.0,179.0,512.0,2499.0,122.0,5586.0,442.0,111.0,441.0,152.0,712.0,933.0,176.0,116.0,270.0,188.0,109.0,635.0,670.0,362.0,118.0,91.0,125.0,247.0,416.0,34.0,136.0,252.0,4976.0,452.0,664.0,193.0,293.0,293.0,1605.0,650.0,115.0,67.0,129.0,1328.0,154.0,267.0,3227.0,1237.0,279.0,91.0,223.0,1708.0,212.0,128.0,1603.0,637.0,57.0,54.0,575.0,108.0,70.0,573.0,141.0,75.0,131.5,208.0,1580.0,478.0,165.0,565.0,60.0,34.0,68.0,240.0,160.0,521.0,627.0,474.0,84.0,3753.0,156.5,45.0,460.0,230.0,422.0,960.0,2220.0,21.0,5129.0,554.0,488.0,1856.0,2049.0,410.0,33.0,48.0,876.0,259.0,281.0,368.0,679.0,95.0,383.0,1088.0,118.0,259.5,229.0,86.0,33.0,603.0,771.0,747.0,169.0,3293.0,332.0,168.5,482.0,1588.0,49.0,121.0,418.0,79.0,1238.0,317.0,559.0,999.0,333.0,259.0,75.0,3305.0,533.0,441.0,207.0,423.0,82.0,360.0,256.0,500.0,118744
2020100100,167.0,1474.0,108.0,1836.0,1424.0,306.0,63.0,158.0,56.0,2119.0,358.0,694.0,191.0,1135.0,750.0,398.0,1792.0,15.0,131.0,111.0,180.0,4015.0,736.0,329.0,80.0,149.0,2646.0,392.0,597.0,820.0,169.5,397.0,49.0,213.0,164.0,395.0,488.0,1924.0,156.0,445.0,2373.0,104.0,5700.0,394.0,117.0,513.0,136.0,592.0,970.0,140.0,88.0,157.0,128.0,103.0,555.0,580.0,306.0,97.0,98.0,88.0,420.0,383.0,29.0,125.0,237.0,4688.0,707.0,696.0,264.0,260.0,361.0,1227.0,554.0,107.0,85.0,100.0,1110.0,147.5,246.0,3256.0,1178.0,230.0,78.0,175.0,1552.0,140.0,91.0,1321.0,584.0,37.0,68.0,594.0,145.0,72.0,543.5,167.0,72.0,134.0,194.0,1584.0,377.0,117.0,726.0,38.0,38.0,75.0,229.0,114.0,496.0,457.0,398.0,78.0,3310.0,186.0,40.0,354.0,195.0,613.0,777.0,2033.0,33.0,3991.0,431.0,515.0,2091.0,2160.0,332.0,22.0,68.0,845.0,217.0,234.0,406.0,569.0,71.0,343.0,1051.0,104.0,233.0,239.0,92.0,22.0,628.0,665.0,643.0,138.0,3285.0,360.0,153.5,513.0,1413.0,43.0,112.0,337.0,111.0,1021.0,209.0,527.0,987.0,309.0,257.0,49.0,5094.0,454.0,471.0,191.0,380.0,70.0,310.0,229.0,373.0,111515
2020110100,179.0,1531.0,61.0,1826.0,2342.0,350.0,75.0,141.0,45.0,2402.0,460.0,613.0,209.0,1315.0,1112.0,384.0,1882.0,20.0,112.0,193.0,224.0,4707.0,588.0,359.0,90.0,158.0,3534.0,353.0,689.5,935.0,210.0,438.0,38.0,236.0,225.0,434.0,948.0,1982.0,166.0,489.5,3522.0,84.0,9106.0,408.0,243.0,498.0,129.0,736.0,1067.0,127.0,95.0,211.0,168.0,118.0,598.0,616.0,383.0,93.0,83.0,95.0,300.0,609.0,36.0,118.0,217.0,5896.0,937.0,581.0,214.0,281.0,415.0,1430.0,640.0,172.0,121.0,144.0,1041.0,139.0,255.0,4179.0,1433.0,307.0,67.0,158.0,2048.0,182.0,126.0,1441.0,791.0,38.0,60.0,619.0,235.0,61.0,789.5,160.0,65.0,117.0,184.0,2842.0,393.0,165.0,764.0,56.0,27.0,70.0,223.0,117.0,533.0,598.0,413.0,77.0,3945.0,184.0,45.0,368.0,326.0,552.0,789.0,2437.0,26.0,6124.0,554.0,607.0,2208.0,2429.0,353.0,29.0,43.0,952.0,205.0,303.0,481.0,524.0,67.0,201.0,1083.0,112.0,261.5,194.0,74.0,29.0,701.0,630.0,748.0,111.0,4049.0,498.0,195.0,544.0,1349.0,66.0,124.0,417.0,126.0,1343.0,211.0,705.0,1333.0,510.0,293.0,58.0,1164.0,517.0,501.0,233.0,391.0,71.0,372.0,237.0,642.0,130069
2020120100,150.0,1166.0,65.0,1980.0,1422.0,304.0,68.0,121.0,65.0,2063.0,315.0,509.0,179.0,984.0,702.0,426.0,1701.0,11.0,146.0,127.0,170.0,3444.0,545.0,306.0,63.0,151.0,1932.0,341.0,546.0,783.0,177.0,408.0,35.0,217.0,308.0,453.0,484.0,1414.0,141.0,495.0,2310.0,112.0,4095.0,526.0,83.0,440.0,111.0,529.0,1001.0,162.0,109.0,152.0,152.0,98.0,489.0,559.0,316.0,184.0,85.0,93.0,239.0,407.0,31.0,133.0,219.0,3729.0,447.0,549.0,185.0,212.0,388.0,1085.0,577.0,135.0,108.0,95.0,967.0,142.5,224.0,3020.0,1154.0,179.0,69.0,163.0,1825.0,143.0,127.0,1223.0,927.0,48.0,95.0,586.0,113.0,42.0,623.5,161.0,74.0,104.0,179.0,1642.0,329.0,126.0,601.0,52.0,27.0,82.0,190.0,143.0,496.0,420.0,404.0,71.0,2860.0,158.0,48.0,372.0,242.0,490.0,685.0,1920.0,33.0,3359.0,394.0,659.0,2105.0,2675.0,396.0,34.0,41.0,735.0,159.0,298.0,402.0,536.0,69.0,146.0,855.0,95.0,221.0,175.0,69.0,34.0,697.0,614.0,672.0,166.0,2566.0,418.0,180.5,569.0,1326.0,52.0,97.0,447.0,110.0,979.0,251.0,534.0,1011.0,356.0,238.0,68.0,734.0,437.0,492.0,221.0,362.0,71.0,368.0,226.0,374.0,99417
2021010100,190.0,1433.0,77.0,1901.0,1681.0,425.0,73.0,136.0,66.0,2317.0,540.0,618.0,187.0,1423.0,1175.0,476.0,1834.0,17.0,212.0,170.0,206.0,4815.0,649.0,413.0,55.0,165.0,2859.0,391.0,889.0,1043.0,224.5,584.0,49.0,239.0,190.0,378.0,600.0,2077.0,194.0,569.5,3334.0,99.0,8252.0,484.0,101.0,602.0,146.0,616.0,1239.0,189.0,157.0,271.0,152.0,104.0,562.0,696.0,297.0,105.0,67.0,108.0,259.0,406.0,24.0,125.0,207.0,5012.0,582.0,603.0,185.0,279.0,411.0,1316.0,755.0,134.0,77.0,116.0,1138.0,164.5,235.0,3769.0,1859.0,231.0,87.0,166.0,2378.0,160.0,122.0,1519.0,804.0,55.0,91.0,681.0,124.0,86.0,705.5,169.0,59.0,160.0,249.0,2366.0,462.0,158.0,823.0,53.0,26.0,81.0,298.0,134.0,616.0,598.0,548.0,87.0,4330.0,153.0,48.0,421.0,261.0,574.0,782.0,2607.0,30.0,5021.0,483.0,726.0,2449.0,3540.0,337.0,38.0,52.0,1084.0,213.0,351.0,371.0,656.0,72.0,142.0,1042.0,97.0,275.0,193.0,80.0,38.0,660.0,713.0,811.0,139.0,3725.0,557.0,245.5,626.0,1760.0,48.0,116.0,285.0,100.0,1357.0,235.0,486.0,1280.0,446.0,327.0,64.0,604.0,672.0,540.0,315.0,469.0,78.0,413.0,280.0,481.0,128598
2021020100,187.0,1212.0,95.0,1899.0,1368.0,393.0,88.0,182.0,67.0,1910.0,352.0,602.0,153.0,1152.0,1073.0,527.0,1569.0,28.0,136.0,154.0,248.0,4617.0,563.0,276.0,88.0,215.0,2155.0,417.0,439.5,859.0,237.5,578.0,65.0,325.0,140.0,366.0,601.0,1797.0,255.0,468.0,2602.0,124.0,5149.0,389.0,115.0,563.0,205.0,597.0,909.0,203.0,161.0,283.0,130.0,151.0,613.0,623.0,405.0,122.0,96.0,122.0,316.0,399.0,60.0,184.0,296.0,3883.0,616.0,719.0,209.0,208.0,478.0,1222.0,650.0,166.0,99.0,164.0,1068.0,191.0,290.0,3736.0,1308.0,194.0,113.0,211.0,1671.0,195.0,120.0,1126.0,689.0,61.0,97.0,590.0,162.0,72.0,613.0,171.0,73.0,137.0,278.0,1553.0,320.0,148.0,590.0,37.0,30.0,138.0,275.0,134.0,755.0,603.0,474.0,131.0,3617.0,158.0,99.0,466.0,279.0,586.0,930.0,2596.0,34.0,3891.0,473.0,602.0,2212.0,2558.0,306.0,57.0,32.0,858.0,261.0,346.0,398.0,689.0,110.0,94.0,894.0,104.0,352.0,235.0,84.0,57.0,653.0,689.0,745.0,157.0,3197.0,396.0,159.5,571.0,1501.0,67.0,184.0,381.0,161.0,1431.0,230.0,461.0,756.0,311.0,314.0,83.0,616.0,491.0,368.0,266.0,452.0,96.0,368.0,279.0,436.0,111452
2021030100,180.0,1342.0,69.0,1695.0,1409.0,364.0,78.0,167.0,66.0,1807.0,383.0,659.0,165.0,1290.0,969.0,496.0,1802.0,20.0,119.0,157.0,239.0,4042.0,558.0,300.0,85.0,185.0,2489.0,425.0,577.5,952.0,228.0,593.0,47.0,238.0,206.0,384.0,582.0,1695.0,205.0,552.0,3105.0,103.0,5625.0,345.0,122.0,609.0,168.0,606.0,1144.0,181.0,116.0,198.0,129.0,138.0,738.0,611.0,366.0,100.0,68.0,113.0,365.0,597.0,46.0,123.0,230.0,4561.0,635.0,655.0,226.0,289.0,468.0,1421.0,622.0,175.0,103.0,129.0,1045.0,176.5,287.0,4228.0,1398.0,226.0,95.0,186.0,1718.0,179.0,95.0,1237.0,796.0,74.0,89.0,568.0,127.0,58.0,602.0,158.0,59.0,106.0,251.0,1749.0,327.0,177.0,658.0,65.0,29.0,103.0,164.0,166.0,615.0,635.0,475.0,116.0,3947.0,181.5,79.0,431.0,271.0,557.0,795.0,2477.0,28.0,3687.0,422.0,576.0,2186.0,2762.0,309.0,21.0,50.0,865.0,228.0,363.0,405.0,552.0,81.0,137.0,823.0,91.0,272.0,424.0,101.0,21.0,684.0,716.0,688.0,166.0,2823.0,486.0,167.5,535.0,1522.0,45.0,128.0,313.0,107.0,1365.0,211.0,518.0,850.0,358.0,262.0,75.0,672.0,435.0,368.0,270.0,546.0,95.0,350.0,268.0,336.0,113473
2021040100,193.0,1112.0,67.0,1765.0,1298.0,285.0,87.0,120.0,47.0,1837.0,288.0,584.0,174.0,1019.0,973.0,436.0,1655.0,16.0,113.0,161.0,227.0,3530.0,501.0,248.0,96.0,142.0,1763.0,370.0,518.5,783.0,166.5,423.0,40.0,234.0,1097.0,293.0,489.0,1528.0,138.0,411.0,2705.0,75.0,4365.0,298.0,82.0,497.0,114.0,610.0,953.0,145.0,98.0,153.0,127.0,107.0,471.0,520.0,275.0,79.0,68.0,100.0,269.0,378.0,27.0,119.0,217.0,3145.0,424.0,538.0,154.0,204.0,358.0,1397.0,536.0,166.0,64.0,98.0,880.0,145.0,212.0,3640.0,1140.0,101.0,83.0,170.0,1702.0,193.0,115.0,1038.0,718.0,55.0,91.0,522.0,110.0,53.0,726.5,184.0,52.0,118.5,209.0,1408.0,260.0,113.0,568.0,36.0,25.0,65.0,169.0,135.0,617.0,421.0,381.0,88.0,4341.0,132.5,49.0,373.0,225.0,451.0,953.0,2651.0,41.0,3121.0,508.0,623.0,1922.0,2787.0,276.0,36.0,51.0,837.0,191.0,276.0,346.0,562.0,72.0,119.0,645.0,94.0,240.5,206.0,75.0,36.0,669.0,520.0,592.0,164.0,2320.0,302.0,168.5,438.0,1378.0,57.0,118.0,320.0,113.0,1370.0,223.0,523.0,828.0,308.0,236.0,60.0,491.0,430.0,329.0,213.0,488.0,99.0,291.0,208.0,330.0,100198
2021050100,211.0,999.0,56.0,1501.0,949.0,330.0,79.0,147.0,78.0,1425.0,270.0,649.0,180.0,967.0,1255.0,380.0,1906.0,20.0,105.0,151.0,174.0,2897.0,469.0,303.0,65.0,141.0,1649.0,365.0,584.0,757.0,204.5,450.0,39.0,268.0,683.0,270.0,471.0,1645.0,162.0,479.0,2789.0,75.0,3999.0,384.0,83.0,490.0,135.0,561.0,959.0,136.0,102.0,120.0,139.0,80.0,519.0,522.0,321.0,75.0,93.0,100.0,266.0,453.0,20.0,98.0,179.0,2507.0,341.0,587.0,147.0,200.0,350.0,1105.0,472.0,113.0,98.0,148.0,787.0,142.0,218.0,3493.0,980.0,112.0,91.0,189.0,1606.0,155.0,117.0,1046.0,662.0,48.0,118.0,557.0,140.0,74.0,682.5,183.0,60.0,127.5,193.0,1082.0,322.0,118.0,676.0,37.0,31.0,82.0,158.0,102.0,532.0,438.0,659.0,69.0,4847.0,137.0,45.0,354.0,246.0,457.0,702.0,2326.0,32.0,2753.0,530.0,498.0,2471.0,2369.0,244.0,23.0,36.0,841.0,179.0,243.0,466.0,474.0,50.0,94.0,715.0,120.0,318.0,134.0,66.0,23.0,691.0,616.0,711.0,154.0,1632.0,323.0,190.0,420.0,1347.0,44.0,106.0,346.0,110.0,1237.0,205.0,462.0,765.0,298.0,204.0,45.0,462.0,403.0,330.0,194.0,422.0,105.0,396.0,203.0,347.0,96035
2021060100,152.0,971.0,27.0,1372.0,858.0,335.0,64.0,118.0,46.0,1621.0,266.0,567.0,154.0,1193.0,578.0,490.0,1339.0,26.0,93.0,196.0,205.0,2435.0,487.0,299.0,77.0,131.0,1600.0,370.0,804.0,773.0,160.5,490.0,45.0,266.0,178.0,324.0,544.0,1360.0,119.0,449.0,3722.0,86.0,3536.0,332.0,59.0,467.0,147.0,517.0,920.0,113.0,77.0,138.0,119.0,87.0,444.0,687.0,329.0,81.0,102.0,88.0,253.0,409.0,30.0,105.0,235.0,2394.0,471.0,474.0,149.0,188.0,335.0,1076.0,519.0,112.0,80.0,86.0,795.0,144.0,285.0,2346.0,1626.0,125.0,88.0,155.0,2011.0,101.0,92.0,1355.0,688.0,50.0,86.0,607.0,70.0,40.0,522.5,133.0,54.0,111.0,193.0,1604.0,371.0,99.0,854.0,37.0,23.0,62.0,146.0,118.0,430.0,499.0,384.0,71.0,3829.0,159.0,33.0,339.0,249.0,439.0,567.0,1363.0,27.0,2610.0,307.0,356.0,2294.0,2001.0,200.0,24.0,24.0,747.0,146.0,230.0,331.0,404.0,38.0,87.0,692.0,99.0,327.5,149.0,62.0,24.0,535.0,661.0,720.0,106.0,1785.0,543.0,161.5,448.0,1343.0,30.0,98.0,269.0,100.0,1758.0,266.0,357.0,845.0,290.0,253.0,45.0,452.0,336.0,340.0,140.0,356.0,79.0,316.0,205.0,449.0,91232
2021070100,101.0,591.0,34.0,1480.0,738.0,309.0,94.0,116.0,36.0,1503.0,178.0,426.0,106.0,410.0,673.0,292.0,1351.0,15.0,101.0,75.0,129.0,1935.0,314.0,95.0,79.0,107.0,609.0,252.0,141.0,369.0,142.0,269.0,39.0,228.0,140.0,214.0,261.0,628.0,136.0,313.0,1376.0,42.0,3382.0,304.0,107.0,360.0,113.0,510.0,998.0,117.0,77.0,99.0,89.0,95.0,268.0,275.0,145.0,72.0,50.0,54.0,173.0,367.0,18.0,65.0,182.0,1294.0,315.0,418.0,115.0,150.0,295.0,778.0,232.0,73.0,75.0,83.0,609.0,96.0,181.0,1622.0,771.0,81.0,54.0,106.0,1820.0,87.0,141.0,478.0,602.0,35.0,64.0,271.0,54.0,40.0,551.0,128.0,32.0,49.5,120.0,796.0,143.0,73.0,180.0,21.0,22.0,50.0,122.0,66.0,468.0,213.0,195.0,62.0,628.0,73.0,58.0,249.0,167.0,279.0,619.0,1408.0,16.0,1469.0,250.0,407.0,2300.0,2176.0,119.0,23.0,22.0,645.0,132.0,199.0,285.0,358.0,45.0,73.0,548.0,52.0,90.5,80.0,61.0,23.0,577.0,334.0,398.0,131.0,1127.0,113.0,130.0,230.0,948.0,21.0,80.0,232.0,89.0,348.0,105.0,272.0,375.0,129.0,111.0,47.0,351.0,338.0,116.0,114.0,354.0,44.0,122.0,134.0,119.0,60551
2021080100,128.0,897.0,55.0,1619.0,746.5,373.0,87.0,156.0,67.0,1673.0,365.0,612.0,126.0,1007.0,746.0,339.0,1579.0,20.0,191.0,113.0,145.0,3141.0,446.0,163.0,90.0,136.0,1988.0,375.0,210.0,508.0,173.5,529.0,54.0,281.0,267.0,240.0,420.0,1153.0,142.0,403.0,2099.0,72.0,4648.0,333.0,82.0,376.0,149.0,439.0,965.0,104.0,95.0,176.0,122.0,85.0,400.0,391.0,249.0,155.0,61.0,92.0,262.0,405.0,50.0,101.0,167.0,4038.0,336.0,562.0,131.0,198.0,373.0,1007.0,430.0,100.0,90.0,109.0,764.0,113.0,221.0,2624.0,1259.0,161.0,76.0,187.0,2391.0,104.0,97.0,752.0,674.0,60.0,93.0,578.0,66.0,33.0,558.5,141.0,39.0,92.0,179.0,1477.0,199.0,74.0,320.0,35.0,26.0,68.0,124.0,101.0,480.0,348.0,265.0,65.0,2209.0,111.0,61.0,368.0,186.0,400.0,884.0,1779.0,30.0,3443.0,382.0,391.0,2045.0,2562.0,173.0,36.0,38.0,858.0,144.0,278.0,321.0,539.0,58.0,100.0,426.0,104.0,147.5,123.0,77.0,36.0,689.0,537.0,731.0,128.0,1613.0,202.0,152.0,1357.0,1422.0,29.0,140.0,298.0,115.0,731.0,192.0,446.0,604.0,156.0,155.0,78.0,619.0,334.0,209.0,326.0,327.0,57.0,198.0,188.0,206.0,89791
2021090100,150.0,1278.0,37.0,1811.0,687.5,385.0,90.0,143.0,61.0,1948.0,354.0,788.0,136.0,1512.0,866.0,433.0,1816.0,15.0,271.0,154.0,216.0,3238.0,512.0,292.0,90.0,176.0,3000.0,321.0,366.5,806.0,169.5,516.0,56.0,287.0,328.0,378.0,538.0,1387.0,172.0,454.0,2228.0,111.0,4209.0,319.0,87.0,382.0,280.0,466.0,1234.0,116.0,136.0,224.0,145.0,118.0,536.0,554.0,346.0,147.0,67.0,72.0,304.0,364.0,28.0,126.0,176.0,4914.0,463.0,698.0,146.0,238.0,402.0,1184.0,562.0,137.0,91.0,148.0,823.0,140.0,258.0,3101.0,2702.0,168.0,89.0,206.0,2179.0,165.0,114.0,1242.0,638.0,57.0,81.0,562.0,68.0,53.0,714.0,156.0,55.0,116.5,189.0,1733.0,393.0,100.0,628.0,29.0,31.0,108.0,187.0,153.0,506.0,506.0,322.0,86.0,2597.0,157.5,47.0,513.0,282.0,504.0,1029.0,1956.0,40.0,4382.0,410.0,444.0,2041.0,2618.0,268.0,33.0,43.0,879.0,193.0,245.0,384.0,499.0,65.0,130.0,668.0,74.0,277.0,165.0,65.0,33.0,711.0,715.0,784.0,162.0,1964.0,336.0,170.0,729.0,1664.0,41.0,125.0,303.0,129.0,1079.0,211.0,372.0,835.0,221.0,241.0,114.0,415.0,413.0,376.0,160.0,327.0,79.0,351.0,281.0,370.0,105126
2021100100,132.0,1051.0,71.0,2199.0,511.5,403.0,90.0,171.0,92.0,1855.0,264.0,673.0,158.0,1184.0,720.0,456.0,1687.0,45.0,153.0,99.0,210.0,3196.0,527.0,273.0,105.0,171.0,2599.0,309.0,383.5,751.0,160.0,693.0,60.0,297.0,248.0,389.0,482.0,1262.0,165.0,444.0,2025.0,88.0,4409.0,543.0,107.0,426.0,141.0,379.5,1008.0,153.0,114.0,165.0,137.0,114.0,414.0,599.0,360.0,150.0,87.0,90.0,260.0,349.0,29.0,127.0,207.0,4320.0,486.0,503.0,139.0,202.0,403.0,1554.0,484.0,119.0,116.0,109.0,796.0,139.5,242.0,2536.0,1578.0,108.0,77.0,171.0,2300.0,129.0,108.0,1144.0,618.0,74.0,92.0,604.0,102.0,71.0,644.5,172.0,62.0,123.5,215.0,1648.0,330.0,105.0,600.0,34.0,22.0,104.0,168.0,132.0,457.0,417.0,320.0,115.0,2392.0,142.5,57.0,404.0,225.0,473.0,677.0,1830.0,46.0,3557.0,415.0,393.0,2245.0,2384.0,239.0,40.0,47.0,734.0,197.0,277.0,1061.0,505.0,65.0,167.0,602.0,108.0,190.5,195.0,58.0,40.0,665.0,591.0,657.0,160.0,2063.0,328.0,178.0,578.0,1654.0,39.0,117.0,303.0,129.0,866.0,188.0,501.0,835.0,243.0,259.0,74.0,472.0,403.0,275.0,179.0,320.0,60.0,262.0,238.0,319.0,98273
2021110100,124.0,1194.0,59.0,1454.0,608.0,372.0,169.0,205.0,81.0,2422.0,437.0,623.0,208.0,1094.0,714.0,406.0,1602.0,22.0,143.0,141.0,233.0,4049.0,596.0,346.0,76.0,268.0,4828.0,309.0,522.0,742.0,232.0,466.0,54.0,269.0,325.0,346.0,389.0,1305.0,194.0,435.0,2426.0,117.0,5662.0,449.0,158.0,533.0,173.0,364.0,920.0,126.0,103.0,196.0,145.0,109.0,445.0,603.0,386.0,97.0,82.0,101.0,235.0,395.0,38.0,136.0,250.0,6096.0,573.0,636.0,182.0,226.0,510.0,1345.0,531.0,110.0,135.0,120.0,730.0,169.5,267.0,3382.0,1855.0,140.0,97.0,215.0,2520.0,128.0,117.0,1094.0,646.0,41.0,87.0,629.0,88.0,63.0,655.5,154.0,85.0,113.5,215.0,2135.0,297.0,156.0,698.0,39.0,23.0,103.0,164.0,144.0,479.0,474.0,350.0,86.0,2807.0,138.0,39.0,406.0,301.0,422.0,741.0,1807.0,41.0,5020.0,356.0,433.0,1906.0,2819.0,260.0,52.0,32.0,787.0,249.0,256.0,382.0,533.0,76.0,203.0,705.0,117.0,258.0,192.0,63.0,52.0,682.0,588.0,730.0,207.0,2438.0,430.0,182.0,687.0,1652.0,41.0,116.0,276.0,135.0,1138.0,205.0,528.0,876.0,234.0,315.0,104.0,450.0,382.0,386.0,220.0,361.0,76.0,334.0,275.0,347.0,110992
2021120100,161.0,883.0,91.0,1883.0,619.5,391.0,128.0,138.0,60.0,1964.0,322.0,522.0,164.0,939.0,686.0,412.0,1719.0,45.0,141.0,148.0,187.0,2588.0,533.0,262.0,116.0,137.0,1902.0,315.0,500.0,668.0,234.0,534.0,47.0,319.0,287.0,351.0,446.0,1209.0,171.0,431.0,2085.0,120.0,4188.0,388.0,89.0,490.0,150.0,412.0,1077.0,166.0,117.0,132.0,138.0,109.0,442.0,630.0,327.0,88.0,83.0,91.0,250.0,371.0,24.0,103.0,210.0,3229.0,495.0,554.0,222.0,211.0,467.0,1064.0,612.0,126.0,510.0,110.0,745.0,143.5,246.0,2684.0,1577.0,147.0,100.0,168.0,1909.0,123.0,86.0,904.0,1007.0,59.0,69.0,553.0,94.0,63.0,614.0,141.0,64.0,104.5,197.0,3094.0,342.0,119.0,579.0,49.0,27.0,76.0,169.0,157.0,468.0,411.0,284.0,112.0,1885.0,120.0,62.0,409.0,253.0,461.0,724.0,1606.0,40.0,2854.0,474.0,532.0,1694.0,3132.0,263.0,28.0,23.0,725.0,303.0,244.0,405.0,527.0,77.0,187.0,628.0,92.0,231.0,147.0,65.0,28.0,1160.0,654.0,744.0,178.0,1737.0,393.0,163.0,559.0,1362.0,43.0,115.0,271.0,152.0,994.0,307.0,594.0,752.0,196.0,266.0,88.0,599.0,432.0,335.0,253.0,356.0,80.0,363.0,176.0,307.0,95667
2022010100,154.0,1221.0,105.0,1548.0,457.5,481.0,91.0,162.0,72.0,2001.0,422.0,823.0,162.0,1499.0,1059.0,443.0,2769.0,39.0,303.0,158.0,279.0,3174.0,742.0,304.0,97.0,181.0,2045.0,436.0,631.5,820.0,165.5,678.0,49.0,394.0,402.0,364.0,641.0,1570.0,195.0,527.5,2660.0,122.0,5421.0,426.0,129.0,633.0,158.0,530.5,1192.0,147.0,98.0,247.0,157.0,132.0,557.0,649.0,440.0,102.0,78.0,117.0,353.0,570.0,26.0,125.0,249.0,3800.0,459.0,750.0,191.0,215.0,517.0,1411.0,769.0,121.0,130.0,172.0,1101.0,203.0,313.0,3352.0,2176.0,180.0,80.0,249.0,2289.0,159.0,112.0,1200.0,787.0,74.0,69.0,693.0,74.0,80.0,706.0,158.0,97.0,121.5,282.0,1993.0,432.0,145.0,722.0,45.0,31.0,79.0,168.0,166.0,583.0,537.0,413.0,121.0,3077.0,192.5,45.0,528.0,316.0,503.0,884.0,2353.0,43.0,3576.0,391.0,627.0,2089.0,3580.0,369.0,31.0,43.0,967.0,289.0,379.0,509.0,683.0,121.0,195.0,733.0,122.0,313.5,178.0,59.0,31.0,870.0,671.0,1052.0,231.0,1958.0,555.0,174.0,619.0,1767.0,36.0,190.0,299.0,146.0,1342.0,354.0,644.0,1007.0,271.0,335.0,81.0,482.0,583.0,384.0,236.0,469.0,79.0,414.0,366.0,468.0,114873
2022020100,145.0,1117.0,93.0,1270.0,415.5,348.0,72.0,138.0,99.0,1555.0,453.0,648.0,152.0,1061.0,791.0,394.0,1469.0,26.0,224.0,117.0,234.0,3556.0,557.0,287.0,92.0,195.0,1286.0,368.0,326.0,689.0,173.0,451.0,54.0,281.0,448.0,349.0,454.0,1220.0,182.0,413.5,1978.0,90.0,5033.0,479.0,134.0,588.0,158.0,405.0,972.0,159.0,102.0,183.0,140.0,137.0,471.0,524.0,339.0,95.0,85.0,887.0,281.0,521.0,20.0,116.0,292.0,2924.0,475.0,540.0,167.0,222.0,458.0,1298.0,567.0,136.0,91.0,135.0,825.0,184.0,288.0,3777.0,1261.0,110.0,91.0,205.0,1763.0,135.0,128.0,748.0,587.0,74.0,70.0,453.0,57.0,50.0,522.0,152.0,52.0,105.0,216.0,1454.0,329.0,120.0,386.0,42.0,22.0,75.0,168.0,188.0,587.0,479.0,336.0,106.0,2364.0,200.5,47.0,512.0,265.0,381.0,689.0,1866.0,41.0,2949.0,387.0,523.0,1891.0,2526.0,251.0,33.0,39.0,781.0,201.0,299.0,379.0,560.0,72.0,156.0,682.0,63.0,229.0,181.0,49.0,33.0,689.0,500.0,842.0,211.0,1519.0,317.0,167.5,385.0,1337.0,34.0,149.0,339.0,142.0,1144.0,233.0,480.0,730.0,181.0,218.0,47.0,471.0,443.0,277.0,281.0,504.0,69.0,311.0,330.0,340.0,94064
2022030100,149.0,1105.0,77.0,1089.0,496.0,402.0,88.0,144.0,94.0,1768.0,525.0,640.0,180.0,1059.0,856.0,468.0,1495.0,31.0,187.0,170.0,201.0,4188.0,606.0,322.0,123.0,158.0,1576.0,375.0,402.5,756.0,180.0,569.0,89.0,347.0,483.0,344.0,461.0,1232.0,157.0,511.5,2389.0,104.0,8753.0,489.0,161.0,655.0,182.0,386.0,1171.0,182.0,107.0,222.0,192.0,155.0,486.0,573.0,356.0,122.0,97.0,176.0,330.0,546.0,30.0,128.0,471.0,3272.0,502.0,601.0,161.0,260.0,490.0,1392.0,519.0,185.0,80.0,156.0,803.0,160.5,323.0,5784.0,1449.0,146.0,90.0,241.0,1880.0,96.0,125.0,791.0,669.0,93.0,109.0,567.0,98.0,53.0,725.0,203.0,78.0,148.5,232.0,1812.0,326.0,110.0,550.0,33.0,21.0,110.0,179.0,186.0,574.0,439.0,300.0,121.0,2622.0,185.0,64.0,391.0,265.0,400.0,925.0,2073.0,30.0,3349.0,325.0,515.0,1911.0,2795.0,257.0,44.0,53.0,915.0,211.0,266.0,476.0,578.0,94.0,110.0,530.0,100.0,217.5,191.0,51.0,44.0,728.0,522.0,830.0,194.0,1623.0,408.0,174.0,385.0,1385.0,38.0,160.0,348.0,162.0,1002.0,261.0,458.0,856.0,191.0,210.0,76.0,534.0,426.0,256.0,219.0,496.0,62.0,353.0,305.0,322.0,106412
2022040100,130.0,935.0,85.0,1855.0,372.0,520.0,122.0,152.0,64.0,1658.0,357.0,602.0,188.0,794.0,745.0,379.0,1394.0,41.0,171.0,136.0,247.0,2467.0,472.0,289.0,129.0,161.0,1127.0,273.0,407.0,637.0,169.0,444.0,58.0,333.0,209.0,270.0,530.0,1006.0,130.0,452.5,1797.0,75.0,5109.0,341.0,127.0,450.0,322.0,348.5,1172.0,175.0,97.0,194.0,141.0,145.0,423.0,541.0,263.0,69.0,74.0,120.0,268.0,445.0,38.0,120.0,250.0,2192.0,493.0,493.0,159.0,272.0,422.0,976.0,369.0,108.0,67.0,137.0,739.0,135.0,278.0,3543.0,1566.0,118.0,99.0,170.0,1582.0,117.0,86.0,617.0,589.0,44.0,79.0,482.0,64.0,48.0,667.5,132.0,59.0,136.5,226.0,1425.0,295.0,107.0,415.0,28.0,26.0,141.0,151.0,110.0,495.0,442.0,297.0,122.0,2773.0,121.5,54.0,399.0,233.0,361.0,1009.0,1672.0,57.0,2277.0,379.0,548.0,2138.0,3613.0,175.0,36.0,70.0,794.0,212.0,222.0,325.0,464.0,74.0,119.0,475.0,84.0,165.5,148.0,59.0,36.0,772.0,441.0,735.0,180.0,1218.0,343.0,171.5,292.0,1398.0,48.0,135.0,369.0,133.0,872.0,241.0,515.0,729.0,184.0,204.0,88.0,348.0,425.0,202.0,319.0,379.0,78.0,284.0,281.0,317.0,88911
2022050100,137.0,764.0,161.0,1335.0,419.5,361.0,88.0,225.0,72.0,1564.0,578.0,602.0,170.0,880.0,745.0,333.0,1381.0,17.0,158.0,208.0,225.0,2456.0,595.0,408.0,95.0,249.0,1444.0,276.0,536.5,714.0,164.5,501.0,48.0,305.0,219.0,328.0,545.0,1190.0,161.0,486.0,2038.0,99.0,4495.0,377.0,131.0,470.0,192.0,339.0,907.0,158.0,84.0,219.0,160.0,133.0,556.0,640.0,295.0,87.0,67.0,109.0,326.0,311.0,70.0,165.0,251.0,2453.0,411.0,568.0,138.0,269.0,416.0,935.0,355.0,195.0,59.0,188.0,669.0,200.5,265.0,4049.0,1184.0,103.0,78.0,125.0,1422.0,148.0,139.0,828.0,655.0,58.0,74.0,553.0,85.0,62.0,543.0,115.0,55.0,117.5,267.0,1091.0,302.0,131.0,605.0,67.0,23.0,74.0,167.0,132.0,531.0,602.0,309.0,177.0,3740.0,141.0,64.0,418.0,279.0,427.0,670.0,1417.0,90.0,2096.0,399.0,420.0,1931.0,2723.0,221.0,42.0,37.0,773.0,209.0,223.0,397.0,541.0,82.0,122.0,595.0,108.0,228.5,132.0,67.0,42.0,783.0,437.0,773.0,158.0,1232.0,439.0,179.0,349.0,2187.0,38.0,138.0,332.0,191.0,1021.0,257.0,538.0,717.0,197.0,274.0,76.0,400.0,360.0,255.0,246.0,342.0,84.0,400.0,263.0,341.0,90855
2022060100,99.0,751.0,150.0,1124.0,449.0,403.0,71.0,215.0,62.0,1279.0,353.0,478.0,173.0,830.0,627.0,406.0,1219.0,25.0,139.0,313.0,225.0,2254.0,506.0,337.0,82.0,217.0,1271.0,274.0,648.0,588.0,155.0,415.0,54.0,306.0,214.0,297.0,525.0,994.0,165.0,444.0,1854.0,96.0,7999.0,352.0,112.0,400.0,165.0,377.0,963.0,169.0,81.0,181.0,168.0,171.0,420.0,540.0,262.0,73.0,85.0,105.0,218.0,310.0,56.0,148.0,217.0,2402.0,395.0,496.0,144.0,225.0,362.0,823.0,332.0,133.0,76.0,156.0,636.0,151.0,265.0,2211.0,1337.0,166.0,69.0,215.0,1232.0,136.0,108.0,757.0,757.0,65.0,59.0,546.0,102.0,64.0,458.0,122.0,73.0,175.0,250.0,1416.0,334.0,90.0,606.0,47.0,31.0,88.0,137.0,92.0,458.0,373.0,313.0,200.0,2789.0,148.0,53.0,384.0,257.0,368.0,739.0,1320.0,99.0,2215.0,244.0,445.0,1853.0,2026.0,169.0,31.0,37.0,654.0,164.0,250.0,374.0,516.0,69.0,117.0,472.0,142.0,224.5,161.0,63.0,31.0,808.0,424.0,597.0,142.0,1117.0,443.0,149.0,351.0,1487.0,44.0,127.0,335.0,158.0,1084.0,304.0,448.0,657.0,186.0,186.0,55.0,351.0,404.0,252.0,172.0,318.0,74.0,354.0,273.0,478.0,85944
2022070100,104.0,727.0,103.0,1182.0,345.0,398.0,95.0,188.0,69.0,1062.0,303.0,466.0,119.0,363.0,705.0,331.0,1086.0,26.0,101.0,114.0,139.0,1595.0,345.0,227.0,83.0,202.0,1176.0,212.0,158.5,478.0,178.5,355.0,41.0,301.0,222.0,221.0,339.0,651.0,131.0,310.0,824.0,63.0,5425.0,389.0,107.0,374.0,96.0,424.5,854.0,202.0,109.0,159.0,128.0,146.0,330.0,330.0,243.0,61.0,72.0,99.0,228.0,365.0,46.0,115.0,183.0,1335.0,362.0,435.0,124.0,223.0,297.0,652.0,299.0,188.0,51.0,144.0,542.0,158.5,235.0,2164.0,560.0,103.0,118.0,138.0,1159.0,126.0,96.0,445.0,496.0,76.0,73.0,382.0,64.0,49.0,403.0,96.0,78.0,123.5,222.0,1206.0,153.0,60.0,219.0,53.0,31.0,59.0,113.0,90.0,474.0,211.0,219.0,117.0,958.0,98.0,75.0,335.0,189.0,305.0,662.0,1470.0,80.0,1199.0,272.0,371.0,1950.0,1864.0,148.0,33.0,48.0,635.0,129.0,211.0,356.0,465.0,78.0,102.0,756.0,65.0,123.5,132.0,80.0,33.0,668.0,293.0,419.0,176.0,1378.0,153.0,189.5,255.0,891.0,37.0,155.0,290.0,129.0,538.0,192.0,379.0,415.0,163.0,148.0,100.0,366.0,312.0,152.0,163.0,343.0,77.0,194.0,217.0,189.0,66396
2022080100,117.0,767.0,72.0,1322.0,348.0,526.0,82.0,135.0,60.0,1093.0,343.0,456.0,132.0,638.0,653.0,341.0,1287.0,33.0,157.0,73.0,147.0,2353.0,529.0,205.0,64.0,144.0,2389.0,208.0,168.0,573.0,281.0,391.0,46.0,212.0,219.0,307.0,295.0,1058.0,157.0,327.5,1202.0,48.0,5028.0,399.0,93.0,415.0,140.0,309.0,1328.0,151.0,127.0,176.0,113.0,127.0,313.0,359.0,198.0,77.0,61.0,75.0,253.0,309.0,34.0,105.0,169.0,3751.0,407.0,429.0,136.0,182.0,347.0,680.0,287.0,88.0,45.0,118.0,599.0,122.0,221.0,2419.0,888.0,126.0,84.0,168.0,1278.0,103.0,68.0,510.0,575.0,68.0,76.0,503.0,117.0,42.0,493.5,84.0,58.0,87.5,212.0,1580.0,193.0,71.0,244.0,50.0,22.0,58.0,127.0,120.0,466.0,308.0,193.0,99.0,1875.0,125.5,63.0,354.0,168.0,410.0,767.0,1749.0,34.0,2927.0,284.0,431.0,1953.0,3101.0,133.0,36.0,49.0,690.0,150.0,223.0,379.0,431.0,100.0,131.0,400.0,64.0,147.5,142.0,42.0,36.0,643.0,394.0,540.0,130.0,967.0,179.0,185.5,233.0,1150.0,49.0,129.0,312.0,106.0,607.0,230.0,390.0,410.0,145.0,141.0,79.0,294.0,364.0,185.0,255.0,260.0,65.0,220.0,214.0,210.0,78333
2022090100,110.0,923.0,53.0,1203.0,516.5,492.0,77.0,154.0,224.0,1308.0,350.0,557.0,155.0,883.0,578.0,386.0,1371.0,17.0,100.0,102.0,162.0,2473.0,451.0,340.0,91.0,173.0,2374.0,298.0,280.5,876.0,179.5,418.0,52.0,240.0,223.0,252.0,392.0,1268.0,144.0,372.5,1342.0,71.0,15861.0,334.0,79.0,379.0,140.0,287.5,883.0,128.0,72.0,189.0,174.0,149.0,409.0,449.0,181.0,64.0,57.0,52.0,181.0,355.0,22.0,95.0,196.0,3853.0,473.0,548.0,137.0,183.0,275.0,795.0,371.0,99.0,47.0,94.0,784.0,129.0,220.0,2671.0,1724.0,178.0,70.0,162.0,1434.0,124.0,148.0,805.0,614.0,64.0,57.0,482.0,115.0,55.0,737.0,105.0,44.0,104.5,166.0,1960.0,243.0,129.0,386.0,42.0,33.0,62.0,185.0,125.0,1290.0,357.0,230.0,136.0,2228.0,126.0,29.0,425.0,169.0,403.0,717.0,2089.0,40.0,3868.0,491.0,430.0,1563.0,2881.0,147.0,30.0,43.0,690.0,219.0,220.0,356.0,686.0,112.0,85.0,536.0,78.0,208.0,169.0,81.0,30.0,678.0,570.0,772.0,138.0,1057.0,234.0,150.0,345.0,1230.0,45.0,80.0,316.0,126.0,636.0,269.0,379.0,528.0,179.0,183.0,125.0,368.0,327.0,233.0,182.0,281.0,75.0,356.0,308.0,339.0,98593
2022100100,126.0,927.0,55.0,47129.0,447.5,428.0,62.0,154.0,68.0,1329.0,334.0,504.0,134.0,706.0,635.0,414.0,1390.0,20.0,164.0,93.0,240.0,2916.0,475.0,305.0,88.0,164.0,2872.0,235.0,406.5,803.0,177.5,376.0,47.0,222.0,167.0,327.0,356.0,1614.0,141.0,367.0,1289.0,70.0,4995.0,388.0,115.0,435.0,160.0,278.5,814.0,148.0,62.0,174.0,122.0,90.0,371.0,491.0,239.0,123.0,54.0,141.0,211.0,368.0,39.0,97.0,186.0,7653.0,673.0,586.0,139.0,194.0,352.0,908.0,339.0,94.0,53.0,116.0,868.0,111.0,234.0,2393.0,2201.0,136.0,69.0,167.0,1585.0,114.0,81.0,689.0,633.0,57.0,71.0,463.0,97.0,54.0,582.5,82.0,68.0,88.5,214.0,2291.0,234.0,148.0,456.0,74.0,42.0,67.0,168.0,84.0,805.0,304.0,227.0,104.0,2009.0,160.0,66.0,398.0,205.0,395.0,660.0,1610.0,33.0,4793.0,234.0,347.0,1533.0,2319.0,175.0,36.0,45.0,642.0,191.0,217.0,309.0,637.0,110.0,151.0,515.0,119.0,175.0,152.0,81.0,36.0,512.0,449.0,845.0,161.0,1159.0,282.0,153.0,268.0,1343.0,39.0,113.0,276.0,126.0,648.0,193.0,376.0,509.0,195.0,234.0,112.0,339.0,323.0,238.0,172.0,237.0,67.0,227.0,263.0,272.0,137515
2022110100,101.0,981.0,67.0,1109.0,425.0,369.0,73.0,144.0,78.0,1188.0,316.0,451.0,187.0,674.0,554.0,500.0,1389.0,23.0,116.0,133.0,203.0,2376.0,525.0,348.0,71.0,138.0,2560.0,246.0,509.5,777.0,178.0,352.0,46.0,261.0,124.0,251.0,333.0,1731.0,166.0,407.0,1527.0,91.0,5034.0,291.0,94.0,410.0,132.0,380.0,821.0,119.0,66.0,211.0,207.0,85.0,302.0,454.0,264.0,74.0,54.0,70.0,277.0,326.0,29.0,96.0,186.0,6695.0,655.0,517.0,133.0,195.0,379.0,879.0,336.0,117.0,52.0,120.0,688.0,116.0,257.0,2334.0,2186.0,186.0,55.0,158.0,1595.0,92.0,159.0,778.0,487.0,54.0,57.0,425.0,106.0,39.0,611.5,109.0,61.0,148.5,209.0,1686.0,194.0,108.0,396.0,54.0,23.0,62.0,127.0,117.0,558.0,237.0,273.0,84.0,1930.0,98.5,35.0,371.0,157.0,323.0,749.0,1504.0,22.0,4740.0,265.0,341.0,1610.0,2531.0,147.0,31.0,49.0,633.0,156.0,184.0,359.0,454.0,195.0,130.0,462.0,86.0,202.0,155.0,182.0,31.0,557.0,409.0,793.0,127.0,1131.0,333.0,146.0,284.0,1214.0,23.0,113.0,364.0,159.0,728.0,265.0,393.0,579.0,163.0,168.0,73.0,371.0,264.0,198.0,206.0,318.0,51.0,309.0,357.0,274.0,88744
2022120100,267.0,775.0,56.0,1065.0,274.0,321.0,100.0,89.0,75.0,994.0,305.0,431.0,136.0,587.0,571.0,267.0,1079.0,17.0,120.0,116.0,185.0,1900.0,497.0,336.0,65.0,135.0,1272.0,231.0,378.0,621.0,184.5,332.0,72.0,284.0,125.0,241.0,285.0,1347.0,126.0,409.5,1516.0,95.0,3789.0,304.0,55.0,364.0,152.0,364.5,713.0,150.0,83.0,119.0,149.0,67.0,278.0,302.0,143.0,75.0,59.0,58.0,208.0,367.0,29.0,76.0,160.0,2257.0,421.0,428.0,273.0,176.0,353.0,725.0,252.0,92.0,61.0,119.0,602.0,88.5,204.0,2132.0,1312.0,111.0,53.0,111.0,1446.0,101.0,105.0,633.0,570.0,57.0,47.0,444.0,58.0,39.0,473.0,109.0,48.0,88.0,149.0,1198.0,196.0,103.0,402.0,45.0,33.0,64.0,219.0,96.0,428.0,283.0,232.0,77.0,1465.0,99.5,31.0,391.0,118.0,325.0,583.0,1279.0,26.0,2271.0,258.0,330.0,1616.0,2523.0,150.0,39.0,32.0,752.0,127.0,191.0,295.0,456.0,84.0,112.0,548.0,71.0,188.0,138.0,67.0,39.0,554.0,421.0,712.0,169.0,914.0,282.0,148.5,231.0,841.0,34.0,75.0,335.0,116.0,551.0,157.0,324.0,511.0,146.0,156.0,68.0,330.0,272.0,192.0,189.0,233.0,47.0,281.0,237.0,240.0,69966
2023010100,2.0,14.0,2.0,29.0,11.0,5.0,9.0,5.0,3.0,29.0,7.0,11.0,6.0,7.0,13.0,8.0,26.0,1.0,2.0,4.0,4.0,74.0,25.0,3.0,3.0,7.0,14.0,9.0,3.0,15.0,8.5,9.0,3.0,7.0,4.0,2.0,4.0,25.0,3.0,12.0,36.0,3.0,106.0,16.0,2.0,4.0,3.0,10.5,29.0,4.0,1.0,1.0,4.0,1.0,10.0,5.0,8.0,3.0,1.0,1.0,16.0,7.0,3.0,1.0,1.0,41.0,17.0,9.0,4.0,3.0,6.0,9.0,10.0,3.0,2.0,6.0,16.0,3.5,3.0,66.0,15.0,3.0,0.0,2.0,41.0,1.0,4.0,17.0,24.0,0.0,3.0,14.0,2.0,2.0,14.0,1.0,3.0,5.0,2.0,19.0,3.0,2.0,5.0,0.0,2.0,1.0,8.0,1.0,10.0,11.0,1.0,3.0,19.0,1.0,0.0,9.0,3.0,8.0,9.0,25.0,0.0,48.0,7.0,13.0,50.0,101.0,2.0,0.0,1.0,18.0,2.0,5.0,9.0,5.0,6.0,3.0,9.0,2.0,3.5,5.0,3.0,0.0,19.0,11.0,13.0,2.0,10.0,6.0,4.5,9.0,23.0,1.0,4.0,4.0,4.0,20.0,8.0,12.0,12.0,2.0,5.0,3.0,8.0,14.0,3.0,8.0,12.0,0.0,7.0,4.0,3.0,1796
