timestamp,Absurdism,Actualism,Aesthetic Realism,Aesthetics,African philosophy,Afrocentrism,Agential realism,Agnostic theism,Agnosticism,American philosophy,Analytic philosophy,Anarchism,Anarchy,Ancient philosophy,Animism,Anomalous monism,Anthropocentrism,Anti-psychiatry,Anti-realism,Antinatalism,Antinomianism,Antireductionism,Applied ethics,Aristotelianism,Asceticism,Atheism,Authoritarianism,Averroism,Avicennism,Baptism,Baptists,Bayesianism,Behaviorism,Bioconservatism,Buddhist philosophy,Capitalism,Cartesianism,Categorical imperative,Charvaka,Chinese philosophy,Christian existentialism,Christian humanism,Christian philosophy,Cognitivism (ethics),Communism,Communitarianism,Compatibilism and incompatibilism,Conceptualism,Confirmation holism,Confucianism,Consequentialism,Conservatism,Constructivist epistemology,Cosmicism,Cosmopolitanism,Critical rationalism,Critical realism (philosophy of perception),Critical theory,Cyberfeminism,Czech philosophy,Danish philosophy,Deconstruction,Deism,Denialism,Deontology,Depressionism,Determinism,Dialectic,Dialectical materialism,Didacticism,Digital physics,Discordianism,Dualistic cosmology,Dvaita,Ecocentrism,Ecumenism,Egocentrism,Egoism,Eliminative materialism,Emotivism,Empiricism,Ephesian school,Epicureanism,Epiphenomenalism,Epistemological nihilism,Epistemology,Essentialism,Eternalism (philosophy of time),Ethics,Eudaimonism,Existentialism,Externalism,Fallibilism,Fascism,Fatalism,Feminist philosophy,Filial piety,Foundationalism,Free will,Fundamentalism,German idealism,German philosophy,Greek philosophy,Hedonism,Hegelianism,Henotheism,Hermeticism,Heterophenomenology,Hindu philosophy,Historical materialism,Hongaku,Humanism,Humanistic naturalism,Idealism,Identityism,Ideological criticism,Ignosticism,Indian logic,Indian philosophy,Individualism,Indonesian philosophy,Induction (philosophy),Inductionism,Informal logic,Innatism,Instrumental rationality,Instrumentalism,Interactionism (philosophy of mind),Internalism and externalism,Intuitionism,Iranian philosophy,Irrealism (philosophy),Islamic ethics,Islamic philosophy,Jainism,Japanese philosophy,Jewish philosophy,Jingoism,Juche,Judeo-Islamic philosophies (800–1400),Just war theory,Kabbalah,Kantianism,Korean philosophy,Leninism,Liberalism,Libertarianism,Libertarianism (metaphysics),Logic,Logic in China,Logical atomism,Logical positivism,Logicism,Luddite,Mahayana Buddhism,Manichaeism,Marxism,Marxist philosophy of nature,Materialism,Mathematicism,Maxim (philosophy),Medical ethics,Medievalism,Mentalism (philosophy),Mereological nihilism,Merism,Meta-ethics,Meta-philosophy,Metaphysics,Milesian school,Mimamsa,Mind-body dualism,Misology,Modern Islamic philosophy,Modernism,Mohism,Monism,Moral absolutism,Moral realism,Moral relativism,Mysticism,Naïve realism,Neoplatonism and Christianity,Philosophy of Arithmetic,Philosophy of Common Sense,Philosophy of archaeology,Philosophy of art,Philosophy of artificial intelligence,Philosophy of biology,Philosophy of color,Philosophy of culture,Philosophy of design,Philosophy of dialogue,Philosophy of education,Philosophy of engineering,Philosophy of film,Philosophy of futility,Philosophy of geography,Philosophy of healthcare,Philosophy of history,Philosophy of information,Philosophy of language,Philosophy of law,Philosophy of linguistics,Philosophy of logic,Philosophy of love,Philosophy of mathematics,Philosophy of mathematics education,Philosophy of mind,Philosophy of motion,Philosophy of music,School of Names,School of Naturalists,The Philosophy of Chance,ViewsTotal
2018010100,518.0,526.5,3683.0,206.0,377.0,695.0,68.5,0.0,0.0,282.0,545.0,0.0,2326.0,143.0,134.0,4983.0,1229.0,148.0,223.0,0.0,0.0,2225.0,514.0,106.0,232.0,89.0,224.0,441.0,4104.0,2996.0,37.0,147.0,1858.0,0.0,172.0,487.0,319.0,220.0,805.0,748.0,49.0,393.0,126.0,325.0,551.0,58.0,78.0,158.0,268.0,1003.0,0.0,406.0,1670.0,5311.0,219.0,138.0,294.5,773.0,231.0,2597.0,289.5,495.0,124.0,148.0,60.0,108.0,199.0,932.0,0.0,315.0,921.0,252.0,0.0,0.0,17.0,136.5,87.0,1981.0,266.0,520.5,224.0,545.0,2124.0,483.0,632.0,882.0,203.5,68.0,43.0,690.0,945.0,510.0,1944.0,2006.0,66.0,196.0,307.0,2870.0,204.0,416.0,214.5,0.0,576.0,1118.0,2120.0,2142.0,387.0,94.0,479.0,125.0,709.0,328.0,143.0,81.0,522.0,35.0,186.0,96.0,40.0,565.0,41.0,55.0,204.0,1296.0,66.0,0.0,0.0,374.0,223.0,282.0,2495.0,589.0,0.0,0.0,291.5,0.0,65.0,1131.0,44.0,159.0,263.0,456.0,490.0,459.0,163.0,222.0,89.0,0.0,0.0,514.5,0.0,709.0,0.0,861.0,747.0,613.0,4002.0,136.0,236.0,237.0,223.0,175.0,478.5,1821.0,121.0,364.0,258.0,138.0,836.0,0.0,88.0,684.0,920.0,1301.0,285.0,141.0,0.0,248.0,328.0,140.0,270.0,1859.0,0.0,1307.0,336.5,850.0,224.0,2134.0,175.0,373.0,355.0,144.0,840.0,959.0,330.0,249.0,873.0,572.0,67.0,991.0,670.0,380.0,552.0,1626.0,49.0,593.0,1629.0,395.5,337.0,415.0,324.0,378.0,71.0,1147.0,132821
2018020100,439.0,479.5,2792.0,363.0,281.0,495.0,63.0,1.0,0.0,357.0,486.0,0.0,1793.0,133.0,119.0,2147.0,1057.0,139.0,194.0,0.0,0.0,969.0,437.0,145.0,345.0,99.0,219.0,369.0,3629.0,2812.0,36.0,155.0,1936.0,0.0,170.0,453.0,263.0,283.0,745.0,613.0,104.0,378.0,51.0,265.0,638.0,39.0,99.0,148.0,245.0,1073.0,0.0,315.0,1493.0,4533.0,156.0,206.0,245.5,646.0,209.0,2950.0,267.0,418.0,117.0,136.0,50.0,110.0,194.0,799.0,0.0,351.0,875.0,281.0,0.0,0.0,21.0,152.5,92.0,2414.0,238.0,502.5,226.0,488.0,2273.0,435.0,520.0,773.0,284.5,83.0,45.0,679.0,552.0,416.0,1882.0,1805.0,48.0,172.0,417.0,2426.0,236.0,343.0,196.5,0.0,548.0,850.0,1677.0,1884.0,406.0,92.0,480.0,127.0,616.0,281.0,89.0,99.5,431.0,28.0,190.0,163.0,40.0,476.0,44.0,40.0,173.0,837.0,74.0,1.0,0.0,331.0,234.0,291.0,1675.0,574.0,0.0,0.0,232.0,0.0,91.0,1159.0,35.0,211.0,254.0,373.0,424.0,486.0,141.0,193.0,63.0,0.0,0.0,401.0,0.0,640.0,1.0,760.0,811.0,485.0,3226.0,142.0,222.0,293.0,214.0,216.0,383.0,1725.0,130.0,241.0,192.0,149.0,626.0,1.0,109.0,666.0,666.0,1081.0,154.0,154.0,0.0,245.0,315.0,79.0,347.0,1407.0,0.0,1203.0,179.0,640.0,195.0,1694.0,148.0,456.0,307.0,135.0,709.0,694.0,202.0,224.0,667.0,448.0,60.0,780.0,663.0,333.0,472.0,1182.0,51.0,545.0,1458.0,389.5,288.0,370.0,248.0,450.0,75.0,1020.0,114710
2018030100,543.0,591.0,3206.0,206.0,402.0,731.0,53.0,0.0,0.0,568.0,482.0,0.0,1764.0,160.0,161.0,1890.0,905.0,131.0,265.0,0.0,0.0,1072.0,848.0,124.0,299.0,83.0,239.0,577.0,4241.0,3156.0,44.0,167.0,2108.0,0.0,243.0,548.0,329.0,383.0,945.0,954.0,51.0,758.0,48.0,407.0,834.0,162.0,58.0,254.0,353.0,1329.0,0.0,761.0,2206.0,5762.0,220.0,183.0,289.5,874.0,305.0,2671.0,310.5,595.0,139.0,206.0,51.0,200.0,186.0,1118.0,0.0,297.0,967.0,262.0,0.0,0.0,14.5,130.5,84.0,2084.0,346.0,490.0,235.0,652.0,2550.0,530.0,739.0,1076.0,354.5,107.0,43.0,1046.0,741.0,520.0,2728.0,2146.0,74.0,158.0,312.0,3559.0,387.0,408.0,229.5,0.0,566.0,1222.0,2077.0,2656.0,540.0,116.0,612.0,114.0,675.5,388.0,190.0,150.0,676.0,47.0,205.0,159.0,56.0,571.0,37.0,85.0,163.0,853.0,88.0,0.0,0.0,478.0,395.0,269.0,1852.0,984.0,0.0,0.0,379.0,0.0,139.0,1248.0,120.0,195.0,358.0,333.0,552.0,826.0,227.5,149.0,91.0,0.0,0.0,608.0,0.0,996.0,0.0,1045.0,1142.0,509.0,3774.0,126.0,206.0,376.0,191.0,218.0,431.5,2076.0,182.0,313.0,217.0,142.0,702.0,37.0,117.0,919.0,978.0,2026.0,222.0,138.0,0.0,241.0,542.0,164.0,334.0,1613.0,0.0,2585.0,305.0,1046.0,209.0,2066.0,168.5,835.0,320.0,143.0,1128.0,676.0,199.0,290.0,1552.0,824.0,65.0,968.0,922.0,502.0,720.0,2113.0,48.0,703.0,2406.0,650.0,368.0,432.0,297.0,513.0,96.0,1454.0,145584
2018040100,628.0,611.5,2827.0,161.0,666.0,726.0,58.0,0.0,0.0,323.0,567.0,0.0,2359.0,160.0,200.0,1884.0,857.0,174.0,237.0,0.0,0.0,1270.0,1156.0,89.0,490.0,95.0,204.0,675.0,4162.0,3775.0,34.0,138.0,2010.0,0.0,339.0,661.0,286.0,289.0,943.0,1127.0,38.0,1218.0,30.0,412.0,974.0,206.0,36.0,320.0,358.0,1619.0,0.0,739.0,2822.0,5340.0,591.0,186.0,385.5,878.0,277.0,2800.0,322.5,616.0,110.0,172.0,47.0,226.0,201.0,1339.0,0.0,224.0,887.0,195.0,0.0,0.0,13.0,135.5,93.0,2205.0,501.0,481.5,198.0,771.0,2670.0,558.0,1032.0,767.0,329.5,128.0,53.0,1160.0,623.0,531.0,3049.0,2301.0,71.0,125.0,336.0,4493.0,291.0,510.0,284.5,0.0,564.0,1240.0,2051.0,3695.0,641.0,120.0,653.0,89.0,768.5,433.0,120.0,171.5,627.0,29.0,190.0,152.0,33.0,563.0,42.0,58.0,161.0,994.0,63.0,0.0,0.0,563.0,439.0,216.0,2467.0,1068.0,1.0,0.0,449.5,0.0,297.0,1362.0,132.0,274.0,363.0,315.0,397.0,948.0,260.0,143.0,110.0,0.0,0.0,630.5,0.0,1034.0,0.0,1076.0,1358.0,443.5,3658.0,105.0,199.0,275.0,180.0,217.0,380.5,1867.0,212.0,316.0,206.0,129.0,587.0,35.0,148.0,1062.0,828.0,2515.0,244.0,151.0,0.0,168.0,635.0,176.0,177.0,1590.0,0.0,3271.0,328.5,1136.0,216.0,2446.0,198.0,627.0,253.0,123.0,1213.0,610.0,216.0,352.0,1675.0,1006.0,70.0,1066.0,1064.0,586.0,733.0,2882.0,30.0,1019.0,2547.0,722.5,406.0,379.0,384.0,504.0,64.0,1740.0,157092
2018050100,642.0,704.0,2974.0,233.0,405.0,610.0,72.0,0.0,0.0,506.0,531.0,0.0,2734.0,158.0,134.0,2396.0,930.0,143.0,265.0,0.0,0.0,994.0,845.0,131.0,387.0,100.0,197.0,959.0,4066.0,3772.0,34.0,182.0,2161.0,0.0,279.0,817.0,266.0,355.0,985.0,1019.0,53.0,1062.0,44.0,360.0,794.0,101.0,37.0,231.0,325.0,1276.0,0.0,597.5,2645.0,5776.0,652.0,164.0,363.0,1165.0,315.0,2468.0,324.5,561.0,114.0,201.0,38.0,157.0,185.0,1289.0,0.0,142.0,1281.0,338.0,0.0,0.0,22.0,168.5,89.0,2310.0,504.0,480.0,247.0,832.0,2941.0,535.0,1178.0,875.0,342.5,123.0,41.0,1124.0,741.0,539.0,3467.0,2300.0,64.0,209.0,314.0,3178.0,225.0,487.0,252.5,0.0,562.0,1521.0,2280.0,3412.0,1236.0,127.0,630.0,99.0,832.0,377.0,93.0,131.0,612.0,51.0,219.0,127.0,46.0,582.0,42.0,89.0,181.0,852.0,74.0,0.0,0.0,452.0,341.0,344.0,3080.0,785.0,0.0,0.0,425.0,0.0,134.0,1312.0,103.0,177.0,441.0,355.0,469.0,939.0,197.5,172.0,100.0,0.0,0.0,622.5,0.0,931.0,0.0,948.0,961.0,711.0,3770.0,114.0,244.5,254.0,185.0,205.0,414.5,1955.0,184.0,277.0,180.0,145.0,688.0,43.0,133.0,1226.0,777.0,2400.0,246.0,151.0,0.0,197.0,509.0,127.0,211.0,1778.0,0.0,3714.0,303.5,1566.0,243.0,2626.0,246.0,692.0,298.0,124.0,1070.0,736.0,263.0,303.0,1521.0,829.0,59.0,1193.0,923.0,579.0,669.0,2691.0,45.0,1202.0,2688.0,890.0,412.0,412.0,384.0,584.0,75.0,1554.0,159439
2018060100,564.0,554.0,2508.0,177.0,491.0,522.0,80.0,114.0,0.0,358.0,541.0,0.0,2336.0,146.0,105.0,1746.0,815.0,156.0,310.0,0.0,0.0,824.0,655.0,135.0,332.0,71.0,206.0,984.0,3863.0,3246.0,60.0,168.0,3228.0,0.0,247.0,604.0,317.0,300.0,819.0,933.0,58.0,1402.0,51.0,421.0,835.0,147.0,51.0,231.0,192.0,1370.0,0.0,530.0,2309.0,5916.0,496.0,208.0,349.5,1017.0,279.0,2483.0,329.5,439.0,107.0,163.0,46.0,213.0,192.0,1264.0,0.0,150.0,1690.0,290.0,0.0,82.0,20.0,186.5,97.0,1683.0,538.0,508.5,224.0,704.0,3089.0,494.0,1599.0,752.0,302.5,112.0,50.0,1131.0,522.0,571.0,2880.0,2004.0,70.0,200.0,352.0,3246.0,290.0,561.0,227.0,0.0,471.0,1487.0,2219.0,3559.0,634.0,108.0,555.0,92.0,796.5,409.0,127.0,142.5,634.0,14.0,202.0,137.0,45.0,484.0,40.0,81.0,191.0,990.0,102.0,35.0,0.0,492.0,348.0,276.0,4125.0,771.0,0.0,0.0,431.5,0.0,124.0,2387.0,66.0,226.0,377.0,359.0,341.0,880.0,207.0,138.0,128.0,0.0,0.0,672.5,0.0,1020.0,0.0,878.0,997.0,540.0,3355.0,126.0,223.5,193.0,174.0,191.0,387.5,1822.0,236.0,256.0,196.0,107.0,609.0,49.0,157.0,1133.0,667.0,2387.0,241.0,195.0,0.0,159.0,554.0,128.0,235.0,1665.0,0.0,3069.0,306.0,1115.0,179.0,2530.0,213.5,921.0,282.0,181.0,998.0,651.0,262.0,330.0,1520.0,741.0,72.0,1032.0,821.0,508.0,679.0,2834.0,43.0,1146.0,2596.0,645.0,409.0,429.0,406.0,473.0,73.0,1422.0,153736
2018070100,602.0,474.5,2814.0,164.0,290.0,436.0,76.5,79.0,0.0,275.0,438.0,0.0,2599.0,102.0,169.0,1940.0,860.0,132.0,219.0,0.0,0.0,907.0,455.0,104.0,228.0,60.0,147.0,449.0,2858.0,2441.0,32.0,133.0,1503.0,0.0,160.0,587.0,252.0,205.0,655.0,799.0,65.0,557.0,51.0,281.0,552.0,57.0,62.0,203.0,188.0,855.0,0.0,377.5,1985.0,5299.0,450.0,179.0,248.5,780.0,206.0,2206.0,270.5,414.0,114.0,177.0,47.0,128.0,160.0,906.0,0.0,109.0,1241.0,244.0,0.0,64.0,27.0,144.5,101.0,1231.0,269.0,418.5,252.0,404.0,1630.0,422.0,766.0,798.0,201.0,99.0,66.0,971.0,541.0,295.0,1904.0,1947.0,76.0,170.0,252.0,2918.0,217.0,297.0,192.0,0.0,502.0,1128.0,1717.0,2553.0,346.0,95.0,472.0,112.0,649.0,335.0,107.0,122.5,478.0,23.0,179.0,125.0,50.0,468.0,30.0,72.0,90.0,924.0,53.0,95.0,0.0,320.0,208.0,232.0,1954.0,562.0,0.0,0.0,260.5,0.0,129.0,1120.0,60.0,152.0,331.0,315.0,288.0,487.0,167.0,117.0,54.0,0.0,0.0,533.5,0.0,699.0,0.0,771.0,1001.0,503.5,2529.0,159.0,230.0,231.0,200.0,185.0,365.0,1576.0,156.0,261.0,188.0,135.0,609.0,43.0,115.0,606.0,645.0,1399.0,156.0,163.0,0.0,133.0,311.0,90.0,219.0,1620.0,0.0,1779.0,249.5,708.0,183.0,1588.0,206.0,527.0,367.0,108.0,791.0,677.0,203.0,257.0,780.0,444.0,55.0,891.0,651.0,426.0,556.0,1421.0,45.0,594.0,1770.0,455.5,282.0,396.0,324.0,370.0,98.0,1161.0,116741
2018080100,552.0,512.5,2744.0,137.0,299.0,494.0,55.5,122.0,0.0,280.0,422.0,0.0,2089.0,114.0,122.0,1996.0,831.0,124.0,223.0,0.0,0.0,929.0,596.0,76.0,225.0,68.0,168.0,593.0,3169.0,2634.0,51.0,133.0,1463.0,0.0,163.0,569.0,251.0,202.0,750.0,907.0,64.0,584.0,50.0,218.0,622.0,64.0,50.0,206.0,152.5,960.0,0.0,404.5,1959.0,5554.0,517.0,141.0,241.5,709.0,253.0,2935.0,260.5,544.0,98.0,159.0,41.0,126.0,143.0,952.0,0.0,124.0,1748.0,217.0,0.0,62.0,16.0,132.5,93.0,1286.0,260.0,425.5,315.0,425.0,1769.0,500.0,1170.0,832.0,309.0,81.0,38.0,901.0,694.0,381.0,1911.0,2070.0,45.0,129.0,232.0,2823.0,226.0,253.0,193.0,0.0,491.0,1073.0,1826.0,2636.0,379.0,79.0,472.0,90.0,773.5,271.0,105.0,110.0,503.0,28.0,201.0,97.0,41.0,505.0,42.0,52.0,101.0,1020.0,68.0,116.0,0.0,355.0,230.0,237.0,2711.0,522.0,0.0,0.0,281.0,0.0,107.0,986.0,59.0,163.0,414.0,358.0,443.0,543.0,172.0,136.0,56.0,0.0,0.0,610.0,0.0,671.0,0.0,920.0,906.0,534.0,3211.0,121.0,221.0,315.0,170.0,172.0,440.5,1649.0,150.0,217.0,250.0,153.0,638.0,39.0,89.0,583.0,696.0,1595.0,172.0,150.0,0.0,148.0,264.0,172.0,213.0,1623.0,0.0,1679.0,274.0,759.0,162.0,2100.0,191.0,500.0,316.0,105.0,868.0,725.0,247.0,286.0,912.0,487.0,45.0,909.0,698.0,427.0,596.0,1562.0,35.0,610.0,1926.0,409.5,286.0,344.0,335.0,437.0,96.0,1360.0,124068
2018090100,625.0,636.0,2579.0,187.0,400.0,578.0,106.0,141.0,0.0,354.0,514.0,0.0,2062.0,151.0,146.0,1859.0,784.0,121.0,238.0,0.0,0.0,857.0,1117.0,131.0,275.0,99.0,200.0,695.0,3804.0,3638.0,58.0,174.0,1552.0,0.0,280.0,627.0,306.0,261.0,888.0,945.0,46.0,687.0,62.0,323.0,849.0,63.0,63.0,353.0,214.0,1394.0,0.0,501.0,2379.0,5055.0,540.0,188.0,305.5,729.0,257.0,3121.0,320.5,554.0,106.0,221.0,40.0,194.0,169.0,1286.0,0.0,106.0,1263.0,247.0,158.0,116.0,33.0,160.5,105.0,1386.0,450.0,472.5,264.0,591.0,2148.0,530.0,2029.0,920.0,331.5,89.0,56.0,1202.0,595.0,435.0,2447.0,2096.0,51.0,154.0,362.0,3049.0,293.0,322.0,264.5,0.0,446.0,1155.0,2165.0,2946.0,344.0,125.0,613.0,97.0,814.5,346.0,140.0,116.5,639.0,37.0,270.0,113.0,43.0,608.0,53.0,58.0,135.0,564.0,52.0,145.0,0.0,431.0,321.0,232.0,2545.0,892.0,0.0,0.0,402.5,0.0,141.0,926.0,92.0,185.0,545.0,346.0,428.0,2316.0,233.5,204.0,85.0,104.0,0.0,625.0,0.0,904.0,70.0,1199.0,1118.0,485.0,3703.0,152.0,220.5,245.0,217.0,176.0,420.5,1852.0,212.0,329.0,221.0,239.0,645.0,60.0,132.0,1002.0,693.0,2358.0,273.0,169.0,0.0,141.0,464.0,128.0,238.0,1934.0,0.0,1943.0,343.5,1016.0,192.0,2584.0,230.5,607.0,326.0,113.0,1068.0,805.0,263.0,284.0,1431.0,629.0,56.0,2267.0,868.0,406.0,791.0,2446.0,39.0,952.0,3310.0,668.0,424.0,412.0,371.0,573.0,67.0,1587.0,148721
2018100100,528.0,718.0,2788.0,206.0,557.0,650.0,107.0,181.0,0.0,383.0,633.0,0.0,2337.0,152.0,196.0,1951.0,945.0,210.0,285.0,0.0,0.0,1138.0,1476.0,174.0,397.0,83.0,282.0,985.0,4127.0,4038.0,87.0,144.0,1995.0,0.0,448.0,918.0,372.0,298.0,1205.0,1169.0,65.0,908.0,60.0,388.0,1139.0,114.0,59.0,350.0,266.0,1822.0,0.0,557.5,2958.0,6621.0,612.0,277.0,386.5,1123.0,351.0,3158.0,363.0,721.0,133.0,312.0,38.0,221.0,227.0,1674.0,0.0,123.0,1901.0,248.0,69.0,170.0,44.0,214.0,147.0,2088.0,795.0,484.0,302.0,713.0,3211.0,677.0,2673.0,987.0,430.5,151.0,72.0,1699.0,746.0,615.0,3975.0,2655.0,59.0,216.0,386.0,2895.0,417.0,481.0,359.5,0.0,587.0,1711.0,2508.0,4350.0,543.0,148.0,763.0,109.0,831.0,469.0,167.0,159.0,680.0,34.0,280.0,156.0,51.0,739.0,70.0,123.0,180.0,603.0,91.0,231.0,0.0,617.0,404.0,302.0,3012.0,1080.0,0.0,0.0,523.5,0.0,220.0,1284.0,204.0,192.0,690.0,362.0,556.0,1537.0,315.0,216.0,135.0,35.0,0.0,1017.0,0.0,1185.0,159.0,1128.0,1305.0,669.0,4523.0,176.0,253.0,367.0,198.0,240.0,498.5,2088.0,251.0,318.0,281.0,192.0,797.0,57.0,151.0,1122.0,786.0,3238.0,324.0,235.0,0.0,213.0,701.0,168.0,233.0,3269.0,0.0,3446.0,481.5,1174.0,179.0,3118.0,314.0,774.0,392.0,147.0,1389.0,899.0,290.0,411.0,2042.0,1195.0,77.0,3007.0,1196.0,759.0,896.0,3611.0,84.0,1280.0,4150.0,953.0,719.0,457.0,426.0,541.0,84.0,1919.0,187394
2018110100,733.0,744.5,2763.0,252.0,426.0,632.0,111.5,224.0,0.0,367.0,654.0,0.0,2781.0,199.0,201.0,1981.0,1050.0,212.0,307.0,0.0,0.0,1292.0,1048.0,158.0,403.0,116.0,291.0,1002.0,4520.0,4213.0,71.0,183.0,2006.0,0.0,337.0,867.0,328.0,319.0,922.0,1178.0,94.0,833.0,182.0,383.0,1332.0,70.0,87.0,313.0,293.0,1525.0,0.0,585.5,3149.0,6581.0,450.0,243.0,378.0,1146.0,318.0,3289.0,448.0,656.0,134.0,227.0,59.0,237.0,219.0,1639.0,0.0,95.0,1881.0,293.0,104.0,141.0,27.0,198.0,149.0,1768.0,960.0,545.0,318.0,912.0,2900.0,622.0,2041.0,1072.0,397.5,155.0,55.0,1263.0,979.0,517.0,3310.0,2623.0,62.0,233.0,404.0,2678.0,320.0,504.0,326.0,0.0,585.0,1855.0,2454.0,3734.0,439.0,144.0,654.0,125.0,928.5,458.0,167.0,148.0,671.0,32.0,139.0,175.0,71.0,703.0,50.0,118.0,166.0,751.0,84.0,263.0,0.0,607.0,405.0,327.0,3017.0,994.0,0.0,0.0,454.5,0.0,175.0,1338.0,138.0,189.0,436.0,463.0,432.0,1203.0,291.0,238.0,109.0,34.0,0.0,830.5,0.0,1031.0,182.0,1087.0,1189.0,716.0,4457.0,182.0,276.5,312.0,500.0,222.0,553.5,2150.0,189.0,343.0,263.0,191.0,833.0,80.0,148.0,1684.0,880.0,3613.0,261.0,238.0,0.0,210.0,585.0,134.0,246.0,9870.0,0.0,3700.0,516.0,1389.0,258.0,3394.0,317.5,785.0,453.0,150.0,1277.0,1121.0,354.0,316.0,1950.0,1063.0,106.0,2920.0,1130.0,708.0,673.0,3126.0,93.0,1293.0,3364.0,741.5,551.0,525.0,422.0,654.0,90.0,1666.0,190494
2018120100,742.0,633.0,2828.0,165.0,471.0,5165.0,102.5,162.0,0.0,379.0,702.0,0.0,2605.0,159.0,160.0,1947.0,1164.0,165.0,296.0,41.0,0.0,1051.0,797.0,140.0,422.0,90.0,259.0,788.0,4023.0,3757.0,45.0,153.0,1626.0,0.0,264.0,741.0,276.0,274.0,900.0,1139.0,54.0,807.0,1227.0,395.0,922.0,97.0,43.0,248.0,234.0,1769.0,0.0,542.5,2862.0,6333.0,448.0,195.0,291.0,1025.0,328.0,3914.0,402.0,604.0,99.0,182.0,49.0,354.0,199.0,1461.0,0.0,87.0,1617.0,222.0,70.0,156.0,58.0,212.5,133.0,1455.0,503.0,558.0,256.0,749.0,2427.0,694.0,1659.0,1047.0,367.5,133.0,54.0,1502.0,670.0,491.0,3011.0,2504.0,78.0,155.0,375.0,2729.0,241.0,407.0,258.5,0.0,569.0,1658.0,2351.0,3813.0,387.0,133.0,565.0,70.0,960.5,373.0,129.0,151.5,700.0,40.0,46.0,236.0,53.0,609.0,53.0,89.0,172.0,626.0,72.0,203.0,0.0,503.0,485.0,230.0,2893.0,828.0,0.0,0.0,385.5,0.0,139.0,1279.0,107.0,186.0,282.0,404.0,377.0,954.0,259.0,132.0,114.0,39.0,0.0,703.5,0.0,891.0,153.0,943.0,1126.0,573.5,4228.0,180.0,282.0,278.0,269.0,189.0,523.0,1840.0,175.0,263.0,258.0,157.0,630.0,49.0,149.0,1500.0,995.0,2809.0,223.0,258.0,0.0,151.0,512.0,101.0,188.0,5572.0,0.0,3100.0,429.0,1078.0,204.0,2696.0,274.5,846.0,401.0,135.0,1133.0,813.0,239.0,414.0,1647.0,1061.0,134.0,2453.0,955.0,757.0,766.0,2553.0,67.0,919.0,2838.0,666.0,439.0,452.0,435.0,494.0,89.0,1688.0,174089
2019010100,583.0,489.0,2826.0,177.0,316.0,615.0,88.0,146.0,0.0,413.0,577.0,0.0,2772.0,114.0,120.0,2006.0,935.0,123.0,255.0,173.0,0.0,956.0,643.0,94.0,241.0,110.0,186.0,421.0,3623.0,2967.0,69.0,155.0,1497.0,0.0,200.0,595.0,344.0,251.0,810.0,880.0,78.0,408.0,1187.0,315.0,818.0,70.0,77.0,226.0,237.0,1196.0,0.0,498.0,2235.0,5598.0,408.0,252.0,234.0,747.0,257.0,3485.0,367.0,476.0,87.0,180.0,63.0,191.0,160.0,1035.0,0.0,90.0,1164.0,230.0,60.0,83.0,67.5,168.5,129.0,434.0,276.0,620.5,230.0,525.0,1707.0,538.0,945.0,965.0,283.0,89.0,43.0,1015.0,653.0,265.0,1995.0,2193.0,65.0,159.0,380.0,2427.0,257.0,345.0,213.0,0.0,457.0,1128.0,1862.0,2181.0,306.0,114.0,508.0,105.0,791.0,267.0,112.0,132.0,571.0,36.0,58.0,127.0,78.0,680.0,42.0,91.0,205.0,589.0,78.0,177.0,0.0,470.0,311.0,209.0,2899.0,627.0,0.0,0.0,309.5,0.0,173.0,1098.0,88.0,182.0,249.0,332.0,503.0,639.0,192.5,171.0,70.0,27.0,0.0,574.0,0.0,883.0,140.0,858.0,1001.0,583.5,3514.0,141.0,258.5,242.0,236.0,222.0,444.5,1737.0,120.0,260.0,233.0,122.0,653.0,59.0,127.0,869.0,1009.0,1718.0,173.0,188.0,0.0,125.0,293.0,119.0,198.0,2995.0,0.0,2099.0,335.0,813.0,171.0,1717.0,201.5,568.0,391.0,117.0,948.0,757.0,191.0,291.0,1078.0,1237.0,57.0,3566.0,757.0,448.0,622.0,1405.0,61.0,372.0,2273.0,509.5,304.0,387.0,410.0,384.0,94.0,1403.0,137763
2019020100,514.0,611.0,2528.0,169.0,329.0,535.0,288.5,123.0,0.0,310.0,486.0,0.0,2552.0,110.0,115.0,1952.0,752.0,105.0,237.0,137.0,0.0,839.0,423.0,102.0,241.0,87.0,160.0,381.0,3743.0,3191.0,59.0,161.0,1415.0,0.0,184.0,532.0,257.0,240.0,799.0,839.0,63.0,307.0,1143.0,242.0,735.0,67.0,60.0,219.0,193.5,1063.0,0.0,444.0,2162.0,6129.0,348.0,141.0,220.0,750.0,277.0,3075.0,375.5,472.0,122.0,218.0,36.0,145.0,144.0,923.0,0.0,74.0,1107.0,278.0,55.0,79.0,74.0,142.5,117.0,441.0,316.0,496.5,205.0,440.0,1663.0,697.0,881.0,906.0,232.0,73.0,49.0,866.0,622.0,293.0,1908.0,1963.0,61.0,200.0,239.0,2131.0,202.0,300.0,215.5,0.0,497.0,1029.0,1783.0,2040.0,403.0,106.0,481.0,97.0,715.5,212.0,108.0,97.5,477.0,39.0,32.0,91.0,45.0,647.0,38.0,82.0,178.0,553.0,82.0,151.0,0.0,406.0,315.0,168.0,2359.0,527.0,0.0,0.0,320.0,0.0,130.0,1185.0,69.0,152.0,232.0,312.0,444.0,587.0,154.0,164.0,63.0,36.0,0.0,492.0,0.0,679.0,129.0,895.0,909.0,522.0,3805.0,100.0,256.5,224.0,262.0,197.0,373.0,1664.0,119.0,225.0,229.0,137.0,564.0,56.0,141.0,535.0,824.0,1524.0,182.0,178.0,0.0,121.0,240.0,110.0,150.0,2381.0,0.0,1556.0,301.0,776.0,154.0,1748.0,172.5,449.0,376.0,122.0,859.0,701.0,208.0,221.0,813.0,548.0,59.0,4251.0,718.0,411.0,608.0,1186.0,51.0,327.0,1841.0,446.5,338.0,326.0,325.0,349.0,103.0,1280.0,128058
2019030100,676.0,668.5,2998.0,205.0,533.0,795.0,180.0,198.0,0.0,449.0,653.0,0.0,3345.0,133.0,198.0,2241.0,1040.0,164.0,272.0,813.0,0.0,1087.0,1113.0,167.0,339.0,97.0,255.0,614.0,4648.0,4198.0,51.0,201.0,1591.0,0.0,362.0,741.0,402.0,379.0,1115.0,1057.0,66.0,611.0,1496.0,384.0,1186.0,81.0,78.0,276.0,250.5,1682.0,0.0,974.0,2935.0,6506.0,408.0,226.0,299.5,902.0,334.0,3464.0,467.5,613.0,121.0,248.0,77.0,322.0,181.0,1425.0,0.0,62.0,1447.0,286.0,95.0,124.0,94.5,187.5,121.0,551.0,722.0,542.5,264.0,800.0,2677.0,651.0,1089.0,1302.0,457.0,101.0,52.0,1279.0,658.0,507.0,3071.0,2445.0,91.0,242.0,329.0,2964.0,338.0,435.0,299.5,0.0,579.0,1332.0,2465.0,3949.0,567.0,185.0,669.0,109.0,961.5,358.0,144.0,149.0,779.0,44.0,34.0,161.0,67.0,783.0,51.0,133.0,165.0,567.5,115.0,200.0,0.0,613.0,548.0,277.0,3006.0,1137.0,0.0,0.0,418.5,0.0,230.0,1285.0,128.0,273.0,555.0,356.0,619.0,1047.0,290.0,202.0,113.0,61.0,0.0,699.5,0.0,1158.0,180.0,1137.0,1436.0,590.5,4834.0,178.0,321.0,364.0,249.0,227.0,541.0,2271.0,181.0,298.0,283.0,167.0,809.0,59.0,166.0,868.0,1255.0,2689.0,242.0,259.0,0.0,225.0,617.0,182.0,177.0,2273.0,0.0,2922.0,435.5,1157.0,235.0,2739.0,274.5,597.0,397.0,143.0,1304.0,862.0,263.0,316.0,1809.0,1229.0,88.0,5001.0,1087.0,729.0,950.0,2427.0,56.0,723.0,3688.0,707.0,419.0,442.0,450.0,768.0,123.0,1896.0,179151
2019040100,742.0,813.0,3136.0,559.0,825.0,988.0,179.5,215.0,0.0,474.0,751.0,0.0,3001.0,169.0,178.0,2104.0,1328.0,257.0,356.0,2028.0,0.0,1397.0,1578.0,231.0,606.0,86.0,280.0,756.0,4518.0,4887.0,45.0,225.0,2177.0,0.0,396.0,879.0,385.0,343.0,1189.0,1229.0,52.0,880.0,1519.0,421.0,1324.0,194.0,96.0,276.0,314.0,2064.0,0.0,1000.0,3354.0,6531.0,511.0,350.0,370.5,1099.0,328.0,3075.0,547.0,982.0,190.0,232.0,65.0,364.0,260.0,1607.0,0.0,59.0,3377.0,425.0,81.0,143.0,89.5,236.5,101.0,680.0,908.0,613.0,264.0,937.0,3576.0,758.0,2092.0,1201.0,513.0,108.0,84.0,1536.0,916.0,638.0,4060.0,3041.0,91.0,247.0,757.0,3416.0,478.0,692.0,410.5,0.0,611.0,1321.0,2581.0,5366.0,604.0,191.0,920.0,150.0,991.0,571.0,116.0,191.5,807.0,38.0,54.0,226.0,62.0,904.0,67.0,191.0,167.0,569.5,107.0,287.0,0.0,721.0,681.0,284.0,3231.0,1553.0,0.0,0.0,548.0,0.0,225.0,1520.0,270.0,360.0,473.0,428.0,543.0,1221.0,416.0,260.0,125.0,63.0,0.0,922.5,0.0,1382.0,241.0,3075.0,1627.0,629.0,5490.0,183.0,313.0,370.0,534.0,207.0,662.0,2561.0,163.0,364.0,382.0,168.0,863.0,126.0,237.0,1274.0,1041.0,3739.0,412.0,243.0,1.0,240.0,963.0,184.0,662.0,2045.0,0.0,4221.0,567.0,1395.0,216.0,3401.0,362.0,945.0,562.0,193.0,1495.0,1057.0,300.0,368.0,2228.0,1578.0,82.0,4663.0,1303.0,837.0,1053.0,3145.0,50.0,1155.0,3567.0,942.5,638.0,498.0,475.0,700.0,91.0,2160.0,213611
2019050100,749.0,635.5,3019.0,242.0,450.0,837.0,179.0,189.0,0.0,492.0,797.0,0.0,2872.0,143.0,245.0,2199.0,1123.0,215.0,289.0,2843.0,0.0,1727.0,1059.0,203.0,469.0,88.0,232.0,975.0,5008.0,5231.0,48.0,242.0,2173.0,0.0,385.0,1017.0,399.0,406.0,1206.0,1462.0,41.0,872.0,1424.0,484.0,1209.0,101.0,111.0,325.0,278.0,1621.0,0.0,1045.5,3381.0,6716.0,519.0,278.0,359.5,1161.0,398.0,3235.0,490.5,785.0,144.0,255.0,102.0,248.0,255.0,1486.0,0.0,71.0,1825.0,353.0,81.0,155.0,98.5,260.0,114.0,589.0,656.0,563.0,270.0,1002.0,3078.0,728.0,1807.0,1084.0,444.0,100.0,53.0,1720.0,1052.0,639.0,3639.0,2379.0,73.0,285.0,567.0,2728.0,304.0,449.0,358.5,0.0,583.0,1715.0,3127.0,4765.0,624.0,174.0,801.0,143.0,1008.5,481.0,182.0,162.0,737.0,40.0,52.0,149.0,64.0,809.0,58.0,131.0,181.0,552.0,106.0,249.0,0.0,561.0,658.0,366.0,3928.0,1108.0,0.0,0.0,492.0,0.0,159.0,1736.0,120.0,290.0,548.0,459.0,655.0,1554.0,268.0,310.0,123.0,62.0,0.0,755.5,0.0,1127.0,215.0,1166.0,1338.0,1172.0,6393.0,199.0,295.0,341.0,496.0,231.0,961.5,2838.0,138.0,386.0,299.0,160.0,846.0,107.0,211.0,1411.0,680.0,3692.0,352.0,290.0,0.0,230.0,662.0,185.0,694.0,2531.0,0.0,3525.0,573.0,1793.0,234.0,4124.0,366.5,754.0,533.0,199.0,1212.0,1156.0,397.0,275.0,2044.0,1109.0,64.0,4723.0,1130.0,685.0,853.0,3223.0,53.0,1706.0,3416.0,1076.0,611.0,520.0,529.0,629.0,88.0,1846.0,207231
2019060100,706.0,618.0,3026.0,161.0,473.0,714.0,174.0,125.0,0.0,366.0,701.0,0.0,2993.0,142.0,135.0,2118.0,938.0,157.0,223.0,2463.0,0.0,1201.0,858.0,165.0,347.0,39.0,239.0,814.0,4713.0,3932.0,39.0,159.0,2029.0,0.0,283.0,852.0,311.0,291.0,1069.0,1226.0,48.0,869.0,1384.0,457.0,1056.0,149.0,66.0,243.0,224.5,1429.0,0.0,828.0,3280.0,7113.0,463.0,179.0,246.5,1116.0,286.0,2793.0,459.0,722.0,126.0,240.0,69.0,300.0,184.0,1523.0,0.0,83.0,1906.0,214.0,84.0,146.0,72.0,158.0,104.0,581.0,548.0,509.0,176.0,780.0,2754.0,625.0,1519.0,1239.0,359.5,147.0,37.0,1512.0,858.0,639.0,3370.0,2342.0,85.0,242.0,301.0,3254.0,264.0,622.0,296.0,0.0,548.0,1561.0,2678.0,4265.0,549.0,125.0,581.0,88.0,952.5,332.0,110.0,138.0,627.0,31.0,44.0,347.0,59.0,769.0,35.0,131.0,193.0,615.0,62.0,210.0,0.0,526.0,544.0,301.0,3621.0,775.0,0.0,0.0,435.0,0.0,210.0,1691.0,151.0,220.0,308.0,422.0,506.0,1021.0,257.0,199.0,114.0,49.0,0.0,760.5,0.0,958.0,166.0,969.0,1211.0,915.5,4988.0,162.0,269.0,233.0,509.0,188.0,619.0,2116.0,108.0,286.0,305.0,151.0,697.0,62.0,143.0,1335.0,820.0,3418.0,305.0,199.0,0.0,158.0,660.0,150.0,698.0,2043.0,0.0,3700.0,511.5,1249.0,146.0,3465.0,306.0,630.0,445.0,126.0,1203.0,946.0,244.0,251.0,1853.0,1001.0,75.0,4688.0,991.0,578.0,817.0,3243.0,49.0,1180.0,2651.0,667.0,543.0,462.0,408.0,574.0,85.0,1789.0,183749
2019070100,568.0,461.0,3057.0,161.0,501.0,644.0,208.0,131.0,0.0,383.0,506.0,0.0,3201.0,127.0,160.0,2162.0,880.0,151.0,309.0,588.0,0.0,1097.0,632.0,147.0,291.0,48.0,195.0,531.0,3596.0,3322.0,34.0,182.0,1959.0,0.0,210.0,652.0,310.0,226.0,1052.0,887.0,47.0,513.0,1303.0,519.0,1076.0,65.0,80.0,200.0,221.0,1142.0,0.0,673.5,2451.0,7637.0,480.0,192.0,212.0,765.0,265.0,3075.0,397.5,459.0,105.0,265.0,34.0,167.0,247.0,1114.0,0.0,60.0,1158.0,246.0,86.0,95.0,125.0,179.0,112.0,661.0,303.0,500.0,290.0,604.0,2104.0,634.0,1245.0,1407.0,275.5,82.0,62.0,994.0,719.0,348.0,2473.0,2181.0,88.0,227.0,296.0,2428.0,230.0,371.0,221.5,0.0,498.0,1570.0,2327.0,2872.0,532.0,141.0,481.0,94.0,802.0,296.0,188.0,108.0,599.0,64.0,48.0,180.0,41.0,697.0,48.0,130.0,139.0,592.5,47.0,166.0,0.0,394.0,428.0,394.0,3305.0,725.0,0.0,0.0,316.0,0.0,137.0,1326.0,91.0,159.0,346.0,395.0,395.0,784.0,212.5,173.0,70.0,34.0,0.0,572.5,0.0,892.0,143.0,946.0,1015.0,706.5,3775.0,207.0,362.5,237.0,237.0,177.0,617.0,1864.0,101.0,217.0,262.0,127.0,739.0,70.0,107.0,796.0,900.0,1960.0,141.0,248.0,0.0,161.0,347.0,168.0,635.0,2043.0,0.0,2347.0,354.0,1022.0,176.0,2181.0,269.0,486.0,363.0,152.0,1136.0,894.0,265.0,262.0,1066.0,709.0,58.0,4346.0,762.0,464.0,745.0,1728.0,26.0,473.0,2373.0,452.5,345.0,353.0,471.0,549.0,101.0,1283.0,152248
2019080100,657.0,474.0,2864.0,136.0,313.0,601.0,282.5,134.0,0.0,372.0,509.0,0.0,3119.0,103.0,146.0,2041.0,925.0,139.0,241.0,558.0,0.0,1148.0,631.0,117.0,288.0,96.0,187.0,513.0,4266.0,3462.0,37.0,181.0,2075.0,0.0,196.0,635.0,356.0,243.0,888.0,924.0,70.0,344.0,1231.0,313.0,693.0,58.0,86.0,174.0,216.5,1143.0,0.0,630.5,2374.0,10134.0,471.0,165.0,213.5,765.0,219.0,2914.0,368.5,534.0,98.0,224.0,40.0,190.0,232.0,1071.0,0.0,55.0,1076.0,240.0,59.0,79.0,88.5,191.0,136.0,650.0,284.0,474.5,245.0,546.0,2287.0,622.0,909.0,1359.0,304.0,75.0,61.0,938.0,743.0,963.0,2736.0,2439.0,61.0,190.0,254.0,2170.0,203.0,414.0,252.0,0.0,576.0,1760.0,2196.0,2968.0,470.0,125.0,513.0,145.0,804.5,311.0,89.0,129.0,548.0,41.0,30.0,158.0,61.0,707.0,44.0,91.0,140.0,646.0,67.0,161.0,0.0,417.0,305.0,317.0,4378.0,681.0,0.0,0.0,327.0,63.0,136.0,1690.0,61.0,183.0,321.0,309.0,1416.0,712.0,196.0,177.0,73.0,52.0,0.0,554.5,0.0,887.0,183.0,1134.0,1085.0,629.0,4815.0,175.0,358.0,226.0,254.0,195.0,383.0,1676.0,95.0,257.0,260.0,196.0,689.0,92.0,99.0,676.0,739.0,1986.0,180.0,199.0,0.0,153.0,325.0,165.0,548.0,1805.0,0.0,1948.0,358.0,832.0,176.0,2869.0,344.0,641.0,288.0,179.0,871.0,734.0,282.0,267.0,1123.0,619.0,75.0,4313.0,693.0,390.0,866.0,1591.0,42.0,488.0,2348.0,479.5,332.0,380.0,408.0,544.0,95.0,1434.0,156339
2019090100,585.0,788.5,2904.0,214.0,512.0,724.0,176.0,150.0,0.0,465.0,530.0,0.0,2859.0,130.0,186.0,1727.0,824.0,179.0,270.0,1158.0,0.0,1280.0,1396.0,173.0,339.0,83.0,249.0,922.0,4986.0,4138.0,53.0,245.0,2009.0,0.0,306.0,788.0,410.0,307.0,1052.0,1226.0,76.0,577.0,1476.0,414.0,939.0,101.0,89.0,267.0,277.5,1517.0,0.0,898.5,3005.0,7472.0,480.0,200.0,302.5,1093.0,330.0,3051.0,444.5,520.0,142.0,260.0,62.0,276.0,233.0,1518.0,0.0,101.0,1658.0,271.0,73.0,131.5,108.0,192.5,110.0,606.0,557.0,513.0,197.0,606.0,3000.0,766.0,1849.0,1385.0,384.5,123.0,62.0,1390.0,841.0,713.0,3452.0,2929.0,102.0,175.5,351.0,2896.0,443.0,561.0,337.5,0.0,548.0,1922.0,2433.0,3976.0,775.0,175.0,677.0,149.0,871.0,387.0,155.0,154.0,672.0,40.0,50.0,167.0,72.0,775.0,51.0,156.0,175.0,689.0,123.0,213.0,0.0,516.0,468.0,331.0,4042.0,957.0,0.0,0.0,477.0,64.0,145.0,1751.0,137.0,214.0,669.0,350.0,512.0,1003.0,307.0,178.0,111.0,65.0,0.0,774.0,0.0,1032.0,161.0,1200.0,1392.0,699.0,11703.0,181.0,390.0,282.0,265.0,196.0,387.5,1839.0,112.0,263.0,288.0,144.0,701.0,83.0,173.0,943.0,1171.0,3023.0,280.0,236.0,0.0,220.0,442.0,172.0,537.0,1848.0,0.0,2578.0,397.0,1086.0,194.0,3065.0,398.5,567.0,343.0,144.0,1175.0,885.0,316.0,355.0,1857.0,940.0,88.0,4184.0,938.0,520.0,970.0,2855.0,71.0,967.0,3571.0,644.5,447.0,394.0,361.0,639.0,112.0,1852.0,189921
2019100100,721.0,609.5,2823.0,220.0,651.0,757.0,242.0,165.0,0.0,472.0,777.0,0.0,2710.0,146.0,152.0,1826.0,934.0,182.0,303.0,1477.0,0.0,1265.0,1688.0,196.0,396.0,67.0,246.0,943.0,5275.0,4454.0,53.0,210.0,2234.0,0.0,354.0,909.0,409.0,302.0,1250.0,691.0,40.0,665.0,1437.0,360.0,1214.0,135.0,74.0,325.0,329.0,1702.0,0.0,1003.0,3401.0,10070.0,500.0,178.0,329.0,1362.0,310.0,3513.0,441.5,599.0,141.0,235.0,54.0,314.0,254.0,1633.0,0.0,94.0,1921.0,206.0,93.0,133.5,99.0,181.5,107.0,2254.0,672.0,551.0,261.0,746.0,3358.0,808.0,2195.0,1397.0,477.0,118.0,55.0,1858.0,922.0,957.0,3666.0,3016.0,88.0,187.5,440.0,4217.0,657.0,584.0,361.0,0.0,503.0,1990.0,2196.0,5017.0,618.0,180.0,891.0,121.0,946.5,439.0,90.0,153.0,776.0,40.0,29.0,192.0,50.0,846.0,36.0,165.0,215.0,667.5,109.0,245.0,0.0,582.0,726.0,311.0,4169.0,1050.0,0.0,0.0,492.5,80.0,209.0,1875.0,230.0,305.0,657.0,317.0,774.0,1257.0,309.0,146.0,144.0,49.0,0.0,941.5,0.0,1458.0,167.0,1191.0,1402.0,667.5,8735.0,147.0,389.5,315.0,290.0,177.0,465.0,2167.0,106.0,249.0,242.0,143.0,698.0,70.0,180.0,1149.0,758.0,3635.0,277.0,242.0,0.0,187.0,616.0,187.0,648.0,2871.0,0.0,3526.0,470.5,985.0,168.0,3874.0,390.0,697.0,336.0,121.0,1405.0,733.0,285.0,347.0,2596.0,1189.0,82.0,3536.0,1040.0,686.0,1081.0,4044.0,57.0,1261.0,3465.0,809.5,639.0,568.0,463.0,584.0,109.0,2104.0,210365
2019110100,665.0,569.5,2726.0,369.0,397.0,673.0,278.5,215.0,0.0,486.0,590.0,0.0,2556.0,151.0,140.0,1697.0,1016.0,194.0,303.0,1253.0,0.0,978.0,1399.0,166.0,296.0,81.0,188.0,982.0,4563.0,4025.0,85.0,191.0,2043.0,0.0,338.0,924.0,332.0,295.0,1029.0,538.0,63.0,645.0,1286.0,416.0,1026.0,172.0,60.0,269.0,302.5,1519.0,34.0,909.0,3318.0,6874.0,576.0,210.0,320.5,1238.0,295.0,3314.0,407.5,526.0,140.0,207.0,81.0,253.0,238.0,1319.0,0.0,63.0,1670.0,256.0,60.0,141.5,91.5,180.0,124.0,1639.0,583.0,655.5,243.0,797.0,3156.0,738.0,1454.0,1116.0,389.5,101.0,74.0,1982.0,834.0,659.0,2808.0,2373.0,136.0,194.0,401.0,3738.0,316.0,443.0,257.5,0.0,562.0,2208.0,2287.0,4399.0,628.0,168.0,591.0,103.0,901.0,381.0,154.0,152.0,699.0,40.0,29.0,249.0,51.0,740.0,40.0,142.0,201.0,672.5,102.0,240.0,0.0,461.0,611.0,319.0,3384.0,868.0,0.0,0.0,508.5,47.0,138.0,1378.0,142.0,260.0,566.0,336.0,546.0,1126.0,267.5,177.0,108.0,48.0,0.0,736.5,0.0,1041.0,185.0,967.0,1172.0,657.0,5595.0,169.0,430.5,337.0,244.0,198.0,453.0,2334.0,131.0,270.0,312.0,148.0,723.0,77.0,158.0,1257.0,716.0,3391.0,214.0,215.0,0.0,180.0,540.0,174.0,805.0,1920.0,0.0,3632.0,514.5,1019.0,188.0,3386.0,403.5,705.0,447.0,114.0,1123.0,793.0,296.0,294.0,2082.0,975.0,73.0,3515.0,1004.0,587.0,884.0,3540.0,48.0,1378.0,2993.0,624.5,532.0,474.0,382.0,608.0,84.0,1799.0,185258
2019120100,696.0,590.0,3008.0,210.0,437.0,664.0,291.5,185.0,0.0,491.0,591.0,0.0,2306.0,164.0,178.0,1677.0,1046.0,232.0,271.0,693.0,0.0,1087.0,1424.0,163.0,413.0,78.0,296.0,994.0,4252.0,3444.0,71.0,190.0,1807.0,191.0,269.0,803.0,348.0,309.0,1022.0,577.5,42.0,629.0,1155.0,453.0,1032.0,156.0,64.0,247.0,271.0,1580.0,133.0,785.0,3023.0,6451.0,450.0,195.0,254.0,958.0,325.0,3503.0,361.0,549.0,152.0,193.0,56.0,270.0,238.0,1361.0,0.0,76.0,1381.0,267.0,66.0,158.5,110.0,224.5,118.0,1879.0,292.0,574.0,283.0,863.0,2599.0,675.0,1905.0,1226.0,401.0,88.0,57.0,1142.0,828.0,605.0,2663.0,2380.0,117.0,190.0,388.0,3743.0,329.0,567.0,298.0,0.0,570.0,1837.0,1987.0,4151.0,704.0,163.0,596.0,104.0,874.5,344.0,120.0,131.5,710.0,30.0,40.0,223.0,78.0,684.0,41.0,207.0,179.0,611.5,83.0,235.0,0.0,501.0,801.0,278.0,3079.0,817.0,0.0,0.0,480.5,57.0,163.0,1243.0,131.0,206.0,351.0,358.0,470.0,1065.0,278.5,148.0,115.0,56.0,0.0,749.5,0.0,1050.0,208.0,910.0,1023.0,606.5,4820.0,182.0,345.0,269.0,548.0,170.0,487.0,1978.0,134.0,312.0,241.0,142.0,705.0,58.0,201.0,1298.0,975.0,2414.0,209.0,287.0,0.0,172.0,505.0,168.0,748.0,2078.0,0.0,3654.0,495.0,835.0,185.0,2936.0,333.0,640.0,545.0,130.0,1133.0,799.0,301.0,297.0,1926.0,980.0,71.0,2883.0,923.0,550.0,801.0,2691.0,62.0,790.0,2748.0,605.5,561.0,503.0,415.0,646.0,99.0,1793.0,174849
2020010100,479.0,801.0,2928.0,152.0,349.0,696.0,327.5,131.0,0.0,413.0,505.0,0.0,1945.0,115.0,124.0,1590.0,979.0,173.0,182.0,263.0,0.0,862.0,1149.0,122.0,278.0,73.0,158.0,451.0,4729.0,2596.0,41.0,194.0,1846.0,178.0,217.0,597.0,307.0,215.0,999.0,501.0,78.0,331.0,1056.0,393.0,630.0,101.0,67.0,170.0,210.5,1028.0,104.0,573.0,2103.0,5891.0,375.0,154.0,301.0,779.0,221.0,2911.0,370.0,464.0,124.0,204.0,41.0,213.0,217.0,1028.0,180.0,85.0,1012.0,318.0,88.0,82.5,88.0,179.0,104.0,1277.0,171.0,535.5,240.0,419.0,1616.0,527.0,771.0,1047.0,293.0,108.0,52.0,916.0,785.0,450.0,1984.0,2301.0,90.0,140.5,278.0,3195.0,211.0,294.0,237.0,0.0,483.0,1184.0,1876.0,2361.0,553.0,137.0,461.0,86.0,748.0,302.0,107.0,99.0,576.0,34.0,29.0,448.0,63.0,656.0,35.0,85.0,237.0,632.0,74.0,185.0,0.0,319.0,384.0,262.0,3017.0,762.0,0.0,0.0,320.0,52.0,150.0,1302.0,67.0,184.0,226.0,329.0,560.0,725.0,168.0,140.0,53.0,48.0,0.0,635.0,0.0,768.0,167.0,1002.0,898.0,575.5,3955.0,124.0,345.5,207.0,279.0,184.0,439.5,1822.0,138.0,254.0,334.0,154.0,564.0,61.0,141.0,612.0,637.0,1521.0,176.0,252.0,0.0,138.0,293.0,135.0,604.0,2759.0,0.0,2250.0,345.5,657.0,151.0,1919.0,225.5,441.0,428.0,253.0,866.0,817.0,227.0,264.0,990.0,477.0,79.0,3081.0,796.0,403.0,628.0,1554.0,48.0,451.0,2085.0,445.0,350.0,299.0,349.0,481.0,94.0,1304.0,141118
2020020100,459.0,512.5,3105.0,152.0,669.0,593.0,456.5,98.0,0.0,314.0,472.0,0.0,2065.0,98.0,251.0,1782.0,702.0,135.0,249.0,227.0,0.0,946.0,1032.0,139.0,241.0,86.0,166.0,382.0,3685.0,2328.0,37.0,146.0,2296.0,235.0,163.0,547.0,284.0,223.0,876.0,477.5,85.0,272.0,1055.0,253.0,581.0,75.0,53.0,149.0,195.0,972.0,109.0,488.5,1918.0,8251.0,363.0,102.0,136.0,630.0,199.0,2671.0,334.5,453.0,136.0,244.0,39.0,157.0,198.0,853.0,173.0,59.0,915.0,329.0,72.0,61.0,80.0,135.0,125.0,1179.0,203.0,533.5,235.0,369.0,1566.0,527.0,682.0,814.0,275.5,66.0,42.0,682.0,686.0,464.0,2071.0,2313.0,72.0,140.5,292.0,3076.0,163.0,269.0,220.0,0.0,438.0,1195.0,1301.0,2083.0,471.0,146.0,469.0,68.0,660.5,238.0,85.0,88.0,516.0,33.0,23.0,169.0,41.0,650.0,42.0,79.0,186.0,653.0,70.0,136.0,0.0,331.0,367.0,201.0,2529.0,680.0,0.0,0.0,286.0,80.0,125.0,1585.0,60.0,166.0,202.0,322.0,417.0,750.0,140.5,128.0,32.0,41.0,0.0,514.0,0.0,746.0,152.0,961.0,964.0,463.5,5945.0,121.0,335.5,203.0,234.0,179.0,394.5,1549.0,73.0,233.0,243.0,139.0,528.0,35.0,148.0,452.0,576.0,1473.0,158.0,193.0,0.0,98.0,262.0,121.0,616.0,1798.0,0.0,1995.0,341.5,658.0,130.0,1645.0,204.0,365.0,411.0,152.0,806.0,757.0,166.0,257.0,779.0,481.0,61.0,3303.0,622.0,360.0,611.0,1255.0,44.0,299.0,1892.0,355.5,485.0,301.0,266.0,417.0,87.0,1254.0,134127
2020030100,664.0,697.5,4013.0,180.0,834.0,981.0,364.0,167.0,0.0,565.0,542.0,0.0,2874.0,172.0,132.0,1735.0,686.0,168.0,253.0,1046.0,0.0,1077.0,1881.0,201.0,388.0,128.0,207.0,594.0,5002.0,3739.0,67.0,229.0,3420.0,255.0,241.0,964.0,290.0,338.0,1393.0,526.5,83.0,416.0,1307.0,690.0,1323.0,123.0,52.0,242.0,280.5,1778.0,120.0,1023.5,2989.0,7936.0,765.0,208.0,225.5,1409.0,258.0,3037.0,465.5,567.0,128.0,213.0,46.0,387.0,171.0,1448.0,221.0,73.0,1315.0,309.0,70.0,95.5,113.5,141.5,144.0,1509.0,316.0,664.0,257.0,591.0,2486.0,542.0,1193.0,1568.0,457.5,104.0,60.0,1197.0,761.0,890.0,2972.0,3309.0,83.0,160.5,401.0,4332.0,395.0,530.0,306.0,0.0,568.0,1581.0,1788.0,4270.0,509.0,168.0,654.0,74.0,785.5,314.0,95.0,117.5,724.0,33.0,10.0,168.0,59.0,794.0,26.0,79.0,171.0,791.0,92.0,132.0,0.0,538.0,634.0,313.0,8812.0,1290.0,0.0,0.0,457.5,97.0,135.0,2629.0,108.0,240.0,398.0,400.0,384.0,1380.0,272.0,193.0,42.0,72.0,118.0,675.0,0.0,1137.0,169.0,1222.0,1076.0,552.0,5249.0,156.0,327.5,292.0,338.0,140.0,413.0,1762.0,108.0,274.0,271.0,177.0,613.0,39.0,160.0,1094.0,1121.0,2845.0,191.0,248.0,0.0,124.0,520.0,152.0,799.0,2253.0,0.0,2957.0,592.5,1028.0,208.0,2776.0,272.5,532.0,520.0,107.0,1162.0,622.0,250.0,353.0,1650.0,917.0,91.0,4159.0,961.0,623.0,1237.0,2338.0,42.0,651.0,3718.0,718.5,631.0,475.0,250.0,817.0,59.0,1641.0,193455
2020040100,783.0,679.0,3528.0,229.0,647.0,1119.0,263.5,179.0,0.0,492.0,838.0,0.0,2930.0,234.0,161.0,1152.0,709.0,256.0,278.0,2271.0,0.0,1190.0,2977.0,370.0,309.0,151.0,228.0,870.0,6390.0,4840.0,77.0,176.0,7584.0,280.0,455.0,1013.0,333.0,346.0,1285.0,716.5,110.0,671.0,1329.0,561.0,1309.0,282.0,68.0,325.0,404.0,1961.0,148.0,1405.0,3465.0,9289.0,444.0,264.0,293.5,1205.0,271.0,2966.0,574.0,787.0,243.0,216.0,61.0,532.0,226.0,2074.0,371.0,119.0,1646.0,301.0,73.0,173.5,157.0,202.5,140.0,1933.0,479.5,680.0,251.0,1008.0,5003.0,722.0,1964.0,1477.0,547.5,134.0,92.0,1875.0,819.0,1011.0,4196.0,2766.0,154.0,201.5,492.0,4985.0,440.0,789.0,396.0,0.0,573.0,1885.0,2496.0,6611.0,620.0,272.0,860.0,107.0,991.0,435.0,139.0,171.0,931.0,59.0,40.0,223.0,64.0,815.0,42.0,152.0,193.0,779.5,115.0,189.0,0.0,739.0,969.0,623.0,10434.0,1439.0,0.0,0.0,531.5,209.0,216.0,6147.0,219.0,305.0,510.0,324.0,403.0,1405.0,401.5,176.0,43.0,93.0,99.0,770.5,0.0,1330.0,234.0,1274.0,1631.0,546.0,6838.0,141.0,440.0,330.0,300.0,214.0,511.5,2238.0,91.0,402.0,261.0,173.0,628.0,56.0,242.0,1369.0,834.0,4697.0,279.0,276.0,0.0,199.0,1024.0,179.0,722.0,2029.0,0.0,4426.0,812.0,1474.0,217.0,4260.0,404.5,1060.0,557.0,172.0,1460.0,738.0,263.0,382.0,2367.0,1639.0,141.0,3740.0,1247.0,811.0,1066.0,3851.0,43.0,870.0,4506.0,1032.5,605.0,522.0,431.0,999.0,97.0,2209.0,244695
2020050100,860.0,709.5,3359.0,233.0,717.0,888.0,259.0,244.0,0.0,515.0,817.0,0.0,2644.0,194.0,187.0,1284.0,798.0,280.0,300.0,3551.0,0.0,1366.0,3105.0,334.0,472.0,108.0,290.0,1076.0,4776.0,5226.0,49.0,227.0,3029.0,315.0,374.0,1067.0,320.0,384.0,1192.0,981.0,92.0,825.0,1231.0,755.0,1799.0,220.0,47.0,534.0,432.0,2135.0,128.0,1389.5,4278.0,8684.0,608.0,304.0,308.0,1444.0,339.0,3091.0,608.0,752.0,160.0,221.0,66.0,344.0,279.0,2458.0,297.0,67.0,1866.0,380.0,108.0,173.0,102.5,201.5,144.0,1961.0,519.0,679.5,267.0,1166.0,4173.0,727.0,2069.0,1428.0,555.5,114.0,77.0,1673.0,860.0,1309.0,4286.0,2937.0,143.0,218.0,619.0,4725.0,379.0,941.0,484.0,0.0,819.0,2214.0,2664.0,6027.0,591.0,203.0,835.0,125.0,991.5,450.0,151.0,194.5,857.0,42.0,31.0,225.0,78.0,859.0,40.0,142.0,280.0,762.5,136.0,226.0,0.0,780.0,1041.0,342.0,4429.0,1394.0,0.0,24.0,583.0,206.0,208.0,2042.0,319.0,196.0,632.0,362.0,443.0,2039.0,344.5,187.0,37.0,66.0,87.0,888.0,0.0,1491.0,226.0,1108.0,1657.0,628.5,6307.0,150.0,422.5,376.0,270.0,176.0,556.5,2496.0,122.0,380.0,302.0,159.0,693.0,55.0,254.0,803.5,710.0,4766.0,344.0,287.0,0.0,223.0,1331.0,189.0,908.0,1998.0,0.0,5338.0,849.5,1750.0,195.0,4226.0,400.5,1126.0,574.0,166.0,1395.0,822.0,272.0,368.0,2356.0,1416.0,92.0,3572.0,1208.0,984.0,1189.0,4885.0,56.0,1119.0,4556.0,1414.0,716.0,468.0,420.0,907.0,90.0,2287.0,238369
2020060100,813.0,741.0,3000.0,282.0,591.0,971.0,259.5,225.0,0.0,585.0,811.0,0.0,2977.0,191.0,193.0,1274.0,733.0,218.0,312.0,2883.0,0.0,1182.0,2361.0,275.0,490.0,94.0,272.0,1262.0,4436.0,4852.0,63.0,199.0,2762.0,329.0,418.0,1123.0,271.0,328.0,1147.0,750.0,70.0,1103.0,1238.0,739.0,1618.0,220.0,44.0,348.0,414.0,2251.0,90.0,1420.0,4257.0,10097.0,554.0,236.0,329.5,1430.0,320.0,2872.0,687.0,674.0,156.0,251.0,266.0,460.0,277.0,2007.0,330.0,101.0,1897.0,381.0,91.0,194.5,107.0,232.0,148.0,2152.0,554.0,713.0,311.0,1182.0,3709.0,1461.0,2240.0,1267.0,547.5,112.0,69.0,1982.0,779.0,1157.0,4245.0,2850.0,88.0,233.0,609.0,4623.0,285.0,847.0,349.0,0.0,707.0,2291.0,2742.0,5781.0,1060.0,197.0,773.0,100.0,1022.5,469.0,198.0,158.0,986.0,21.0,26.0,303.0,65.0,813.0,38.0,225.0,223.0,718.5,139.0,320.0,0.0,645.0,1192.0,339.0,3636.0,1299.0,103.0,10.0,727.5,182.0,223.0,1780.0,203.0,273.0,542.0,407.0,382.0,1850.0,315.0,181.0,30.0,68.0,168.0,814.0,21.0,1528.0,280.0,1227.0,1611.0,742.5,5615.0,179.0,448.0,305.0,278.0,224.0,545.0,2212.0,139.0,370.0,352.0,166.0,658.0,50.0,222.0,978.5,722.0,4496.0,262.0,251.0,0.0,216.0,1421.0,184.0,971.0,2000.0,0.0,5277.0,698.5,1674.0,208.0,4117.0,427.0,1410.0,632.0,176.0,1451.0,952.0,261.0,358.0,2521.0,1687.0,89.0,3216.0,1094.0,826.0,1116.0,5013.0,66.0,1444.0,4145.0,888.0,560.0,547.0,501.0,929.0,133.0,2173.0,233971
2020070100,740.0,631.0,3096.0,233.0,531.0,782.0,283.0,206.0,0.0,485.0,614.0,0.0,2348.0,138.0,187.0,1991.0,751.0,242.0,295.0,2192.0,0.0,1044.0,1173.0,254.0,319.0,83.0,226.0,715.0,3978.0,3598.0,68.0,195.0,1993.0,337.0,270.0,857.0,349.0,280.0,817.0,652.5,105.0,693.0,976.0,432.0,906.0,138.0,49.0,276.0,359.0,1410.0,153.0,917.5,2971.0,9303.0,485.0,210.0,295.0,1044.0,261.0,2613.0,504.5,704.0,156.0,269.0,353.0,302.0,228.0,1170.0,312.0,126.0,1271.0,350.0,107.0,146.0,116.0,232.5,140.0,1950.0,336.5,655.5,300.0,879.0,2127.0,766.0,1550.0,1102.0,384.0,112.0,107.0,1357.0,790.0,715.0,2639.0,2569.0,129.0,237.0,373.0,3796.0,268.0,583.0,309.0,0.0,586.0,1875.0,2049.0,3152.0,564.0,162.0,555.0,139.0,826.0,308.0,194.0,172.0,671.0,26.0,41.0,214.0,75.0,665.0,43.0,187.0,154.0,760.5,105.0,275.0,0.0,509.0,644.0,283.0,2699.0,926.0,327.0,15.0,470.0,175.0,186.0,1508.0,115.0,291.0,426.0,353.0,343.0,990.0,228.5,194.0,32.0,86.0,115.0,812.0,38.0,916.0,216.0,988.0,1114.0,496.5,4854.0,175.0,466.5,292.0,358.0,225.0,605.0,1712.0,143.0,242.0,404.0,200.0,566.0,45.0,212.0,489.0,613.0,3064.0,195.0,280.0,0.0,198.0,661.0,211.0,846.0,2086.0,0.0,3269.0,606.0,1381.0,218.0,2720.0,326.0,934.0,539.0,164.0,936.0,763.0,273.0,302.0,1285.0,1255.0,100.0,3150.0,896.0,554.0,873.0,2708.0,80.0,1259.0,3337.0,523.0,389.0,449.0,393.0,628.0,117.0,1552.0,180327
2020080100,587.0,690.0,3331.0,249.0,336.0,578.0,223.5,182.0,0.0,394.0,622.0,0.0,2173.0,120.0,150.0,2662.0,661.0,156.0,288.0,900.0,0.0,1139.0,1182.0,198.0,292.0,88.0,216.0,671.0,4307.0,2886.0,46.0,172.0,2105.0,341.0,214.0,728.0,268.0,199.0,906.0,634.5,205.0,530.0,1142.0,352.0,675.0,110.0,49.0,228.0,282.0,1223.0,140.0,732.5,2581.0,14091.0,408.0,186.0,176.5,949.0,562.0,2652.0,421.0,591.0,131.0,187.0,421.0,219.0,216.0,951.0,194.0,96.0,1349.0,268.0,110.0,125.0,99.0,168.0,168.0,1482.0,272.5,588.5,264.0,520.0,1930.0,1129.0,1161.0,1217.0,295.0,77.0,82.0,1162.0,710.0,807.0,2657.0,2535.0,91.0,268.5,341.0,3566.0,249.0,451.0,236.0,0.0,516.0,1775.0,1675.0,2872.0,592.0,128.0,467.0,92.0,846.0,289.0,108.0,112.5,480.0,17.0,33.0,169.0,78.0,621.0,52.0,125.0,147.0,950.5,97.0,177.0,0.0,402.0,483.0,285.0,3131.0,786.0,364.0,10.0,379.5,128.0,161.0,1320.0,108.0,209.0,380.0,262.0,332.0,789.0,181.5,130.0,38.0,64.0,95.0,645.5,21.0,913.0,170.0,930.0,955.0,471.0,4346.0,134.0,366.5,240.0,332.0,193.0,522.0,1662.0,295.0,229.0,321.0,176.0,561.0,42.0,148.0,398.5,570.0,2120.0,192.0,256.0,0.0,145.0,403.0,188.0,632.0,1947.0,0.0,2330.0,493.5,885.0,130.0,2385.0,237.0,658.0,640.0,120.0,865.0,815.0,230.0,317.0,1098.0,691.0,53.0,2763.0,732.0,412.0,746.0,1629.0,47.0,739.0,2679.0,435.0,329.0,366.0,354.0,594.0,120.0,1409.0,165509
2020090100,836.0,734.0,3103.0,261.0,578.0,763.0,208.0,167.0,0.0,476.0,646.0,0.0,2419.0,173.0,210.0,1442.0,605.0,171.0,398.0,1265.0,0.0,1215.0,2093.0,212.0,356.0,90.0,243.0,1107.0,4161.0,3508.0,54.0,197.0,1996.0,322.0,325.0,888.0,397.0,290.0,1135.0,650.5,87.0,693.0,1301.0,661.0,1006.0,171.0,44.0,275.0,360.5,1789.0,162.0,1264.0,3096.0,6469.0,513.0,242.0,281.5,1191.0,343.0,3001.0,489.5,627.0,209.0,246.0,621.0,453.0,295.0,1705.0,328.0,107.0,1489.0,304.0,108.0,188.0,131.0,224.5,153.0,1585.0,345.5,561.0,306.0,670.0,2709.0,841.0,1748.0,1303.0,507.0,119.0,68.0,1526.0,742.0,782.0,3180.0,2872.0,90.0,267.0,520.0,4031.0,379.0,703.0,429.0,0.0,1174.0,1532.0,1888.0,4741.0,514.0,238.0,673.0,99.0,790.0,359.0,146.0,185.5,721.0,18.0,25.0,192.0,55.0,673.0,62.0,150.0,181.0,693.5,132.0,205.0,0.0,583.0,715.0,318.0,4957.0,1158.0,595.0,361.0,492.5,228.0,190.0,1469.0,254.0,294.0,459.0,250.0,394.0,1201.0,324.5,185.0,34.0,74.0,121.0,756.0,25.0,1059.0,222.0,1048.0,1177.0,459.0,4948.0,197.0,461.0,446.0,391.0,267.0,456.0,1890.0,204.0,489.0,284.0,171.0,595.0,48.0,203.0,551.0,3699.0,3379.0,237.0,330.0,0.0,185.0,673.0,209.0,715.0,2064.0,0.0,3285.0,550.5,1061.0,230.0,3119.0,315.5,683.0,679.0,180.0,1189.0,824.0,317.0,421.0,2096.0,1130.0,111.0,3157.0,1022.0,646.0,1012.0,3575.0,69.0,1181.0,4243.0,754.5,570.0,504.0,332.0,804.0,101.0,1732.0,197872
2020100100,784.0,696.0,2808.0,296.0,570.0,680.0,228.5,181.0,0.0,649.0,737.0,0.0,2459.0,150.0,272.0,1492.0,873.0,272.0,369.0,1248.0,19.0,1357.0,2513.0,225.0,425.0,90.0,287.0,1362.0,4096.0,4794.0,64.0,193.0,1912.0,252.0,397.0,1028.0,446.0,317.0,1009.0,700.0,98.0,781.0,965.0,508.0,1128.0,221.0,41.0,309.0,414.0,1949.0,126.0,1217.0,3163.0,6059.0,576.0,262.0,390.5,1394.0,295.0,2741.0,555.0,701.0,222.0,264.0,792.0,376.0,263.0,1768.0,344.0,106.0,1912.0,332.0,102.0,200.5,180.0,215.5,147.0,1971.0,503.5,591.5,273.0,966.0,3404.0,1088.0,2226.0,1266.0,500.0,123.0,60.0,1906.0,794.0,850.0,3608.0,2804.0,99.0,226.0,575.0,4164.0,469.0,696.0,440.0,0.0,735.0,1429.0,2868.0,4887.0,570.0,203.0,780.0,114.0,874.0,509.0,148.0,186.5,797.0,39.0,37.0,214.0,78.0,778.0,125.0,139.0,223.0,665.0,107.0,334.0,0.0,815.0,824.0,307.0,2948.0,1119.0,786.0,629.0,636.5,239.0,180.0,1395.0,265.0,299.0,666.0,308.0,355.0,1378.0,325.0,193.0,44.0,75.0,117.0,1057.0,35.0,1352.0,301.0,972.0,1453.0,548.0,3924.0,189.0,407.0,396.0,282.0,255.0,499.5,1941.0,136.0,301.0,339.0,152.0,618.0,42.0,258.0,628.5,1124.0,4100.0,324.0,313.0,0.0,184.0,941.0,277.0,1090.0,1813.0,0.0,3993.0,576.5,1096.0,234.0,3377.0,371.5,1015.0,611.0,156.0,1403.0,915.0,301.0,419.0,2279.0,1793.0,103.0,2811.0,1219.0,928.0,1221.0,4028.0,71.0,1499.0,15301.0,847.0,784.0,499.0,405.0,703.0,94.0,1975.0,219674
2020110100,802.0,626.0,2775.0,235.0,494.0,762.0,291.5,157.0,0.0,609.0,798.0,0.0,2408.0,141.0,229.0,1879.0,969.0,246.0,409.0,1036.0,15.0,1752.0,1963.0,224.0,424.0,99.0,229.0,1513.0,4490.0,5476.0,51.0,234.0,2898.0,192.0,313.0,1341.0,362.0,367.0,1116.0,709.0,98.0,855.0,1037.0,503.0,1178.0,141.0,53.0,328.0,357.0,1709.0,150.0,1227.5,3394.0,6427.0,664.0,234.0,287.0,1541.0,318.0,6165.0,482.0,560.0,201.0,234.0,695.0,275.0,268.0,1493.0,280.0,120.0,1679.0,289.0,91.0,223.0,133.0,270.0,169.0,1753.0,467.5,673.0,309.0,785.0,4211.0,900.0,1885.0,1240.0,470.5,134.0,74.0,1602.0,728.0,1074.0,3263.0,2625.0,72.0,261.5,433.0,3912.0,301.0,730.0,413.5,0.0,804.0,1926.0,3677.0,4661.0,931.0,175.0,683.0,94.0,853.0,372.0,154.0,181.5,773.0,48.0,32.0,205.0,70.0,716.0,81.0,132.0,262.0,659.0,119.0,584.0,0.0,641.0,919.0,362.0,4759.0,956.0,939.0,546.0,678.0,207.0,236.0,1950.0,187.0,312.0,503.0,382.0,447.0,1258.0,256.0,216.0,39.0,67.0,114.0,1046.5,43.0,1024.0,308.0,1058.0,1274.0,601.0,4773.0,195.0,409.0,497.0,310.0,285.0,653.5,2324.0,161.0,403.0,351.0,201.0,748.0,46.0,219.0,1061.5,1290.0,4079.0,296.0,214.0,0.0,205.0,653.0,208.0,1197.0,1908.0,0.0,3292.0,597.0,1215.0,189.0,3202.0,368.5,930.0,686.0,153.0,1119.0,823.0,347.0,354.0,1972.0,1163.0,86.0,2630.0,995.0,634.0,988.0,3894.0,91.0,1681.0,6984.0,634.0,522.0,527.0,436.0,772.0,134.0,1712.0,217309
2020120100,948.0,716.5,3108.0,445.0,646.0,912.0,249.5,316.0,0.0,698.0,844.0,0.0,2583.0,280.0,261.0,1846.0,1042.0,334.0,428.0,878.0,69.0,2233.0,874.5,408.0,601.0,49.0,154.0,1436.0,4843.0,5612.0,32.0,312.0,2170.0,342.0,407.0,1309.0,371.0,389.0,1254.0,767.0,111.0,943.0,1133.0,580.0,1686.0,208.0,112.0,373.0,412.5,2014.0,115.0,1404.0,3531.0,7557.0,771.0,320.0,388.5,1628.0,458.0,3904.0,583.5,933.0,256.0,218.0,866.0,364.0,334.0,2472.0,357.0,112.0,1879.0,385.0,110.0,213.0,126.0,299.5,147.0,2042.0,579.5,724.0,437.0,975.0,2919.0,1033.0,2246.0,1581.0,563.0,138.0,99.0,1392.0,964.0,1241.0,3538.0,2647.0,93.0,317.5,742.0,4255.0,411.0,1087.0,512.0,2.0,847.0,2321.0,3449.0,4877.0,614.0,220.0,882.0,184.0,961.0,393.0,212.0,184.5,822.0,46.0,88.0,264.0,83.0,879.0,115.0,141.0,237.0,802.5,103.0,655.0,0.0,735.0,1029.0,419.0,3750.0,1142.0,1415.0,693.0,593.5,249.0,212.0,1755.0,213.0,418.0,583.0,438.0,361.0,1913.0,296.5,305.0,30.0,60.0,79.0,993.5,32.0,1594.0,352.0,1163.0,1251.0,615.0,5047.0,264.0,496.5,372.0,927.0,246.0,832.0,2308.0,247.0,485.0,431.0,245.0,886.0,130.0,305.0,968.0,1189.0,4350.0,366.0,357.0,0.0,270.0,852.0,194.0,1327.0,2483.0,0.0,3310.0,591.0,1331.0,265.0,3428.0,448.0,1079.0,691.0,216.0,1388.0,1042.0,411.0,355.0,2231.0,1525.0,85.0,2459.0,1213.0,829.0,1184.0,4322.0,72.0,1322.0,5818.0,736.0,589.0,561.0,431.0,968.0,137.0,1944.0,234121
2021010100,726.0,520.0,3217.0,205.0,420.0,793.0,294.5,162.0,69.0,516.0,718.0,0.0,2321.0,142.0,188.0,1394.0,943.0,209.0,378.0,314.0,50.0,1257.0,1160.0,231.0,322.0,85.0,236.0,648.0,4669.0,3647.0,47.0,197.0,1521.0,331.0,257.0,919.0,367.0,290.0,990.0,654.5,108.0,458.0,1040.0,422.0,806.0,136.0,88.0,264.0,317.5,1300.0,127.0,858.5,2588.0,6796.0,618.0,356.0,314.0,1089.0,351.0,3536.0,520.0,564.0,174.0,228.0,495.0,184.0,279.0,1107.0,334.0,100.0,1108.0,300.0,102.0,185.5,108.0,217.5,123.0,1369.0,308.0,672.0,304.0,534.0,1743.0,863.0,1389.0,1159.0,341.0,121.0,69.0,922.0,883.0,685.0,2232.0,2469.0,76.0,227.5,314.0,4246.0,240.0,457.0,348.0,0.0,623.0,1462.0,2353.0,2554.0,416.0,152.0,638.0,137.0,829.5,302.0,119.0,156.5,675.0,59.0,302.0,127.5,70.0,708.0,93.0,99.0,255.0,778.5,80.0,259.0,0.0,564.0,472.0,382.0,4831.0,679.0,481.0,447.0,407.5,127.0,142.0,1570.0,119.0,292.0,404.0,360.0,443.0,777.0,433.0,259.0,37.0,55.0,102.0,752.5,35.0,819.0,210.0,974.0,1071.0,519.0,3901.0,194.0,427.0,340.0,348.0,278.0,696.0,1966.0,190.0,304.0,368.0,177.0,782.0,98.0,230.0,590.5,1002.0,2441.0,229.0,231.0,0.0,189.0,375.0,180.0,1002.0,2117.0,0.0,2307.0,474.5,1045.0,209.0,2244.0,263.5,629.0,646.0,163.0,950.0,716.0,302.0,318.0,1150.0,772.0,146.0,2451.0,945.0,479.0,825.0,1767.0,81.0,584.0,3616.0,469.5,398.0,379.0,339.0,466.0,128.0,1473.0,170343
2021020100,742.0,455.5,2592.0,228.0,310.0,679.0,364.5,171.0,38.0,364.0,594.0,0.0,1782.0,124.0,159.0,1286.0,837.0,147.0,337.0,269.0,38.0,1352.0,885.0,146.0,263.0,62.0,193.0,529.0,3505.0,3000.0,43.0,205.0,1292.0,343.0,233.0,766.0,309.0,281.0,908.0,521.0,92.0,366.0,891.0,278.0,734.0,150.0,86.0,191.0,248.5,1052.0,112.0,633.5,2144.0,5344.0,527.0,175.0,272.0,924.0,299.0,3079.0,473.5,729.0,191.0,196.0,416.0,177.0,270.0,845.0,235.0,86.0,1068.0,297.0,77.0,112.5,103.0,173.0,147.0,1279.0,251.0,624.0,244.0,461.0,1431.0,729.0,827.0,1096.0,276.0,95.0,76.0,843.0,744.0,687.0,1934.0,1890.0,68.0,177.5,317.0,3579.0,204.0,334.0,300.0,0.0,551.0,1265.0,1915.0,1974.0,423.0,133.0,568.0,106.0,746.5,325.0,130.0,138.0,571.0,47.0,277.0,109.5,64.0,664.0,193.0,100.0,197.0,661.5,73.0,229.0,0.0,446.0,434.0,260.0,4559.0,581.0,347.0,407.0,331.0,104.0,133.0,1006.0,76.0,274.0,334.0,337.0,394.0,636.0,379.5,211.0,25.0,61.0,101.0,615.0,27.0,792.0,186.0,1086.0,854.0,523.0,2637.0,142.0,361.5,322.0,293.0,204.0,479.5,1802.0,174.0,291.0,297.0,154.0,654.0,88.0,172.0,413.0,1252.0,2161.0,191.0,197.0,0.0,161.0,336.0,167.0,737.0,2525.0,0.0,1758.0,453.5,830.0,161.0,1902.0,210.0,493.0,536.0,172.0,830.0,755.0,231.0,286.0,879.0,495.0,94.0,2055.0,844.0,405.0,684.0,1436.0,90.0,813.0,3002.0,452.5,381.0,348.0,285.0,449.0,112.0,1274.0,144823
2021030100,921.0,704.5,3012.0,250.0,692.0,1084.0,415.0,184.0,40.0,609.0,868.0,0.0,2380.0,166.0,172.0,1420.0,1043.0,231.0,410.0,890.0,32.0,1172.0,2722.0,307.0,414.0,81.0,272.0,909.0,4964.0,5085.0,44.0,254.0,1970.0,416.0,327.0,1380.0,409.0,279.0,1120.0,776.0,104.0,1044.0,987.0,640.0,1344.0,215.0,53.0,349.0,400.5,2771.0,125.0,1631.0,3753.0,5971.0,597.0,256.0,279.5,1421.0,398.0,4415.0,615.0,790.0,226.0,209.0,1016.0,378.0,307.0,1923.0,284.0,95.0,1955.0,388.0,108.0,185.5,140.0,271.0,143.0,2173.0,415.0,705.5,370.0,1398.0,2776.0,1035.0,1738.0,1625.0,537.5,114.0,77.0,1827.0,924.0,1332.0,3435.0,2752.0,102.0,280.5,656.0,5847.0,491.0,661.0,455.5,0.0,733.0,1841.0,2443.0,4599.0,471.0,222.0,958.0,119.0,967.5,429.0,153.0,190.5,1005.0,42.0,282.0,128.0,94.0,830.0,405.0,153.0,230.0,753.0,118.0,352.0,0.0,788.0,746.0,414.0,3886.0,1345.0,1335.0,690.0,541.0,216.0,218.0,1675.0,158.0,317.0,689.0,375.0,402.0,1279.0,417.0,237.0,37.0,68.0,96.0,763.0,24.0,1248.0,245.0,1317.0,1432.0,551.5,5013.0,227.0,415.5,488.0,337.0,297.0,593.0,2372.0,263.0,366.0,345.0,135.0,820.0,65.0,247.0,992.0,1344.0,5099.0,245.0,240.0,0.0,194.0,990.0,247.0,1101.0,2704.0,0.0,3210.0,765.5,1620.0,232.0,3315.0,336.0,847.0,687.0,223.0,1386.0,842.0,343.0,381.0,2238.0,2016.0,97.0,2317.0,1449.0,810.0,1293.0,3746.0,66.0,1065.0,4903.0,824.0,593.0,705.0,386.0,1027.0,164.0,2161.0,226247
2021040100,931.0,678.0,2867.0,278.0,669.0,1155.0,389.5,235.0,38.0,566.0,1031.0,0.0,2427.0,195.0,186.0,1404.0,964.0,276.0,449.0,1575.0,39.0,1752.0,3330.0,301.0,526.0,86.0,299.0,1033.0,4984.0,5428.0,46.5,320.0,2515.0,364.0,446.0,1241.0,390.0,339.0,1146.0,958.0,83.0,1160.0,1091.0,595.0,1521.0,192.0,82.0,405.0,570.5,2334.0,142.0,1582.5,4247.0,6762.0,719.0,231.0,355.5,1500.0,477.0,4182.0,622.0,730.0,234.0,290.0,1382.0,469.0,281.0,2318.0,418.0,149.0,1660.0,450.0,95.0,251.0,162.5,250.5,155.0,2210.0,548.0,790.5,290.0,1875.0,3414.0,980.0,2344.0,1732.0,703.5,112.0,119.0,2101.0,934.0,1186.0,4107.0,2877.0,128.0,321.0,1074.0,7212.0,551.0,755.0,548.0,0.0,773.0,2066.0,2885.0,6076.0,545.0,218.0,1005.0,140.0,1003.5,598.0,168.0,192.0,950.0,45.0,313.0,175.5,67.0,849.0,442.0,227.0,213.0,760.0,109.0,348.0,0.0,877.0,1042.0,452.0,4189.0,1447.0,1373.0,946.0,636.0,245.0,316.0,2207.0,280.0,389.0,824.0,337.0,522.0,1476.0,348.0,292.0,36.0,113.0,105.0,960.5,27.0,1338.0,309.0,1443.0,1797.0,880.5,4849.0,209.0,410.0,488.0,313.0,351.0,542.0,2724.0,302.0,375.0,338.0,163.0,782.0,91.0,304.0,900.0,1107.0,6181.0,360.0,323.0,0.0,237.0,1416.0,247.0,1459.0,2529.0,0.0,4582.0,882.5,1690.0,276.0,3924.0,468.5,970.0,703.0,200.0,1745.0,965.0,323.0,370.0,2589.0,2721.0,127.0,2171.0,1607.0,990.0,1149.0,5056.0,75.0,1606.0,5683.0,983.0,724.0,600.0,458.0,850.0,202.0,2368.0,254270
2021050100,880.0,702.5,3008.0,250.0,510.0,974.0,372.5,189.0,36.0,583.0,909.0,0.0,2567.0,165.0,185.0,1436.0,819.0,218.0,425.0,1225.0,36.0,1159.0,2563.0,254.0,444.0,41.5,114.0,1147.0,5344.0,5002.0,41.0,399.0,1981.0,361.0,358.0,1233.0,422.0,363.0,1022.0,765.0,121.0,1239.0,999.0,541.0,1398.0,189.0,73.0,321.0,472.5,1921.0,190.0,1456.5,3887.0,6721.0,692.0,262.0,380.0,1529.0,355.0,3632.0,656.0,775.0,188.0,231.0,841.0,342.0,361.0,1741.0,265.0,207.0,1897.0,366.0,107.0,196.5,159.5,283.0,187.0,1820.0,493.5,699.5,380.0,1471.0,2787.0,1006.0,1847.0,1639.0,469.0,166.0,98.0,2057.0,1055.0,972.0,3458.0,2640.0,106.0,523.0,524.0,4810.0,359.0,688.0,442.0,1.0,713.0,2305.0,3014.0,5561.0,574.0,190.0,857.0,132.0,1087.0,389.0,129.0,179.0,860.0,41.0,242.0,128.0,88.0,790.0,422.0,185.0,246.0,844.0,104.0,301.0,0.0,679.0,633.0,395.0,4464.0,1044.0,1414.0,868.0,607.5,247.0,225.0,1607.0,195.0,354.0,721.0,392.0,4902.0,1452.0,306.0,209.0,41.0,87.0,128.0,861.5,29.0,1285.0,318.0,1202.0,1609.0,652.5,4559.0,294.0,474.5,442.0,326.0,355.0,695.5,2484.0,306.0,359.0,350.0,155.0,719.0,69.0,234.0,941.5,962.0,5710.0,256.0,299.0,0.0,205.0,972.0,221.0,1285.0,2253.0,0.0,3765.0,812.5,2321.0,214.0,3871.0,384.0,1187.0,632.0,169.0,1567.0,949.0,293.0,396.0,2270.0,1656.0,114.0,2461.0,1447.0,781.0,974.0,4829.0,59.0,2180.0,5763.0,773.0,609.0,562.0,512.0,814.0,166.0,1975.0,236951
2021060100,880.0,716.0,2417.0,399.0,591.0,875.0,312.5,239.0,28.0,623.0,929.0,0.0,2622.0,158.0,174.0,1100.0,751.0,220.0,360.0,1331.0,26.0,1434.0,2276.0,340.0,507.0,46.0,118.5,1314.0,5084.0,4647.0,28.5,238.0,2018.0,416.0,341.0,1037.0,379.0,350.0,1051.0,704.5,125.0,935.0,974.0,586.0,1752.0,264.0,74.0,267.0,434.5,2190.0,175.0,1465.5,4101.0,6469.0,561.0,358.0,327.5,1374.0,371.0,3296.0,588.0,636.0,194.0,224.0,917.0,344.0,325.0,1941.0,297.0,94.0,1997.0,396.0,111.0,197.0,107.5,276.0,188.0,2189.0,630.5,635.5,317.0,1177.0,2900.0,1090.0,2052.0,1556.0,680.0,85.0,84.0,1529.0,957.0,947.0,3651.0,2487.0,101.0,390.0,702.0,5309.0,284.0,719.0,422.5,2.0,581.0,2094.0,2654.0,5341.0,440.0,171.0,826.0,139.0,1097.5,447.0,165.0,148.5,812.0,27.0,232.0,144.0,47.0,789.0,357.0,148.0,220.0,867.5,102.0,272.0,50.0,608.0,747.0,343.0,4249.0,996.0,1636.0,728.0,637.0,241.0,207.0,1601.0,126.0,339.0,534.0,391.0,2603.0,1444.0,309.5,187.0,39.0,62.0,100.0,759.0,28.0,1233.0,330.0,1225.0,1403.0,580.0,3917.0,248.0,457.5,423.0,324.0,318.0,620.0,2341.0,278.0,312.0,388.0,154.0,666.0,99.0,301.0,894.0,830.0,5682.0,239.0,285.0,0.0,269.0,1141.0,216.0,1250.0,2327.0,0.0,3502.0,744.5,1958.0,251.0,3840.0,402.5,1079.0,660.0,182.0,1422.0,984.0,299.0,433.0,2458.0,1528.0,134.0,2365.0,1249.0,731.0,914.0,5654.0,63.0,1705.0,4550.0,817.5,697.0,525.0,451.0,837.0,177.0,1902.0,227820
2021070100,635.0,555.5,3270.0,141.0,378.0,720.0,420.0,158.0,44.0,477.0,602.0,0.0,2180.0,139.0,224.0,1252.0,690.0,150.0,239.0,607.0,17.0,1348.0,1554.0,185.0,304.0,60.5,100.0,606.0,4384.0,3870.0,61.0,199.0,1367.0,581.0,206.0,880.0,314.0,246.0,850.0,602.0,105.0,632.0,1046.0,513.0,915.0,165.0,47.0,249.0,353.5,1303.0,278.0,948.0,3174.0,6471.0,600.0,146.0,233.0,1188.0,324.0,3096.0,488.5,641.0,161.0,200.0,556.0,222.0,258.0,1168.0,202.0,106.0,1107.0,279.0,93.0,151.0,107.5,195.0,195.0,1391.0,272.0,574.5,294.0,543.0,1743.0,738.0,1080.0,1332.0,381.0,90.0,77.0,1438.0,676.0,678.0,2433.0,2148.0,113.0,407.0,360.0,3807.0,209.0,407.0,327.5,1.0,693.0,1591.0,2351.0,2820.0,398.0,153.0,578.0,95.0,1010.0,345.0,123.0,133.5,629.0,50.5,265.0,93.5,72.0,542.0,337.0,117.0,116.0,902.0,94.0,175.0,55.0,449.0,484.0,328.0,4519.0,650.0,755.0,456.0,409.0,156.0,181.0,1372.0,89.0,239.0,552.0,273.0,567.0,807.0,203.0,146.0,70.0,54.0,118.0,647.5,47.0,822.0,189.0,1691.0,1207.0,544.5,3126.0,185.0,376.5,441.0,402.0,249.0,548.0,1867.0,208.0,237.0,345.0,169.0,547.0,63.0,211.0,622.0,832.0,3586.0,157.0,230.0,0.0,145.0,423.0,190.0,941.0,1963.0,0.0,2402.0,551.5,1105.0,150.0,2643.0,266.5,749.0,612.0,124.0,1020.0,704.0,262.0,277.0,1193.0,721.0,113.0,2114.0,987.0,448.0,699.0,2259.0,72.0,896.0,5528.0,554.5,472.0,385.0,382.0,607.0,143.0,1499.0,172907
2021080100,616.0,540.5,3212.0,171.0,463.0,584.0,378.0,141.0,37.0,452.0,603.0,0.0,2390.0,122.0,156.0,1092.0,738.0,139.0,303.0,608.0,27.0,1297.0,1677.0,171.0,251.0,74.0,168.5,768.0,4556.0,4079.0,95.5,245.0,1572.0,390.0,198.0,830.0,323.0,267.0,843.0,616.0,137.0,505.0,1105.0,354.0,1042.0,175.0,34.0,204.0,345.5,1226.0,171.0,884.5,2903.0,7867.0,608.0,172.0,204.5,988.0,239.0,3089.0,509.0,603.0,162.0,179.0,508.0,216.0,258.0,1223.0,195.0,130.0,1086.0,277.0,60.0,129.0,102.0,229.5,273.0,1331.0,372.5,683.5,218.0,579.0,1903.0,785.0,1120.0,1342.0,333.5,64.0,70.0,1310.0,917.0,696.0,2255.0,2183.0,78.0,292.0,412.0,4157.0,298.0,426.0,321.0,106.0,634.0,1431.0,2525.0,2929.0,455.0,172.0,539.0,80.0,967.5,301.0,124.0,242.5,607.0,26.5,301.0,83.5,131.0,617.0,337.0,89.0,138.0,825.0,76.0,139.0,70.0,449.0,416.0,365.0,5602.0,668.0,590.0,525.0,419.5,145.0,146.0,1518.0,81.0,219.0,533.0,260.0,508.0,824.0,203.0,185.0,108.0,65.0,98.0,967.0,22.0,803.0,273.0,1127.0,1136.0,667.5,3491.0,195.0,370.5,371.0,339.0,249.0,510.0,2056.0,162.0,233.0,299.0,190.0,559.0,36.0,192.0,515.0,740.0,3179.0,197.0,237.0,0.0,124.0,375.0,199.0,892.0,2270.0,0.0,2395.0,414.5,1031.0,117.0,2521.0,250.0,670.0,1249.0,209.0,1670.0,793.0,223.0,380.0,1143.0,736.0,107.0,2740.0,1026.0,445.0,858.0,2497.0,45.0,775.0,3171.0,576.0,479.0,338.0,348.0,630.0,93.0,1454.0,175283
2021090100,860.0,746.0,3020.0,181.0,607.0,799.0,333.5,151.0,59.0,469.0,646.0,0.0,2430.0,175.0,242.0,1113.0,763.0,142.0,291.0,1114.0,20.0,1345.0,2136.0,197.0,304.0,63.0,155.5,1299.0,4906.0,5079.0,163.0,275.0,1698.0,366.0,308.0,985.0,329.0,339.0,1030.0,741.5,92.0,674.0,1099.0,594.0,1279.0,227.0,57.0,326.0,364.5,1623.0,130.0,1323.5,3661.0,6757.0,629.0,256.0,293.5,1355.0,380.0,3410.0,619.5,594.0,197.0,197.0,916.0,277.0,290.0,1834.0,241.0,96.0,1410.0,360.0,93.0,158.0,120.5,251.0,156.0,1785.0,461.0,571.5,245.0,678.0,2685.0,732.0,1611.0,1388.0,456.0,76.0,66.0,2341.0,985.0,818.0,3065.0,2370.0,94.0,369.5,496.0,4939.0,343.0,486.0,375.0,128.0,574.0,1528.0,2730.0,3752.0,405.0,214.0,613.0,89.0,987.5,310.0,110.0,176.0,761.0,41.5,355.0,99.5,84.0,801.0,359.0,152.0,149.0,834.5,114.0,200.0,87.0,630.0,676.0,318.0,4986.0,1004.0,1001.0,642.0,584.0,150.0,181.0,1443.0,160.0,276.0,508.0,222.0,790.0,1164.0,318.0,166.0,166.0,69.0,93.0,899.5,26.0,874.0,196.0,1168.0,1427.0,719.0,4359.0,238.0,442.0,369.0,268.0,275.0,466.0,2027.0,235.0,284.0,302.0,144.0,655.0,54.0,216.0,700.5,741.0,4593.0,203.0,309.0,0.0,170.0,684.0,217.0,942.0,2109.0,0.0,2952.0,502.5,1466.0,163.0,3274.0,274.5,739.0,643.0,137.0,1249.0,843.0,303.0,407.0,1999.0,726.0,92.0,3070.0,1189.0,585.0,856.0,4359.0,83.0,1628.0,4042.0,751.0,622.0,492.0,325.0,885.0,135.0,1778.0,205102
2021100100,851.0,1384.0,3212.0,191.0,708.0,766.0,324.0,258.0,46.0,474.0,705.0,0.0,2125.0,183.0,213.0,1180.0,812.0,180.0,342.0,1399.0,44.0,1287.0,2638.0,216.0,461.0,103.5,180.0,1536.0,4890.0,5546.0,235.5,301.0,2042.0,545.0,463.0,1092.0,368.0,318.0,1118.0,781.0,101.0,878.0,1273.0,448.0,1360.0,299.0,60.0,366.0,422.0,2041.0,109.0,1604.0,3976.0,7386.0,677.0,226.0,414.5,1499.0,468.0,3344.0,688.0,632.0,182.0,250.0,1079.0,353.0,314.0,1977.0,284.0,111.0,1793.0,309.0,82.0,183.5,154.5,249.0,155.0,1982.0,520.5,611.0,230.0,712.0,3204.0,811.0,2343.0,1673.0,521.5,112.0,78.0,3067.0,888.0,950.0,3619.0,2586.0,135.0,392.5,560.0,5174.0,404.0,615.0,441.0,136.0,744.0,1833.0,2903.0,5362.0,518.0,258.0,863.0,109.0,1093.0,488.0,213.0,196.5,867.0,41.0,308.0,107.0,60.0,732.0,369.0,172.0,210.0,740.5,115.0,217.0,85.0,736.0,897.0,361.0,4310.0,1237.0,1482.0,689.0,637.5,262.0,145.0,1499.0,189.0,406.0,583.0,361.0,780.0,1517.0,331.0,193.0,221.0,91.0,105.0,862.5,26.0,1043.0,206.0,1141.0,1656.0,657.5,4669.0,248.0,386.5,404.0,309.0,335.0,474.0,2273.0,312.0,318.0,412.0,165.0,751.0,70.0,314.0,927.5,748.0,5924.0,279.0,358.0,1.0,207.0,1068.0,198.0,1126.0,2163.0,0.0,3697.0,606.5,1669.0,175.0,4144.0,373.5,959.0,530.0,165.0,1402.0,811.0,253.0,361.0,2363.0,1323.0,103.0,2429.0,1240.0,817.0,921.0,5064.0,71.0,1640.0,4761.0,856.0,903.0,484.0,431.0,818.0,135.0,2342.0,232047
2021110100,803.0,640.0,2599.0,285.0,465.0,707.0,314.5,165.0,48.0,476.0,756.0,0.0,2183.0,154.0,151.0,1356.0,1020.0,190.0,388.0,1369.0,19.0,1173.0,1931.0,168.0,409.0,99.0,135.5,1491.0,4906.0,4727.0,197.5,245.0,1881.0,699.0,297.0,1123.0,288.0,318.0,934.0,695.5,119.0,797.0,1208.0,466.0,1182.0,211.0,59.0,283.0,318.5,1688.0,165.0,1241.0,3828.0,6503.0,605.0,288.0,284.5,1360.0,302.0,3037.0,591.0,597.0,180.0,211.0,730.0,303.0,291.0,1464.0,310.0,114.0,1988.0,256.0,87.0,144.5,125.0,231.0,153.0,1678.0,435.5,499.0,222.0,700.0,2531.0,822.0,1747.0,1288.0,393.0,98.0,69.0,2192.0,847.0,821.0,2802.0,2366.0,130.0,432.0,449.0,4282.0,305.0,564.0,401.0,133.0,626.0,1942.0,2833.0,4561.0,372.0,181.0,710.0,101.0,989.0,420.0,135.0,161.5,713.0,38.5,325.0,110.0,84.0,615.0,363.0,180.0,205.0,713.5,115.0,234.0,89.0,547.0,919.0,370.0,8505.0,920.0,1256.0,522.0,626.0,206.0,185.0,1331.0,143.0,325.0,491.0,273.0,413.0,1227.0,254.5,175.0,165.0,62.0,124.0,676.5,50.0,835.0,183.0,1245.0,1385.0,642.0,4034.0,209.0,369.0,317.0,418.0,288.0,555.5,1888.0,249.0,343.0,356.0,135.0,842.0,52.0,217.0,826.0,957.0,5016.0,226.0,298.0,0.0,216.0,693.0,202.0,1609.0,1710.0,0.0,3205.0,541.5,1364.0,177.0,3324.0,322.0,908.0,525.0,117.0,1210.0,699.0,264.0,348.0,1893.0,934.0,83.0,2058.0,1083.0,616.0,769.0,4561.0,74.0,1454.0,3904.0,677.5,611.0,442.0,402.0,635.0,137.0,2753.0,207403
2021120100,741.0,668.5,2754.0,495.0,572.0,623.0,317.5,243.0,56.0,433.0,825.0,0.0,2528.0,124.0,141.0,1154.0,934.0,158.0,324.0,953.0,88.0,1785.0,1561.0,149.0,482.0,94.5,158.0,1079.0,5066.0,4509.0,216.5,220.0,2193.0,513.0,288.0,1009.0,255.0,307.0,931.0,791.5,135.0,860.0,1308.0,418.0,1252.0,208.0,49.0,262.0,318.5,1743.0,187.0,1275.5,3390.0,6980.0,628.0,300.0,342.0,1258.0,334.0,4268.0,980.0,846.0,212.0,176.0,864.0,362.0,293.0,1621.0,267.0,127.0,1885.0,359.0,99.0,161.5,138.5,527.0,181.0,2400.0,450.5,633.0,234.0,674.0,2752.0,1242.0,1831.0,1303.0,411.5,97.0,79.0,1700.0,1180.0,1370.0,3056.0,2508.0,113.0,430.5,777.0,4191.0,273.0,499.0,363.5,146.0,759.0,1689.0,2549.0,4749.0,423.0,191.0,673.0,116.0,1085.0,348.0,162.0,170.5,673.0,32.0,450.0,108.5,101.0,631.0,296.0,177.0,190.0,690.0,150.0,213.0,120.0,443.0,599.0,316.0,4830.0,786.0,1564.0,645.0,676.0,164.0,213.0,1277.0,173.0,296.0,423.0,330.0,477.0,1311.0,229.5,195.0,161.0,91.0,124.0,739.0,52.0,919.0,234.0,1123.0,1226.0,688.5,3863.0,205.0,409.0,308.0,1076.0,249.0,525.0,1774.0,265.0,300.0,394.0,165.0,920.0,46.0,220.0,1023.0,840.0,4868.0,222.0,277.0,0.0,161.0,803.0,166.0,1115.0,1779.0,0.0,2998.0,540.5,1359.0,180.0,3138.0,424.5,1075.0,586.0,135.0,1381.0,821.0,232.0,300.0,1781.0,1071.0,152.0,2076.0,994.0,666.0,749.0,3643.0,89.0,1279.0,3355.0,737.5,698.0,450.0,417.0,722.0,122.0,2203.0,208824
2022010100,612.0,526.5,2716.0,732.0,359.0,670.0,383.0,226.0,49.0,555.0,670.0,125.0,2445.0,167.0,198.0,1317.0,1036.0,150.0,324.0,504.0,148.0,1486.0,1197.0,166.0,461.0,88.0,197.0,538.0,4640.0,3704.0,159.5,336.0,2075.0,505.0,232.0,956.0,359.0,251.0,841.0,879.5,159.0,478.0,1240.0,451.0,874.0,228.0,86.0,203.0,269.0,1579.0,154.0,879.5,2471.0,4966.0,624.0,306.0,276.5,1059.0,334.0,3557.0,509.5,808.0,174.0,224.0,634.0,441.0,256.0,1197.0,327.0,164.0,1688.0,462.0,146.0,134.5,139.0,575.5,213.0,2036.0,244.0,651.5,263.0,513.0,1661.0,1393.0,1168.0,1274.0,372.0,61.0,60.0,1090.0,1092.0,1189.0,1922.0,2344.0,103.0,315.0,1056.0,3980.0,249.0,481.0,383.0,140.0,669.0,1456.0,2216.0,2378.0,430.0,215.0,744.0,149.0,952.0,432.0,172.0,186.5,658.0,43.5,441.0,99.0,94.0,685.0,385.0,159.0,270.0,595.5,122.0,249.0,134.0,423.0,439.0,281.0,10472.0,633.0,508.0,571.0,525.5,137.0,153.0,1383.0,86.0,291.0,368.0,251.0,438.0,1153.0,202.0,168.0,152.0,85.0,99.0,787.0,63.0,803.0,290.0,1660.0,1361.0,590.0,3627.0,239.0,420.5,321.0,1220.0,261.0,500.0,1966.0,179.0,300.0,349.0,159.0,1216.0,84.0,219.0,557.5,859.0,2741.0,189.0,282.0,0.0,241.0,457.0,209.0,1075.0,1712.0,0.0,1981.0,482.0,1053.0,157.0,2101.0,280.0,975.0,513.0,153.0,1234.0,771.0,299.0,331.0,1277.0,884.0,76.0,1755.0,941.0,663.0,758.0,1899.0,80.0,647.0,2866.0,595.0,583.0,520.0,338.0,820.0,118.0,1884.0,183833
2022020100,970.0,569.5,2503.0,278.0,391.0,604.0,371.5,204.0,64.0,296.0,644.0,55.0,1776.0,167.0,126.0,1203.0,738.0,162.0,302.0,399.0,148.0,1202.0,1079.0,135.0,304.0,91.0,144.0,430.0,3992.0,3129.0,159.5,231.0,1624.0,388.0,212.0,744.0,322.0,249.0,910.0,470.0,113.0,439.0,1001.0,278.0,699.0,213.0,62.0,277.0,255.5,1203.0,151.0,707.5,2289.0,7737.0,550.0,166.0,229.0,709.0,280.0,2804.0,458.0,658.0,181.0,262.0,534.0,235.0,266.0,952.0,216.0,140.0,965.0,263.0,111.0,112.0,114.5,226.5,194.0,1127.0,231.0,509.0,229.0,357.0,1418.0,687.0,776.0,1016.0,289.5,98.0,71.0,932.0,714.0,594.0,1734.0,2106.0,119.0,186.5,434.0,3779.0,202.0,322.0,322.5,110.0,601.0,1963.0,1876.0,1948.0,383.0,158.0,576.0,121.0,758.0,374.0,196.0,167.5,507.0,38.0,346.0,92.5,88.0,600.0,341.0,118.0,260.0,504.5,109.0,222.0,120.0,395.0,436.0,235.0,7072.0,594.0,429.0,384.0,446.0,170.0,168.0,1241.0,72.0,348.0,327.0,228.0,271.0,747.0,184.0,146.0,189.0,76.0,111.0,649.0,33.0,672.0,173.0,979.0,1101.0,577.0,3685.0,144.0,396.5,286.0,451.0,204.0,479.0,1656.0,231.0,302.0,335.0,171.0,695.0,55.0,201.0,527.5,641.0,1826.0,169.0,312.0,1.0,176.0,322.0,148.0,939.0,1429.0,0.0,1815.0,444.5,878.0,168.0,1584.0,192.0,603.0,477.0,129.0,899.0,652.0,251.0,309.0,978.0,468.0,78.0,2012.0,885.0,440.0,656.0,1593.0,75.0,489.0,2061.0,498.5,504.0,340.0,312.0,679.0,153.0,1500.0,152699
2022030100,1305.0,743.5,2973.0,313.0,854.0,998.0,350.5,235.0,54.0,438.0,865.0,37.0,2999.0,200.0,179.0,1306.0,926.0,164.0,298.0,748.0,376.0,1285.0,2171.0,199.0,372.0,89.0,151.0,841.0,5057.0,5411.0,252.0,296.0,3028.0,351.0,270.0,1157.0,376.0,329.0,1046.0,645.5,109.0,713.0,1070.0,490.0,1128.0,303.0,53.0,363.0,428.5,1761.0,137.0,1586.0,3061.0,10575.0,556.0,223.0,278.0,1205.0,391.0,2979.0,631.0,716.0,236.0,233.0,904.0,413.0,305.0,2888.0,252.0,140.0,1469.0,289.0,151.0,185.5,140.0,253.5,169.0,1542.0,381.5,569.5,295.0,980.0,2660.0,1000.0,1486.0,1341.0,615.5,85.0,76.0,2006.0,836.0,873.0,3019.0,2582.0,151.0,360.5,581.0,5166.0,353.0,451.0,405.0,146.0,667.0,2988.0,2297.0,4186.0,619.0,193.0,786.0,146.0,909.0,400.0,188.0,189.5,794.0,42.0,400.0,141.5,106.0,684.0,474.0,165.0,192.0,610.0,140.0,193.0,119.0,566.0,683.0,378.0,4979.0,969.0,1206.0,701.0,677.5,172.0,241.0,2150.0,140.0,936.0,601.0,312.0,258.5,1145.0,319.0,170.0,237.0,58.0,102.0,752.0,37.0,1003.0,205.0,1434.0,1642.0,565.5,4642.0,216.0,417.5,386.0,411.0,272.0,494.0,2295.0,261.0,328.0,382.0,143.0,751.0,57.0,184.0,742.0,684.0,4253.0,255.0,241.0,0.0,219.0,781.0,262.0,1124.0,2076.0,45.0,3018.0,640.0,1216.0,186.0,2928.0,319.5,764.0,546.0,197.0,1426.0,778.0,345.0,375.0,2221.0,1314.0,123.0,2074.0,1274.0,569.0,1072.0,3284.0,102.0,1023.0,4034.0,937.5,588.0,493.0,392.0,935.0,138.0,2309.0,218326
2022040100,1112.0,666.5,3359.0,246.0,745.0,1040.0,330.0,289.0,82.0,515.0,905.0,43.0,2472.0,173.0,240.0,1281.0,984.0,170.0,322.0,1094.0,326.0,1161.0,2884.0,217.0,467.0,128.0,185.0,951.0,4124.0,5715.0,306.5,283.0,1860.0,362.0,425.0,1098.0,368.0,324.0,985.0,758.5,119.0,904.0,1102.0,453.0,1366.0,396.0,41.0,417.0,506.5,1801.0,133.0,1401.5,3370.0,6137.0,555.0,177.0,364.5,1214.0,455.0,3033.0,733.0,658.0,234.0,197.0,1181.0,533.0,331.0,1850.0,270.0,144.0,1433.0,391.0,119.0,245.5,144.5,245.0,174.0,1533.0,562.0,527.0,257.0,1975.0,2869.0,670.0,1689.0,1359.0,608.0,81.0,85.0,1569.0,865.0,789.0,3527.0,2479.0,137.0,341.0,546.0,3775.0,521.0,529.0,460.0,187.0,647.0,2103.0,2499.0,4456.0,642.0,197.0,921.0,124.0,1063.0,513.0,208.0,216.0,769.0,43.5,311.0,123.0,96.0,1163.0,425.0,190.0,186.0,670.0,150.0,224.0,139.0,656.0,789.0,345.0,2852.0,1161.0,1166.0,865.0,646.0,254.0,191.0,1210.0,180.0,718.0,669.0,331.0,205.5,1574.0,324.0,145.0,252.0,71.0,131.0,768.5,50.0,1066.0,207.0,1351.0,1906.0,632.0,3730.0,174.0,423.0,333.0,370.0,252.0,526.0,2527.0,303.0,318.0,377.0,194.0,739.0,49.0,276.0,790.5,531.0,5753.0,333.0,338.0,0.0,275.0,1338.0,267.0,1328.0,2829.0,103.0,4074.0,654.5,1416.0,277.0,3317.0,342.0,720.0,506.0,166.0,1552.0,819.0,308.0,381.0,2319.0,2216.0,121.0,1944.0,1372.0,706.0,998.0,4326.0,103.0,1199.0,5403.0,1037.5,780.0,555.0,564.0,735.0,160.0,2697.0,221782
2022050100,1029.0,837.0,4188.0,184.0,408.0,732.0,372.5,205.0,54.0,350.0,842.0,52.0,2024.0,170.0,155.0,1419.0,752.0,144.0,271.0,980.0,228.0,1143.0,967.0,172.0,358.0,137.5,126.0,1138.0,3277.0,5014.0,298.0,246.0,1634.0,346.0,301.0,1132.0,328.0,331.0,878.0,542.0,163.0,926.0,1162.0,491.0,1084.0,260.0,56.0,300.0,501.0,1535.0,155.0,1419.5,3204.0,5401.0,596.0,174.0,371.5,1284.0,434.0,3197.0,589.0,726.0,208.0,231.0,738.0,269.0,296.0,1440.0,190.0,115.0,1345.0,237.0,147.0,222.5,168.5,216.0,262.0,1246.0,646.0,553.5,255.0,1288.0,2209.0,548.0,1366.0,1169.0,398.5,117.0,97.0,1692.0,771.0,580.0,2672.0,2012.0,130.0,421.0,421.0,3063.0,318.0,404.0,385.0,133.0,675.0,2308.0,2854.0,3917.0,507.0,207.0,725.0,127.0,996.0,389.0,166.0,181.0,748.0,29.5,253.0,163.0,66.0,679.0,485.0,158.0,226.0,625.5,137.0,217.0,114.0,570.0,664.0,336.0,3352.0,806.0,1301.0,742.0,590.0,281.0,218.0,1109.0,106.0,560.0,589.0,283.0,234.0,1312.0,223.0,158.0,228.0,68.0,126.0,668.0,48.0,981.0,209.0,1092.0,1591.0,637.5,3119.0,184.0,343.0,347.0,398.0,253.0,475.0,2360.0,277.0,338.0,379.0,218.0,589.0,44.0,202.0,804.0,614.0,4572.0,293.0,239.0,0.0,190.0,687.0,334.0,1403.0,1903.0,98.0,2953.0,641.0,1591.0,195.0,3075.0,425.5,685.0,600.0,178.0,1118.0,785.0,293.0,382.0,2147.0,1497.0,129.0,1866.0,1045.0,604.0,834.0,4541.0,92.0,1648.0,5107.0,710.0,557.0,338.0,508.0,943.0,154.0,2013.0,198045
2022060100,1093.0,537.5,4048.0,168.0,459.0,640.0,390.0,171.0,32.0,371.0,630.0,30.0,1809.0,128.0,172.0,1587.0,668.0,114.0,300.0,766.0,124.0,1131.0,1257.0,177.0,269.0,138.0,109.0,984.0,2854.0,3809.0,210.5,178.0,1358.0,327.0,272.0,925.0,323.0,228.0,877.0,478.0,75.0,612.0,1325.0,450.0,1013.0,197.0,40.0,233.0,331.5,1280.0,141.0,1071.5,2853.0,4337.0,591.0,144.0,250.0,971.0,391.0,2566.0,510.0,591.0,191.0,232.0,780.0,290.0,264.0,1507.0,179.0,105.0,1188.0,265.0,100.0,187.5,129.5,177.5,165.0,1093.0,374.5,475.5,201.0,722.0,2081.0,450.0,1319.0,1011.0,376.0,71.0,77.0,1568.0,719.0,520.0,2477.0,1901.0,143.0,282.5,392.0,2519.0,301.0,285.0,344.0,129.0,456.0,1405.0,2152.0,3460.0,369.0,136.0,650.0,94.0,665.0,373.0,245.0,149.5,649.0,30.0,232.0,138.5,49.0,619.0,311.0,121.0,228.0,491.0,107.0,176.0,75.0,511.0,601.0,252.0,2216.0,674.0,1238.0,622.0,451.5,141.0,133.0,940.0,65.0,460.0,403.0,341.0,222.5,1071.0,205.5,157.0,198.0,46.0,109.0,720.0,31.0,969.0,139.0,882.0,1163.0,595.5,2467.0,150.0,350.5,230.0,296.0,212.0,535.0,1819.0,282.0,267.0,377.0,153.0,584.0,45.0,182.0,605.5,535.0,4026.0,264.0,237.0,0.0,189.0,663.0,247.0,1223.0,1459.0,58.0,3291.0,512.0,1491.0,186.0,2492.0,353.0,590.0,476.0,188.0,1004.0,811.0,222.0,265.0,1759.0,1065.0,104.0,1875.0,904.0,456.0,775.0,4522.0,88.0,1162.0,3183.0,608.5,719.0,346.0,483.0,662.0,96.0,1827.0,167623
2022070100,815.0,442.5,2271.0,127.0,283.0,456.0,267.5,139.0,40.0,308.0,503.0,23.0,1595.0,131.0,135.0,903.0,713.0,105.0,276.0,467.0,93.0,1007.0,791.0,163.0,226.0,88.5,119.0,484.0,2128.0,2647.0,191.5,174.0,1062.0,517.0,217.0,1228.0,259.0,208.0,705.0,408.0,121.0,441.0,597.0,365.0,629.0,138.0,35.0,187.0,278.0,896.0,95.0,671.5,2138.0,3274.0,499.0,216.0,242.5,777.0,249.0,2124.0,376.5,481.0,136.0,164.0,525.0,215.0,201.0,812.0,127.0,107.0,868.0,179.0,105.0,118.5,114.0,172.5,130.0,900.0,219.5,444.5,201.0,534.0,1130.0,440.0,545.0,1071.0,273.5,60.0,84.0,892.0,611.0,383.0,1520.0,1394.0,89.0,246.0,328.0,1689.0,252.0,258.0,284.0,88.0,445.0,951.0,1554.0,1904.0,328.0,119.0,454.0,90.0,645.5,273.0,136.0,127.0,563.0,32.0,232.0,83.0,94.0,518.0,264.0,104.0,157.0,522.5,72.0,140.0,126.0,398.0,370.0,220.0,1981.0,532.0,329.0,390.0,389.0,145.0,102.0,662.0,61.0,402.0,395.0,259.0,156.0,678.0,173.0,131.0,136.0,51.0,82.0,469.5,38.0,617.0,139.0,833.0,1111.0,508.5,1936.0,149.0,349.0,218.0,315.0,210.0,338.0,1440.0,242.0,250.0,289.0,167.0,468.0,84.0,169.0,240.0,326.0,2505.0,178.0,218.0,0.0,165.0,308.0,217.0,840.0,1594.0,37.0,1428.0,383.5,548.0,131.0,1714.0,211.0,359.0,406.0,145.0,805.0,610.0,236.0,218.0,959.0,570.0,109.0,1003.0,733.0,385.0,593.0,1649.0,77.0,506.0,2426.0,512.0,429.0,283.0,381.0,598.0,83.0,1516.0,120505
2022080100,851.0,459.5,3233.0,135.0,563.0,461.0,299.5,153.0,26.0,320.0,418.0,32.0,1634.0,133.0,138.0,1039.0,628.0,145.0,228.0,379.0,89.0,909.0,997.0,151.0,200.0,70.5,129.5,520.0,2339.0,2828.0,163.5,258.0,1075.0,526.0,187.0,722.0,263.0,183.0,751.0,467.0,95.0,408.0,828.0,301.0,706.0,137.0,56.0,170.0,300.0,921.0,130.0,821.5,2251.0,4879.0,406.0,141.0,255.0,791.0,272.0,2142.0,446.5,487.0,122.0,213.0,426.0,173.0,291.0,924.0,132.0,78.0,721.0,244.0,77.0,110.0,120.5,177.0,150.0,1067.0,191.0,444.0,271.0,501.0,1411.0,449.0,844.0,1015.0,275.5,67.0,61.0,1016.0,651.0,362.0,1942.0,1897.0,91.0,305.0,398.0,2237.0,248.0,244.0,275.0,74.0,518.0,1057.0,1685.0,2049.0,345.0,94.0,461.0,107.0,642.5,271.0,139.0,129.0,553.0,40.0,208.0,93.5,49.0,578.0,274.0,71.0,103.0,456.0,80.0,161.0,90.0,385.0,319.0,289.0,1624.0,616.0,434.0,341.0,329.0,120.0,132.0,807.0,187.0,589.0,361.0,373.0,218.5,670.0,179.0,154.0,141.0,28.0,61.0,794.5,23.0,611.0,179.0,863.0,1004.0,457.0,2118.0,151.0,357.5,204.0,296.0,199.0,363.0,1627.0,240.0,234.0,328.0,117.0,539.0,120.0,130.0,258.5,320.0,2504.0,252.0,216.0,0.0,158.0,297.0,195.0,737.0,1307.0,43.0,1689.0,432.0,683.0,161.0,1638.0,252.0,272.0,384.0,169.0,727.0,700.0,253.0,246.0,976.0,526.0,114.0,1783.0,790.0,404.0,638.0,2363.0,87.0,515.0,2477.0,469.5,390.0,317.0,384.0,697.0,98.0,1624.0,130298
2022090100,872.0,560.0,3443.0,172.0,485.0,643.0,333.5,161.0,36.0,416.0,584.0,19.0,1785.0,139.0,160.0,1523.0,595.0,150.0,263.0,631.0,99.0,953.0,1520.0,172.0,256.0,92.0,159.5,916.0,2897.0,3601.0,270.5,246.0,1169.0,531.0,253.0,938.0,332.0,250.0,817.0,486.5,64.0,427.0,1245.0,450.0,827.0,173.0,48.0,244.0,305.0,1299.0,131.0,1097.0,2535.0,6963.0,492.0,146.0,345.0,1528.0,334.0,2684.0,516.5,624.0,153.0,200.0,854.0,243.0,263.0,1319.0,128.0,81.0,982.0,224.0,86.0,134.0,104.0,156.0,145.0,918.0,259.0,509.0,230.0,727.0,1929.0,520.0,1288.0,998.0,391.5,66.0,82.0,1820.0,744.0,491.0,2297.0,2274.0,116.0,345.0,410.0,2618.0,284.0,246.0,320.0,110.0,511.0,1232.0,1881.0,2952.0,332.0,162.0,655.0,85.0,709.0,321.0,141.0,144.5,765.0,33.5,246.0,104.0,58.0,536.0,338.0,104.0,178.0,452.5,101.0,172.0,113.0,444.0,489.0,275.0,2205.0,765.0,650.0,516.0,459.0,174.0,149.0,787.0,97.0,524.0,353.0,367.0,186.0,869.0,204.5,196.0,219.0,32.0,73.0,788.5,35.0,803.0,210.0,903.0,1312.0,611.0,2891.0,163.0,373.0,342.0,391.0,219.0,378.0,1667.0,269.0,312.0,335.0,122.0,639.0,128.0,166.0,476.5,348.0,3425.0,305.0,263.0,1.0,183.0,530.0,208.0,789.0,1423.0,41.0,1393.0,466.0,941.0,180.0,2171.0,279.5,453.0,474.0,174.0,917.0,731.0,277.0,261.0,1753.0,906.0,149.0,1266.0,965.0,542.0,857.0,3315.0,54.0,1114.0,3218.0,608.0,548.0,308.0,424.0,931.0,253.0,1711.0,160251
2022100100,946.0,556.0,2676.0,182.0,521.0,718.0,315.0,144.0,44.0,322.0,677.0,16.0,2192.0,112.0,231.0,1268.0,701.0,201.0,294.0,983.0,119.0,1181.0,1653.0,187.0,230.0,106.0,143.0,1141.0,3382.0,3474.0,337.0,200.0,1422.0,449.0,363.0,834.0,339.0,219.0,983.0,600.5,152.0,601.0,1122.0,389.0,1234.0,240.0,43.0,306.0,286.0,1444.0,154.0,1292.0,2861.0,5999.0,512.0,167.0,309.0,1106.0,355.0,2196.0,581.0,633.0,148.0,208.0,813.0,342.0,272.0,1412.0,174.0,70.0,1172.0,323.0,151.0,131.0,118.5,179.0,150.0,1904.0,409.5,504.0,175.0,627.0,2504.0,527.0,1523.0,1039.0,427.5,71.0,66.0,3432.0,688.0,695.0,2939.0,2549.0,102.0,370.5,413.0,2936.0,361.0,286.0,376.0,111.0,530.0,1410.0,1987.0,3867.0,461.0,179.0,710.0,67.0,779.0,429.0,142.0,147.5,838.0,35.0,252.0,108.5,67.0,623.0,327.0,108.0,188.0,557.5,76.0,234.0,92.0,465.0,595.0,259.0,2508.0,829.0,870.0,751.0,503.5,195.0,169.0,1044.0,132.0,536.0,416.0,310.0,206.0,1393.0,236.5,124.0,180.0,45.0,78.5,774.5,25.0,821.0,175.0,986.0,1408.0,515.0,3046.0,153.0,346.5,301.0,338.0,293.0,337.5,1757.0,291.0,317.0,306.0,154.0,595.0,121.0,125.0,613.5,329.0,3660.0,365.0,241.0,0.0,188.0,810.0,255.0,935.0,1579.0,52.0,1436.0,566.5,936.0,171.0,2325.0,401.5,610.0,735.0,167.0,993.0,712.0,235.0,264.0,1957.0,1063.0,158.0,1178.0,1148.0,601.0,920.0,4245.0,65.0,994.0,3035.0,709.0,710.0,378.0,439.0,567.0,153.0,2278.0,175523
2022110100,924.0,564.5,2250.0,175.0,556.0,566.0,282.0,139.0,30.0,345.0,636.0,26.0,1838.0,93.0,123.0,1260.0,717.0,155.0,408.0,1085.0,99.0,937.0,1167.0,195.0,158.0,80.0,126.0,928.0,2940.0,3227.0,339.5,253.0,1198.0,541.0,306.0,818.0,311.0,234.0,757.0,553.5,67.0,691.0,1023.0,394.0,787.0,181.0,36.0,197.0,242.0,1226.0,113.0,896.0,2729.0,5142.0,572.0,116.0,308.0,1027.0,293.0,2104.0,523.0,583.0,119.0,216.0,623.0,256.0,216.0,1087.0,124.0,77.0,1078.0,302.0,96.0,147.5,114.5,198.0,143.0,1155.0,351.5,486.5,250.0,623.0,2109.0,499.0,1199.0,880.0,414.5,71.0,56.0,2132.0,617.0,571.0,2363.0,2634.0,111.0,376.5,445.0,3082.0,219.0,296.0,319.0,102.0,535.0,1562.0,1789.0,3240.0,338.0,138.0,546.0,83.0,750.5,342.0,144.0,203.0,690.0,26.5,261.0,253.5,52.0,554.0,231.0,90.0,214.0,464.0,92.0,220.0,137.0,395.0,543.0,216.0,2143.0,707.0,968.0,611.0,439.5,218.0,170.0,904.0,83.0,478.0,333.0,314.0,194.0,812.0,222.0,130.0,180.0,53.0,64.0,780.0,37.0,689.0,198.0,917.0,1102.0,555.5,2916.0,139.0,354.0,292.0,284.0,266.0,366.5,1570.0,241.0,284.0,343.0,125.0,654.0,232.0,135.0,653.5,463.0,3349.0,369.0,232.0,0.0,173.0,576.0,207.0,813.0,1346.0,55.0,1299.0,502.0,805.0,164.0,2145.0,419.5,536.0,487.0,154.0,871.0,1113.0,226.0,306.0,1916.0,997.0,136.0,1103.0,1085.0,457.0,737.0,3909.0,72.0,1185.0,2528.0,616.0,580.0,374.0,355.0,552.0,120.0,1714.0,157249
2022120100,925.0,487.0,2586.0,160.0,325.0,540.0,250.5,130.0,36.0,431.0,535.0,17.0,1725.0,119.0,122.0,1237.0,806.0,175.0,266.0,648.0,100.0,775.0,1010.0,137.0,226.0,91.5,133.5,793.0,2633.0,2664.0,262.5,212.0,928.0,483.0,178.0,759.0,279.0,222.0,735.0,472.0,70.0,557.0,959.0,426.0,718.0,165.0,31.0,246.0,205.5,1333.0,134.0,951.5,2186.0,5040.0,530.0,95.0,212.0,843.0,284.0,2219.0,428.0,480.0,123.0,218.0,538.0,216.0,176.0,1199.0,118.0,57.0,845.0,249.0,87.0,134.5,114.0,162.5,167.0,898.0,320.0,498.5,205.0,522.0,1555.0,413.0,1138.0,1144.0,343.0,62.0,78.0,1679.0,544.0,489.0,1961.0,3084.0,107.0,371.5,469.0,2420.0,244.0,300.0,302.5,85.0,882.0,1321.0,1378.0,2546.0,298.0,125.0,580.0,74.0,750.0,314.0,164.0,124.5,636.0,45.0,279.0,136.0,66.0,717.0,251.0,82.0,202.0,378.5,109.0,176.0,131.0,351.0,481.0,197.0,2810.0,563.0,1309.0,465.0,385.0,150.0,156.0,639.0,100.0,334.0,272.0,287.0,418.0,727.0,223.5,253.0,389.0,35.0,55.5,733.5,37.0,774.0,126.0,815.0,1086.0,459.0,2434.0,183.0,283.5,257.0,297.0,203.0,396.5,1395.0,282.0,309.0,323.0,141.0,670.0,150.0,118.0,564.0,635.0,2604.0,305.0,270.0,0.0,146.0,504.0,218.0,778.0,1367.0,56.0,1022.0,443.0,779.0,141.0,1665.0,364.0,459.0,499.0,134.0,764.0,988.0,188.0,260.0,1453.0,693.0,134.0,1050.0,930.0,448.0,636.0,2514.0,55.0,743.0,2059.0,490.5,453.0,308.0,373.0,526.0,150.0,1804.0,142164
2023010100,31.0,30.0,111.0,3.0,19.0,21.0,7.0,7.0,2.0,4.0,18.0,0.0,53.0,4.0,6.0,32.0,22.0,6.0,10.0,10.0,2.0,24.0,23.0,2.0,9.0,2.0,5.0,16.0,62.0,74.0,6.5,7.0,30.0,5.0,6.0,19.0,12.0,8.0,14.0,26.0,4.0,6.0,24.0,8.0,16.0,6.0,3.0,4.0,10.0,19.0,5.0,12.5,80.0,75.0,16.0,4.0,4.5,16.0,8.0,55.0,9.5,22.0,3.0,1.0,10.0,4.0,10.0,33.0,5.0,3.0,14.0,8.0,2.0,2.5,2.5,2.5,6.0,19.0,4.5,10.5,8.0,16.0,19.0,8.0,17.0,22.0,5.5,0.0,1.0,24.0,20.0,10.0,49.0,104.0,5.0,12.0,10.0,48.0,6.0,11.0,10.0,5.0,16.0,26.0,30.0,57.0,4.0,3.0,14.0,2.0,27.0,9.0,6.0,3.5,13.0,1.0,9.0,4.0,0.0,16.0,5.0,1.0,2.0,9.0,4.0,10.0,1.0,8.0,15.0,6.0,31.0,14.0,23.0,13.0,9.0,2.0,1.0,22.0,1.0,11.0,6.0,15.0,8.5,38.0,10.0,3.0,2.0,1.0,1.5,24.5,1.0,18.0,4.0,51.0,21.0,15.5,49.0,8.0,9.0,12.0,12.0,8.0,10.5,41.0,8.0,5.0,7.0,2.0,15.0,6.0,2.0,8.5,13.0,37.0,11.0,6.0,0.0,2.0,9.0,6.0,48.0,55.0,2.0,20.0,9.0,18.0,5.0,30.0,6.0,10.0,10.0,9.0,19.0,44.0,4.0,6.0,17.0,23.0,3.0,31.0,51.0,6.0,23.0,46.0,1.0,7.0,32.0,13.0,7.0,11.0,13.0,21.0,4.0,27.0,3529
