timestamp,Absurdism,Actual idealism,Advaita Vedanta,Aesthetic Realism,African philosophy,Afrocentrism,Agential realism,American philosophy,Analytic philosophy,Anarchy,Ancient philosophy,Animism,Anomalous monism,Anthropocentrism,Anti-realism,Antinatalism,Antinomianism,Antireductionism,Applied ethics,Atheism,Averroism,Avicennism,Axiology,Baptism,Baptists,Bayesianism,Behaviorism,Buddhist philosophy,Capitalism,Cartesianism,Categorical imperative,Charvaka,Christian philosophy,Cognitivism (ethics),Communism,Compatibilism and incompatibilism,Conceptualism,Confirmation holism,Confucianism,Conservatism,Constructivist epistemology,Continental philosophy,Cosmicism,Cosmopolitanism,Critical rationalism,Critical realism (philosophy of perception),Critical theory,Cyberfeminism,Czech philosophy,Danish philosophy,Deconstruction,Deism,Deontology,Depressionism,Dialectic,Dialectical materialism,Digital physics,Discordianism,Dvaita,Egocentrism,Egoism,Emotivism,Empiricism,Ephesian school,Epicureanism,Epiphenomenalism,Epistemological nihilism,Epistemology,Essentialism,Eudaimonism,Existentialism,Externalism,Fallibilism,Fascism,Feminist philosophy,Filial piety,Foundationalism,Fundamentalism,German idealism,German philosophy,Greek philosophy,Hedonism,Hegelianism,Henotheism,Hermeticism,Hindu philosophy,Historicism,Holism,Hongaku,Humanism,Humanistic naturalism,Idealism,Identityism,Ignosticism,Illegalism,Illuminationism,Indian logic,Individualism,Indonesian philosophy,Induction (philosophy),Informal logic,Instrumental rationality,Interactionism (philosophy of mind),Internalism and externalism,Intuitionism,Iranian philosophy,Irrealism (philosophy),Islamic philosophy,Japanese philosophy,Jewish philosophy,Jingoism,Judeo-Islamic philosophies (800–1400),Just war theory,Kabbalah,Korean philosophy,Legalism (Chinese philosophy),Liberalism,Libertarianism,Libertarianism (metaphysics),Logic,Logic in China,Logic in Islamic philosophy,Logical atomism,Logical positivism,Luddite,Mahayana Buddhism,Marxism,Marxist philosophy of nature,Medical ethics,Medieval philosophy,Medievalism,Mentalism (philosophy),Mereological nihilism,Merism,Meta-ethics,Metaphysics,Milesian school,Mimamsa,Mind-body dualism,Misology,Modernism,Mohism,Moral absolutism,Moral realism,Mysticism,Naïve realism,Neoplatonism and Christianity,Philosophy of Arithmetic,Philosophy of action,Philosophy of archaeology,Philosophy of art,Philosophy of artificial intelligence,Philosophy of biology,Philosophy of color,Philosophy of culture,Philosophy of design,Philosophy of dialogue,Philosophy of eating,Philosophy of education,Philosophy of engineering,Philosophy of futility,Philosophy of geography,Philosophy of history,Philosophy of information,Philosophy of language,Philosophy of law,Philosophy of love,Philosophy of mathematics,Philosophy of mathematics education,Philosophy of mind,Philosophy of motion,Philosophy of music,School of Names,School of Naturalists,The Philosophy of Chance,ViewsTotal
2018010100,524.0,1136.0,57.0,1503.5,748.0,420.0,42.0,77.0,279.0,2008.0,1757.0,505.0,847.0,1995.0,899.0,153.0,57.0,2629.0,48.0,89.0,77.0,9922.0,58.0,0.0,9.0,41.0,1644.0,166.0,597.0,641.0,0.0,775.0,288.0,522.0,585.0,20.0,181.0,232.0,134.0,2932.0,1528.0,89.0,5319.0,209.0,35.0,45.0,363.0,66.0,1318.0,1306.0,176.0,96.0,152.0,76.0,3206.0,480.0,337.0,0.0,64.0,57.0,182.5,597.0,40.0,48.0,3499.0,387.0,504.0,461.0,113.5,665.0,271.0,333.0,2264.0,328.5,85.0,252.0,759.0,109.5,118.0,56.0,247.0,3431.0,49.0,574.0,88.0,249.0,17.0,15.0,2091.0,98.0,30.0,213.0,825.0,903.0,77.0,54.0,32.0,648.0,40.0,78.0,2524.0,40.0,107.0,72.0,114.0,686.0,554.0,237.0,646.5,32.0,0.0,39.0,0.0,1104.0,438.0,171.0,74.0,5956.0,412.0,20.0,2198.0,26.0,206.0,646.0,3474.0,944.0,1757.5,294.0,129.0,47.0,0.0,1052.0,113.0,798.0,576.0,883.0,55.0,63.0,17.0,1110.0,360.0,119.0,53.0,100.0,990.0,29.0,655.0,763.0,86.0,36.5,37.0,4256.0,161.0,224.0,743.0,1366.0,257.0,28.5,638.0,76.0,4256.0,35.0,1337.0,1272.0,78.0,208.0,1384.0,3715.0,206.0,434.0,96.5,964.0,32.0,185.0,127.0,129171
2018020100,315.0,905.0,56.0,1936.0,606.0,454.0,49.0,76.0,251.0,1624.0,1363.0,485.0,753.0,1718.0,762.0,234.0,46.0,2216.0,44.0,99.0,103.0,8519.0,61.0,0.0,18.0,57.0,1178.0,213.0,475.0,638.0,0.0,713.0,205.5,553.0,530.0,42.0,235.0,232.0,132.0,2602.0,1433.0,85.0,4908.0,180.0,54.0,65.0,351.0,89.0,1095.0,1388.0,162.0,102.0,191.0,81.0,3092.0,446.0,341.0,0.0,77.0,67.0,199.0,716.0,68.0,66.0,2726.0,358.0,442.0,452.0,102.0,430.0,225.0,318.0,1912.0,306.0,57.0,164.0,704.0,102.0,140.5,50.0,233.0,3164.0,56.0,460.0,98.0,217.0,39.0,24.0,1848.0,161.0,18.0,205.0,744.0,1077.0,72.0,45.0,54.0,561.0,40.0,65.0,1838.0,75.0,117.0,63.0,120.0,477.0,543.0,353.0,471.5,31.0,0.0,84.0,0.0,859.0,496.0,196.0,74.0,5184.0,289.0,26.0,1920.0,45.0,239.0,608.0,3019.0,758.0,1339.0,239.0,134.0,30.0,0.0,914.0,137.0,721.0,455.0,765.0,46.0,50.0,15.0,235.0,368.5,133.0,82.0,97.0,783.0,23.0,614.0,846.0,76.0,49.0,30.0,3462.0,118.0,168.0,752.0,1043.0,266.0,24.0,478.0,55.0,3403.0,34.0,962.0,1277.0,75.0,196.0,1259.0,2756.0,220.0,442.0,111.5,697.0,50.0,224.0,115.0,113340
2018030100,326.0,1011.0,60.0,990.0,628.0,363.0,39.0,90.0,229.5,2195.0,1423.0,769.0,730.0,1972.0,2997.0,134.0,41.0,2703.0,41.0,83.0,81.0,8773.0,76.0,0.0,15.0,54.0,1381.0,220.0,542.0,785.0,0.0,649.0,194.5,654.0,596.0,36.0,226.0,229.0,183.0,3067.0,1888.0,75.0,7738.0,222.0,60.0,53.0,391.0,82.0,1089.0,1134.0,202.0,125.0,213.0,72.0,3189.0,857.0,306.0,0.0,82.0,62.0,165.0,470.0,66.0,56.0,3463.0,345.0,512.0,469.0,150.0,331.0,298.0,385.0,2329.0,350.0,49.0,125.0,817.0,123.0,148.0,74.0,245.0,4447.0,53.0,411.0,132.0,186.0,27.0,26.0,1995.0,106.0,31.0,307.0,842.0,810.0,81.0,68.0,49.0,785.0,48.0,55.0,1974.0,55.0,155.0,67.0,135.0,2351.0,626.0,307.0,511.5,27.0,0.0,86.0,0.0,861.0,526.0,283.0,87.0,6350.0,286.0,29.0,2927.0,44.0,231.0,631.0,3406.0,835.0,1914.0,288.0,128.0,27.0,0.0,1052.0,146.0,755.0,432.0,794.0,43.0,71.0,17.0,266.0,374.5,129.0,93.0,104.0,976.0,35.0,680.0,1299.0,99.0,40.0,27.0,3814.0,172.0,199.0,819.0,1034.0,273.0,25.5,553.0,101.0,4207.0,27.0,888.0,1246.0,90.0,307.0,1042.0,3720.0,213.0,328.0,128.0,788.0,49.0,325.0,127.0,132307
2018040100,299.0,1054.0,61.0,980.0,711.0,386.0,46.0,79.0,236.0,1920.0,1488.0,818.0,816.0,3071.0,905.0,184.0,48.0,2343.0,50.0,95.0,74.0,8154.0,84.0,0.0,18.0,34.0,1315.0,195.0,591.0,798.0,0.0,714.0,225.5,628.0,653.0,46.0,273.0,202.0,165.0,3841.0,1949.0,89.0,4747.0,250.0,69.0,41.0,442.0,80.0,958.0,1474.0,157.0,121.0,360.0,79.0,4532.0,707.0,246.0,24.0,82.0,60.0,158.0,444.0,58.0,79.0,4796.0,249.0,647.0,420.0,151.5,432.0,259.0,403.0,2204.0,393.0,46.0,130.0,760.0,118.5,120.0,72.0,233.0,3384.0,51.0,472.0,122.0,191.0,21.0,20.0,1742.0,85.0,17.0,257.0,853.0,810.0,91.0,70.0,106.0,615.0,40.0,58.0,1899.0,55.0,129.0,56.0,151.0,1079.0,559.0,304.0,616.5,30.0,0.0,80.0,0.0,960.0,611.0,200.0,81.0,6659.0,359.0,19.0,4187.0,36.0,189.0,597.0,4642.0,897.0,1637.0,260.0,120.0,34.0,0.0,1042.0,194.0,750.0,463.0,881.0,24.0,75.0,17.0,299.0,387.5,125.0,78.0,111.0,746.0,26.0,715.0,1360.0,86.0,46.0,27.0,4152.0,165.0,199.0,732.0,945.0,210.0,38.5,610.0,69.0,4218.0,25.0,798.0,1434.0,92.0,283.0,1025.0,4301.0,219.0,464.0,133.5,695.0,45.0,390.0,109.0,131789
2018050100,238.0,1099.0,61.0,884.5,646.0,400.0,39.0,91.0,189.5,2067.0,1526.0,692.0,1022.0,2936.0,797.0,230.0,37.0,2196.0,59.0,100.0,94.0,5957.0,58.0,79.0,11.0,56.0,1158.0,361.0,680.0,786.0,0.0,652.0,212.0,845.0,745.0,39.0,338.0,254.0,161.0,4815.0,1678.0,65.0,3414.0,269.0,52.0,63.0,679.0,73.0,865.0,820.0,181.0,98.0,360.0,77.0,4241.0,730.0,303.0,15.0,103.0,73.0,161.0,466.0,61.0,79.0,3290.0,230.0,502.0,430.0,274.0,378.0,209.0,341.0,2506.0,470.5,53.0,120.0,726.0,130.5,156.0,65.0,220.0,2405.0,69.0,602.0,112.0,210.0,30.0,14.0,1854.0,132.0,17.0,303.0,1026.0,663.0,65.0,51.0,49.0,589.0,48.0,41.0,1550.0,114.0,176.0,103.0,175.0,1273.0,714.0,342.0,551.0,22.0,0.0,56.0,0.0,754.0,708.0,287.0,85.0,5230.0,312.0,21.0,3859.0,35.0,223.0,732.0,3266.0,1009.0,1433.5,284.0,163.0,28.0,0.0,955.0,260.0,629.0,522.0,779.0,45.0,108.0,13.0,219.0,562.5,133.0,90.0,146.0,927.0,26.0,813.0,1896.0,105.0,59.5,28.0,3812.0,195.0,168.0,900.0,1290.0,226.0,31.0,503.0,92.0,3700.0,20.0,721.0,1753.0,86.0,413.0,928.0,3294.0,324.0,268.0,109.5,631.0,51.0,575.0,135.0,124079
2018060100,146.0,782.0,59.0,757.0,659.0,275.0,34.0,79.0,202.0,1527.0,1037.0,476.0,554.0,1834.0,598.0,131.0,50.0,1907.0,47.0,71.0,63.0,5061.0,59.0,90.0,14.0,51.0,907.0,137.0,437.0,733.0,0.0,548.0,206.5,661.0,379.0,36.0,159.0,224.0,129.0,3192.0,1110.0,64.0,3014.0,223.0,40.0,50.0,310.0,69.0,746.0,903.0,157.0,96.0,133.0,74.0,2465.0,553.0,261.0,20.0,73.0,80.0,229.0,460.0,56.0,68.0,2800.0,208.0,431.0,379.0,80.0,306.0,212.0,272.0,1476.0,248.0,47.0,137.0,554.0,91.0,100.0,49.0,213.0,2333.0,65.5,336.0,88.0,171.0,27.0,26.0,2049.0,93.0,32.0,194.0,626.0,634.0,77.0,38.0,49.0,524.0,36.0,65.0,1280.0,61.0,145.0,66.0,106.0,1129.0,417.0,202.0,452.5,32.0,0.0,42.0,0.0,749.0,324.0,155.0,53.0,4149.0,139.0,29.0,2564.0,45.0,121.0,435.0,1809.0,1018.0,1207.0,252.0,134.0,31.0,0.0,741.0,163.0,511.0,326.0,715.0,42.0,75.0,18.0,243.0,253.5,123.0,41.0,110.0,891.0,29.0,607.0,733.0,77.0,48.0,40.0,3513.0,92.0,159.0,691.0,993.0,211.0,34.0,380.0,64.0,3046.0,29.0,530.0,990.0,78.0,175.0,728.0,2092.0,169.0,225.0,79.0,627.0,37.0,231.0,98.0,93792
2018070100,100.0,595.0,48.0,856.0,693.0,288.0,45.0,70.0,127.0,1443.0,603.0,314.0,233.0,724.0,397.0,73.0,35.0,1544.0,32.0,60.0,50.0,2719.0,57.0,46.0,11.0,43.0,672.0,124.0,339.0,646.0,0.0,539.0,187.5,714.0,170.0,31.0,177.0,150.0,179.0,822.0,857.0,44.0,2565.0,219.0,29.0,54.0,275.0,70.0,831.0,828.0,215.0,84.0,114.0,56.0,756.0,402.0,176.0,7.0,61.0,63.0,85.5,391.0,31.0,49.0,1614.0,143.0,431.0,475.0,70.0,276.0,214.0,251.0,1019.0,352.0,42.0,82.0,456.0,103.5,84.5,53.0,207.0,1406.0,45.5,248.0,80.0,109.0,27.0,19.0,2170.0,130.0,28.0,198.0,626.0,554.0,68.0,40.0,46.0,426.0,45.0,42.0,1123.0,46.0,120.0,36.0,112.0,964.0,332.0,126.0,427.5,32.0,0.0,36.0,0.0,717.0,179.0,104.0,78.0,761.0,59.0,38.0,198.0,49.0,157.0,251.0,919.0,859.0,924.0,283.0,89.0,33.0,0.0,601.0,116.0,428.0,274.0,647.0,42.0,55.0,20.0,196.0,209.0,142.0,54.0,86.0,1011.0,34.0,323.0,375.0,92.0,36.0,36.0,1419.0,72.0,120.0,359.0,704.0,211.0,20.0,341.0,64.0,510.0,23.0,291.0,510.0,95.0,132.0,582.0,1130.0,126.0,238.0,67.0,639.0,51.0,99.0,124.0,62579
2018080100,88.0,951.0,62.0,1167.5,889.0,358.0,41.0,67.0,211.0,1752.0,872.0,682.0,1012.0,1112.0,626.0,121.0,43.0,2627.0,54.0,68.0,62.0,4014.0,46.0,59.0,14.0,64.0,1147.0,142.0,573.0,753.0,0.0,756.0,195.0,776.0,617.0,32.0,189.0,218.0,140.0,3287.0,975.0,73.0,3495.0,221.0,31.0,60.0,347.0,70.0,1094.0,1291.0,195.0,85.0,165.0,63.0,1303.0,535.0,232.0,17.0,61.0,72.0,99.0,552.0,61.0,61.0,3235.0,134.0,915.0,458.0,119.0,452.0,249.0,245.0,1535.0,320.5,43.0,115.0,722.0,117.0,114.0,69.0,277.0,1918.0,66.5,477.0,113.0,162.0,36.0,19.0,2881.0,72.0,27.0,530.0,876.0,612.0,73.0,53.0,55.0,616.0,43.0,49.0,1463.0,46.0,118.0,89.0,118.0,1163.0,605.0,232.0,585.5,31.0,0.0,48.0,0.0,616.0,303.0,204.0,68.0,2214.0,133.0,37.0,700.0,42.0,185.0,696.0,1198.0,963.0,1456.5,274.0,129.0,49.0,0.0,714.0,149.0,600.0,344.0,746.0,34.0,57.0,14.0,267.0,348.0,96.0,54.0,178.0,982.0,27.0,462.0,558.0,76.0,35.5,37.0,3168.0,105.0,133.0,535.0,1359.0,260.0,47.5,496.0,80.0,958.0,41.0,508.0,1158.0,83.0,268.0,927.0,6010.0,188.0,463.0,93.0,632.0,59.0,194.0,107.0,98527
2018090100,148.0,1383.0,61.0,1419.0,1047.0,425.0,35.0,64.0,334.0,2210.0,1262.0,1695.0,1929.0,1189.0,1030.0,188.0,81.0,2618.0,60.0,99.0,108.0,5816.0,61.0,77.0,8.0,84.0,2926.0,249.0,821.0,996.0,0.0,551.0,271.5,838.0,820.0,50.0,283.0,232.0,185.0,6685.0,1261.0,84.0,5412.0,254.0,46.0,38.0,445.0,114.0,981.0,961.5,186.0,131.0,273.0,92.0,2628.0,700.0,352.0,9.0,117.0,68.0,150.0,480.0,59.0,59.0,6653.0,202.0,616.0,557.0,197.5,364.0,242.0,274.0,2145.0,536.5,47.0,166.0,834.0,118.5,149.0,160.0,429.0,2640.0,65.0,536.0,163.0,187.0,22.0,28.0,2455.0,95.0,14.0,298.0,1114.0,780.0,76.0,37.0,65.0,978.0,66.0,70.0,2114.0,64.0,149.0,128.0,162.0,1597.0,1029.0,278.0,662.5,30.0,0.0,57.0,0.0,916.0,531.0,344.0,68.0,3015.0,289.0,23.0,1820.0,44.0,220.0,1053.0,1687.0,1075.0,2236.5,289.0,162.0,32.0,0.0,846.0,250.0,647.0,358.0,733.0,42.0,89.0,29.0,270.0,578.5,141.0,88.0,187.0,1078.0,41.0,845.0,1281.0,113.0,36.5,22.0,4405.0,186.0,149.0,1617.0,1841.0,236.0,39.0,496.0,84.0,1854.0,25.0,1093.0,2047.0,77.0,496.0,1774.0,13778.0,267.0,418.0,147.5,731.0,48.0,319.0,142.0,144541
2018100100,284.0,1385.0,64.0,817.5,932.0,506.0,55.0,96.0,251.0,2706.0,1795.0,1204.0,1270.0,1319.0,1273.0,262.0,70.0,1812.0,53.0,83.0,92.0,7231.0,56.0,127.0,10.0,88.0,3356.0,344.0,805.0,947.0,0.0,440.0,284.5,1144.0,859.0,40.0,366.0,279.0,182.0,6461.0,1327.0,105.0,3469.0,233.0,42.0,37.0,497.0,79.0,1133.0,1036.0,205.0,95.0,356.0,115.0,2803.0,835.0,433.0,13.0,112.0,68.0,137.0,446.0,83.0,65.0,6624.0,229.0,705.0,557.0,344.0,496.0,317.0,303.0,4399.0,487.5,66.0,148.0,825.0,151.5,209.0,176.0,336.0,2470.0,87.5,568.0,113.0,237.0,23.0,17.0,2909.0,140.0,24.0,409.0,1135.0,654.0,64.0,66.0,44.0,741.0,63.0,63.0,2338.0,75.0,156.0,132.0,181.0,1371.0,1082.0,290.0,634.5,48.0,0.0,80.0,0.0,887.0,570.0,365.0,104.0,3403.0,432.0,53.0,1934.0,47.0,207.0,960.0,1675.0,1175.0,3302.0,291.0,150.0,45.0,0.0,908.0,267.0,596.0,448.0,937.0,43.0,73.0,36.0,338.0,670.5,138.0,142.0,139.0,1286.0,30.0,1044.0,1705.0,99.0,43.5,20.0,5732.0,300.0,194.0,1037.0,1607.0,152.0,46.5,493.0,108.0,2534.0,29.0,828.0,1907.0,86.0,458.0,1188.0,7511.0,285.0,400.0,121.0,770.0,69.0,842.0,139.0,145684
2018110100,511.0,1596.0,63.0,812.0,938.0,465.0,49.0,98.0,254.0,2831.0,1959.0,982.0,1489.0,1692.0,1563.0,340.0,65.0,2359.0,63.0,116.0,109.0,7768.0,44.0,177.0,11.0,74.0,3918.0,344.0,920.0,896.0,0.0,611.0,397.0,1302.0,1163.0,75.0,428.0,344.0,188.0,5308.0,1547.0,166.0,4138.0,294.0,58.0,63.0,649.0,129.0,1176.0,1740.5,269.0,127.0,419.0,230.0,3658.0,795.0,511.0,8.0,152.0,79.0,172.5,468.0,71.0,71.0,6916.0,266.0,672.0,600.0,406.5,399.0,353.0,349.0,3073.0,568.5,58.0,282.0,946.0,148.5,217.5,79.0,296.0,4141.0,119.5,716.0,156.0,359.0,70.0,19.0,2520.0,164.0,29.0,395.0,1263.0,866.0,84.0,77.0,46.0,661.0,60.0,102.0,3389.0,91.0,221.0,164.0,197.0,1781.0,1221.0,538.0,745.5,46.0,0.0,73.0,0.0,879.0,861.0,462.0,87.0,5046.0,530.0,41.0,2199.0,52.0,274.0,1151.0,2592.0,1362.0,3189.5,317.0,181.0,49.0,0.0,1146.0,267.0,792.0,648.0,1248.0,55.0,75.0,40.0,416.0,663.0,154.0,217.0,168.0,2527.0,41.0,1166.0,1569.0,148.0,61.0,32.0,5537.0,410.0,226.0,952.0,1882.0,197.0,54.5,673.0,106.0,4859.0,24.0,974.0,2345.0,108.0,565.0,1480.0,4947.0,367.0,346.0,131.0,794.0,77.0,690.0,166.0,163554
2018120100,322.0,1091.0,52.0,696.0,724.0,407.0,46.0,117.0,218.5,2168.0,1316.0,517.0,1270.0,1402.0,1160.0,286.0,75.0,2149.0,51.0,90.0,115.0,6538.0,39.0,127.0,18.0,114.0,2515.0,355.0,692.0,900.0,0.0,448.0,270.5,918.0,764.0,34.0,298.0,255.0,179.0,3401.0,1271.0,75.0,4111.0,282.0,49.0,66.0,654.0,109.0,1122.0,1081.5,216.0,85.0,416.0,107.0,2109.0,586.0,356.0,17.0,105.0,103.0,135.0,458.0,58.0,58.0,4640.0,293.0,633.0,460.0,428.0,453.0,281.0,381.0,2013.0,400.5,52.0,263.0,688.0,145.5,191.5,70.0,245.0,2206.0,111.5,593.0,138.0,289.0,44.0,24.0,2915.0,131.0,36.0,320.0,957.0,850.0,72.0,66.0,43.0,576.0,86.0,67.0,2306.0,57.0,207.0,181.0,146.0,1068.0,834.0,306.0,591.5,45.0,0.0,80.0,0.0,727.0,642.0,431.0,80.0,3228.0,286.0,45.0,1065.0,48.0,224.0,869.0,1696.0,1138.0,2044.5,333.0,154.0,26.0,0.0,773.0,270.0,601.0,456.0,790.0,66.0,93.0,27.0,395.0,630.5,126.0,118.0,116.0,1593.0,30.0,778.0,1331.0,143.0,44.0,24.0,4295.0,291.0,225.0,601.0,1449.0,133.0,39.0,492.0,98.0,3157.0,31.0,684.0,1764.0,97.0,434.0,985.0,2425.0,306.0,326.0,86.5,547.0,75.0,547.0,148.0,120542
2019010100,444.0,1234.0,54.0,890.5,808.0,523.0,47.0,101.0,283.0,2591.0,1836.0,646.0,1085.0,1709.0,1361.0,223.0,85.0,2400.0,34.0,110.0,88.0,9453.0,32.0,81.0,13.0,84.0,2737.0,281.0,635.0,849.0,0.0,555.0,303.0,871.0,595.0,44.0,216.0,253.0,141.0,3258.0,1433.0,76.0,6274.0,246.0,58.0,60.0,731.0,106.0,1235.0,1270.0,260.0,99.0,282.0,109.0,3408.0,799.0,326.0,14.0,114.0,77.0,130.5,659.0,49.0,57.0,5063.0,403.0,804.0,518.0,126.0,671.0,293.0,348.0,2576.0,396.0,52.0,238.0,834.0,165.5,160.0,60.0,256.0,3466.0,86.0,537.0,130.0,251.0,28.0,19.0,3261.0,101.0,32.0,252.0,911.0,770.0,73.0,77.0,53.0,613.0,90.0,42.0,3060.0,55.0,200.0,108.0,157.0,1521.0,600.0,278.0,642.5,39.0,0.0,84.0,0.0,808.0,510.0,245.0,107.0,6715.0,363.0,29.0,2771.0,69.0,280.0,669.0,3194.0,1277.0,2546.5,346.0,174.0,52.0,0.0,910.0,157.0,664.0,781.0,947.0,51.0,93.0,22.0,2995.0,331.0,140.0,75.0,108.0,1510.0,32.0,701.0,737.0,149.0,50.5,25.0,4956.0,181.0,266.0,1170.0,1517.0,205.0,31.0,655.0,114.0,4314.0,41.0,1267.0,1409.0,84.0,318.0,1598.0,3957.0,218.0,302.0,101.5,703.0,61.0,190.0,173.0,147305
2019020100,251.0,985.0,59.0,772.0,719.0,382.0,37.0,78.0,301.5,2164.0,1395.0,580.0,899.0,1810.0,1104.0,256.0,63.0,1844.0,45.0,87.0,137.0,7669.0,21.0,89.0,10.0,58.0,1788.0,217.0,566.0,684.0,0.0,450.0,267.0,702.0,519.0,45.0,260.0,202.0,126.0,3176.0,1195.0,67.0,6006.0,290.0,45.0,40.0,494.0,74.0,1020.0,980.5,210.0,96.0,258.0,98.0,3042.0,625.0,306.0,11.0,138.0,146.0,123.5,579.0,64.0,62.0,3816.0,299.0,564.0,464.0,119.5,905.0,328.0,317.0,2230.0,380.0,56.0,181.0,682.0,111.5,154.5,37.0,262.0,3590.0,79.5,497.0,138.0,242.0,28.0,28.0,2549.0,93.0,21.0,232.0,963.0,778.0,60.0,66.0,44.0,599.0,61.0,70.0,2397.0,63.0,196.0,96.0,162.0,1441.0,552.0,228.0,514.0,38.0,0.0,58.0,0.0,779.0,473.0,205.0,63.0,4730.0,391.0,21.0,2293.0,51.0,221.0,696.0,2719.0,1247.0,2207.0,224.0,160.0,36.0,0.0,933.0,133.0,604.0,496.0,793.0,54.0,58.0,22.0,367.0,353.0,141.0,74.0,83.0,1190.0,24.0,715.0,1036.0,92.0,41.5,19.0,4439.0,143.0,212.0,1089.0,1618.0,136.0,41.5,555.0,98.0,3463.0,22.0,844.0,1282.0,85.0,276.0,1391.0,3350.0,149.0,312.0,66.0,642.0,53.0,246.0,136.0,124483
2019030100,374.0,1224.0,54.0,757.5,942.0,400.0,54.0,90.0,277.5,2723.0,1510.0,907.0,855.0,2034.0,1213.0,280.0,73.0,2029.0,41.0,97.0,97.0,8268.0,30.0,149.0,9.0,65.0,2182.0,282.0,556.0,991.0,0.0,444.0,273.5,837.0,669.0,41.0,247.0,237.0,173.0,4461.0,1554.0,74.0,6462.0,253.0,72.0,59.0,442.0,97.0,1073.0,1235.5,186.0,97.0,265.0,81.0,4748.0,786.0,399.0,12.0,114.0,65.0,151.5,628.0,43.0,52.0,4832.0,343.0,624.0,529.0,111.5,615.0,237.0,318.0,2531.0,467.5,64.0,180.0,991.0,115.0,200.0,67.0,301.0,3905.0,71.0,524.0,124.0,208.0,32.0,15.0,2417.0,131.0,30.0,583.0,1046.0,684.0,78.0,65.0,39.0,623.0,61.0,58.0,2539.0,56.0,185.0,147.0,148.0,1670.0,550.0,320.0,494.5,23.0,0.0,66.0,0.0,989.0,539.0,216.0,95.0,6528.0,406.0,19.0,4305.0,43.0,252.0,701.0,3883.0,1150.0,2367.0,355.0,131.0,54.0,0.0,1144.0,155.0,666.0,636.0,1009.0,50.0,65.0,19.0,357.0,621.5,148.0,87.0,116.0,1802.0,33.0,709.0,1464.0,88.0,50.0,25.0,5068.0,165.0,179.0,1372.0,1781.0,178.0,29.0,545.0,98.0,4392.0,45.0,1129.0,1333.0,77.0,355.0,3375.0,4696.0,244.0,371.0,122.5,673.0,57.0,653.0,197.0,150071
2019040100,230.0,960.0,48.0,606.5,711.0,394.0,49.0,104.0,189.5,1939.0,1255.0,767.0,853.0,1970.0,985.0,240.0,59.0,2010.0,44.0,86.0,101.0,5345.0,26.0,90.0,21.0,76.0,1635.0,271.0,626.0,817.0,0.0,416.0,260.0,583.0,593.0,44.0,242.0,226.0,132.0,3848.0,1361.0,66.0,4031.0,219.0,66.0,49.0,495.0,79.0,1059.0,987.5,145.0,77.0,258.0,76.0,4094.0,634.0,309.0,12.0,167.0,63.0,130.0,624.0,54.0,52.0,3300.0,276.0,555.0,481.0,140.5,824.0,215.0,381.0,2009.0,404.0,43.0,137.0,893.0,88.5,164.5,68.0,247.0,2655.0,63.5,542.0,112.0,214.0,37.0,27.0,2010.0,101.0,24.0,492.0,917.0,697.0,78.0,66.0,48.0,576.0,55.0,100.0,2173.0,72.0,168.0,99.0,128.0,1244.0,458.0,273.0,437.5,36.0,0.0,37.0,0.0,939.0,468.0,257.0,79.0,4613.0,403.0,22.0,3555.0,48.0,283.0,639.0,4480.0,1106.0,1642.5,309.0,134.0,34.0,0.0,964.0,133.0,543.0,502.0,800.0,49.0,82.0,39.0,330.0,467.5,111.0,107.0,106.0,1276.0,25.0,675.0,1273.0,82.0,67.5,26.0,3487.0,191.0,156.0,908.0,1488.0,163.0,36.5,469.0,100.0,2827.0,40.0,1000.0,1142.0,90.0,304.0,2858.0,2982.0,245.0,373.0,96.0,641.0,49.0,353.0,172.0,120748
2019050100,235.0,1166.0,39.0,541.0,782.0,400.0,40.0,85.0,217.0,2579.0,1545.0,836.0,1282.0,2965.0,949.0,309.0,73.0,1746.0,68.0,88.0,104.0,11719.0,363.0,207.0,7.0,48.0,2039.0,417.0,732.0,687.0,0.0,483.0,305.0,683.0,729.0,49.0,314.0,245.0,141.0,5171.0,1469.0,57.0,4954.0,218.0,38.0,57.0,571.0,99.0,853.0,1044.5,161.0,85.0,356.0,101.0,4531.0,663.0,328.0,12.0,141.0,50.0,125.0,1184.0,48.0,62.0,5811.0,289.0,591.0,491.0,272.0,490.0,205.0,468.0,2618.0,445.5,66.0,140.0,832.0,131.0,190.5,45.0,261.0,2998.0,76.0,729.0,113.0,196.0,25.0,24.0,2116.0,122.0,30.0,329.0,1197.0,930.0,80.0,83.0,41.0,578.0,55.0,183.0,2451.0,115.0,186.0,129.0,153.0,2274.0,649.0,356.0,554.0,23.0,0.0,36.0,0.0,916.0,591.0,279.0,85.0,5147.0,329.0,32.0,4655.0,62.0,265.0,849.0,3517.0,1635.0,11109.5,319.0,115.0,54.0,0.0,1092.0,244.0,547.0,449.0,847.0,35.0,98.0,38.0,326.0,511.0,96.0,111.0,91.0,1086.0,22.0,925.0,1775.0,109.0,63.5,25.0,6049.0,195.0,160.0,851.0,1872.0,128.0,32.5,478.0,102.0,3340.0,47.0,1082.0,1559.0,59.0,445.0,48200.0,3199.0,201.0,320.0,110.5,601.0,47.0,407.0,169.0,211605
2019060100,147.0,752.0,33.0,525.5,712.0,296.0,46.0,65.0,184.5,2029.0,1061.0,468.0,554.0,1777.0,593.0,130.0,47.0,1462.0,52.0,39.0,76.0,5494.0,272.0,71.0,8.0,57.0,1224.0,196.0,442.0,849.0,0.0,336.0,181.0,420.0,348.0,18.0,150.0,251.0,112.0,2908.0,944.0,31.0,3694.0,295.0,37.0,42.0,309.0,71.0,769.0,882.0,150.0,67.0,140.0,72.0,1858.0,476.0,223.0,10.0,60.0,39.0,135.5,468.0,51.0,53.0,3188.0,215.0,499.0,391.0,105.5,379.0,190.0,314.0,1471.0,260.5,42.0,123.0,519.0,63.0,141.5,30.0,238.0,1826.0,46.0,379.0,128.0,161.0,23.0,20.0,1747.0,93.0,30.0,170.0,695.0,542.0,63.0,115.0,32.0,563.0,55.0,77.0,1383.0,44.0,161.0,72.0,126.0,1056.0,446.0,185.0,418.5,40.0,0.0,33.0,0.0,581.0,277.0,114.0,58.0,3044.0,145.0,20.0,2238.0,40.0,219.0,392.0,1550.0,1421.0,1707.5,293.0,67.0,31.0,0.0,672.0,107.0,463.0,390.0,621.0,27.0,50.0,18.0,257.0,334.0,93.0,56.0,59.0,1130.0,14.0,565.0,838.0,102.0,38.5,20.0,2890.0,118.0,118.0,532.0,1158.0,125.0,22.5,374.0,76.0,2500.0,35.0,656.0,802.0,42.0,194.0,1720.0,1899.0,146.0,461.0,65.5,497.0,41.0,155.0,111.0,92063
2019070100,74.0,611.0,40.0,406.5,443.0,269.0,40.0,63.0,127.0,1407.0,612.0,213.0,310.0,1749.0,440.0,83.0,40.0,1028.0,91.0,48.0,61.0,3004.0,205.0,38.0,21.0,43.0,1286.0,107.0,334.0,864.0,0.0,320.0,156.5,515.0,185.0,27.0,82.0,200.0,106.0,857.0,616.0,32.0,3727.0,236.0,25.0,42.0,242.0,79.0,722.0,864.5,169.0,59.0,112.0,65.0,518.0,381.0,166.0,13.0,34.0,43.0,94.0,411.0,42.0,41.0,2364.0,206.0,432.0,369.0,90.0,549.0,176.0,269.0,1001.0,224.5,41.0,54.0,505.0,65.5,96.0,33.0,232.0,1681.0,69.0,362.0,129.0,122.0,21.0,19.0,2191.0,60.0,28.0,173.0,536.0,492.0,49.0,72.0,30.0,348.0,47.0,95.0,1136.0,35.0,111.0,37.0,87.0,633.0,221.0,90.0,292.0,27.0,0.0,52.0,0.0,604.0,168.0,106.0,42.0,917.0,57.0,13.0,192.0,52.0,150.0,286.0,916.0,1111.0,1011.5,260.0,65.0,26.0,0.0,530.0,92.0,364.0,225.0,533.0,41.0,43.0,16.0,237.0,162.5,70.0,43.0,62.0,969.0,28.0,342.0,400.0,92.0,29.0,22.0,1573.0,71.0,129.0,309.0,805.0,151.0,21.0,279.0,88.0,446.0,17.0,451.0,457.0,50.0,113.0,1210.0,1184.0,105.0,286.0,72.0,539.0,48.0,87.0,112.0,63853
2019080100,146.0,1087.0,37.0,535.0,749.0,372.0,32.0,79.0,181.0,2288.0,1002.0,509.0,1014.0,1102.0,552.0,153.0,59.0,1425.0,120.0,96.0,87.0,5155.0,287.0,63.0,11.0,64.0,2120.0,226.0,477.0,889.0,0.0,556.0,176.5,600.0,436.0,43.0,207.0,232.0,145.0,3373.0,827.0,88.0,3776.0,314.0,37.0,57.0,422.0,79.0,755.0,826.5,195.0,89.0,163.0,87.0,1600.0,529.0,257.0,11.0,75.0,72.0,102.0,471.0,56.0,58.0,5275.0,205.0,581.0,592.0,118.5,456.0,360.0,284.0,1613.0,306.0,58.0,96.0,659.0,100.0,142.5,48.0,306.0,1773.0,58.5,523.0,127.0,186.0,35.0,27.0,2162.0,90.0,31.0,236.0,820.0,604.0,76.0,63.0,63.0,475.0,74.0,98.0,1338.0,53.0,174.0,94.0,131.0,1259.0,568.0,152.0,399.0,36.0,0.0,54.0,0.0,553.0,246.0,202.0,187.0,1908.0,97.0,29.0,867.0,56.0,218.0,713.0,1340.0,1242.0,2345.5,351.0,135.0,42.0,0.0,690.0,112.0,473.0,321.0,740.0,47.0,66.0,34.0,232.0,284.0,91.0,79.0,108.0,835.0,20.0,537.0,582.0,82.0,33.0,28.0,2997.0,108.0,167.0,441.0,1276.0,215.0,36.0,440.0,102.0,832.0,34.0,611.0,879.0,57.0,271.0,1093.0,3873.0,167.0,249.0,92.0,542.0,59.0,201.0,151.0,97166
2019090100,162.0,1350.0,42.0,520.5,756.0,405.0,35.0,77.0,225.5,2497.0,1209.0,1435.0,2069.0,1093.0,792.0,253.0,84.0,1813.0,96.0,83.0,132.0,8687.0,369.0,102.0,16.0,79.0,4603.0,340.0,752.0,689.0,0.0,537.0,197.5,750.0,838.0,32.0,276.0,259.0,163.0,6743.0,964.0,156.0,4819.0,239.0,56.0,41.0,730.0,100.0,829.0,659.5,169.0,79.0,244.0,82.0,2467.0,650.0,333.0,13.0,145.0,51.0,139.0,519.0,57.0,59.0,11017.0,218.0,556.0,640.0,232.0,1273.0,220.0,332.0,2074.0,455.5,53.0,156.0,806.0,105.5,167.5,100.0,422.0,2488.0,78.5,881.0,151.0,193.0,23.0,23.0,1933.0,159.0,37.0,266.0,995.0,640.0,77.0,70.0,64.0,811.0,67.0,66.0,1735.0,44.0,290.0,127.0,167.0,2495.0,830.0,261.0,590.5,47.0,0.0,58.0,0.0,822.0,434.0,337.0,84.0,2746.0,214.0,22.0,2021.0,45.0,227.0,1305.0,1719.0,1263.0,4063.0,377.0,133.0,45.0,0.0,803.0,211.0,515.0,390.0,819.0,44.0,95.0,22.0,205.0,521.5,110.0,103.0,132.0,700.0,18.0,938.0,1366.0,139.0,49.0,22.0,3973.0,572.0,123.0,896.0,1607.0,139.0,43.5,553.0,87.0,1437.0,43.0,1100.0,1327.0,66.0,521.0,1616.0,10181.0,239.0,276.0,130.5,510.0,58.0,401.0,207.0,146001
2019100100,265.0,1273.0,32.0,611.5,690.0,485.0,35.0,91.0,206.0,2231.0,1675.0,1088.0,1461.0,1248.0,1014.0,369.0,68.0,1709.0,58.0,67.0,131.0,6276.0,478.0,187.0,5.0,87.0,3686.0,397.0,770.0,648.0,0.0,442.0,231.0,644.0,764.0,51.0,293.0,332.0,153.0,6259.0,1164.0,136.0,4770.0,236.0,60.0,52.0,724.0,80.0,1010.0,805.5,216.0,100.0,328.0,113.0,3063.0,656.0,423.0,18.0,104.0,62.0,139.5,690.0,56.0,82.0,5611.0,223.0,509.0,538.0,236.0,635.0,227.0,286.0,2108.0,425.0,84.0,175.0,770.0,112.5,177.0,71.0,335.0,1860.0,91.0,1288.0,132.0,181.0,28.0,28.0,2463.0,141.0,38.0,292.0,1020.0,733.0,83.0,98.0,67.0,606.0,71.0,90.0,1716.0,56.0,233.0,104.0,159.0,1174.0,1011.0,295.0,466.0,41.0,0.0,41.0,0.0,670.0,578.0,330.0,86.0,3113.0,401.0,26.0,2263.0,45.0,202.0,1234.0,1874.0,1758.0,2587.5,371.0,116.0,51.0,0.0,805.0,219.0,515.0,405.0,877.0,56.0,89.0,22.0,301.0,728.5,111.0,190.0,128.0,894.0,18.0,1144.0,1963.0,140.0,48.0,23.0,3375.0,407.0,184.0,743.0,1692.0,139.0,54.5,494.0,73.0,1725.0,37.0,880.0,1424.0,68.0,461.0,2520.0,5308.0,231.0,310.0,119.5,521.0,63.0,742.0,154.0,131873
2019110100,417.0,1397.0,47.0,580.5,727.0,443.0,49.0,98.0,189.5,2326.0,1715.0,908.0,1349.0,1450.0,1157.0,390.0,93.0,1746.0,66.0,81.0,133.0,6765.0,558.0,236.0,13.0,88.0,2615.0,375.0,980.0,904.0,0.0,500.0,272.5,778.0,979.0,84.0,408.0,462.0,203.0,4403.0,1312.0,138.0,4959.0,292.0,69.0,53.0,1064.0,70.0,1069.0,763.0,196.0,88.0,436.0,149.0,2505.0,613.0,555.0,10.0,124.0,113.0,129.0,538.0,68.0,79.0,4820.0,288.0,602.0,601.0,260.5,521.0,269.0,302.0,2241.0,472.0,53.0,203.0,1022.0,160.5,214.5,91.0,295.0,2195.0,86.0,1129.0,154.0,298.0,42.0,47.0,2011.0,141.0,37.0,337.0,1332.0,649.0,60.0,94.0,80.0,539.0,73.0,86.0,2051.0,98.0,476.0,119.0,187.0,1410.0,982.0,262.0,570.5,51.0,0.0,58.0,0.0,780.0,827.0,465.0,76.0,3737.0,435.0,36.0,2300.0,50.0,226.0,1367.0,2302.0,1562.0,2084.0,498.0,146.0,57.0,0.0,888.0,330.0,527.0,507.0,1009.0,48.0,80.0,39.0,347.0,798.5,126.0,159.0,136.0,931.0,27.0,1338.0,2436.0,136.0,53.0,27.0,3028.0,609.0,224.0,704.0,1794.0,154.0,59.5,678.0,84.0,2423.0,36.0,764.0,1475.0,79.0,601.0,2049.0,3487.0,282.0,401.0,140.0,1111.0,75.0,726.0,157.0,134312
2019120100,424.0,914.0,47.0,551.5,633.0,400.0,52.5,107.0,185.0,1700.0,1089.0,554.0,1084.0,1176.0,2052.0,252.0,87.0,1628.0,85.0,78.0,102.0,4964.0,393.0,139.0,10.0,92.0,1784.0,331.0,537.0,653.0,0.0,464.0,226.0,469.0,785.0,39.0,313.0,287.0,166.0,3406.0,1025.0,113.0,4095.0,251.0,61.0,70.0,715.0,102.0,1044.0,656.5,199.0,190.0,350.0,130.0,1573.0,541.0,368.0,10.0,188.0,102.0,166.5,511.0,63.0,63.0,2981.0,285.0,441.0,505.0,197.5,440.0,273.0,266.0,1628.0,404.5,62.0,252.0,807.0,94.0,190.0,58.0,246.0,2036.0,48.0,785.0,131.0,317.0,27.0,24.0,1770.0,139.0,35.0,229.0,1059.0,814.0,59.0,81.0,103.0,435.0,95.0,75.0,1938.0,57.0,200.0,116.0,152.0,998.0,779.0,249.0,409.5,36.0,0.0,44.0,0.0,824.0,544.0,404.0,93.0,3093.0,254.0,30.0,1289.0,67.0,258.0,1059.0,1821.0,1354.0,1432.0,311.0,143.0,55.0,0.0,762.0,186.0,517.0,461.0,894.0,56.0,85.0,28.0,324.0,488.5,120.0,114.0,136.0,911.0,23.0,740.0,1569.0,113.0,42.5,39.0,2394.0,364.0,244.0,614.0,1183.0,144.0,38.5,502.0,98.0,1659.0,40.0,740.0,1138.0,100.0,390.0,3224.0,2004.0,202.0,328.0,126.5,495.0,71.0,435.0,136.0,105836
2020010100,464.0,997.0,54.0,956.5,671.0,418.0,63.5,93.0,188.0,2305.0,1672.0,714.0,882.0,1806.0,1042.0,175.0,70.0,1601.0,91.0,73.0,86.0,7303.0,545.0,73.0,12.0,84.0,1790.0,229.0,529.0,627.0,0.0,461.0,232.0,555.0,462.0,39.0,233.0,240.0,124.0,2484.0,1112.0,68.0,5699.0,196.0,34.0,56.0,380.0,77.0,1088.0,623.0,191.0,98.0,201.0,75.0,2030.0,520.0,318.0,8.0,66.0,100.0,161.5,565.0,64.0,52.0,3277.0,396.0,507.0,560.0,131.0,545.0,210.0,314.0,2019.0,346.5,72.0,186.0,754.0,110.0,157.0,53.0,242.0,3168.0,49.0,741.0,146.0,237.0,17.0,29.0,2102.0,134.0,35.0,259.0,868.0,786.0,82.0,99.0,82.0,451.0,74.0,86.0,2188.0,56.0,126.0,93.0,140.0,1136.0,498.0,198.0,489.0,36.0,0.0,52.0,0.0,837.0,380.0,213.0,86.0,4339.0,241.0,33.0,2059.0,70.0,236.0,785.0,2682.0,2694.0,1620.0,388.0,130.0,41.0,0.0,948.0,145.0,546.0,683.0,974.0,46.0,71.0,26.0,4592.0,344.5,158.0,68.0,95.0,985.0,41.0,668.0,669.0,102.0,61.0,23.0,2795.0,147.0,229.0,835.0,1195.0,186.0,34.0,612.0,98.0,2293.0,26.0,1027.0,893.0,77.0,270.0,2493.0,3083.0,199.0,325.0,104.5,539.0,62.0,227.0,144.0,120207
2020020100,292.0,759.0,45.0,688.5,423.0,350.0,93.0,78.0,205.0,1780.0,1304.0,532.0,720.0,1573.0,919.0,187.0,60.0,1201.0,113.0,86.0,53.0,5445.0,437.0,89.0,6.0,54.0,1300.0,201.0,554.0,543.0,0.0,366.0,235.0,569.0,491.0,43.0,228.0,210.0,132.0,2290.0,1083.0,67.0,5353.0,188.0,40.0,61.0,469.0,77.0,890.0,627.0,195.0,91.0,185.0,74.0,1865.0,424.0,255.0,23.0,80.0,81.0,121.5,534.0,51.0,64.0,2551.0,278.0,479.0,452.0,131.5,325.0,204.0,392.0,1477.0,282.5,65.0,154.0,588.0,111.5,155.5,76.0,202.0,3082.0,43.5,653.0,155.0,201.0,40.0,26.0,1653.0,84.0,34.0,234.0,698.0,649.0,68.0,108.0,30.0,419.0,62.0,66.0,1920.0,66.0,230.0,88.0,104.0,876.0,485.0,205.0,426.5,33.0,0.0,31.0,0.0,690.0,451.0,187.0,64.0,3374.0,239.0,30.0,1984.0,59.0,173.0,695.0,2224.0,1396.0,1291.0,332.0,84.0,40.0,0.0,707.0,189.0,446.0,503.0,589.0,33.0,69.0,17.0,412.0,431.5,98.0,55.0,84.0,972.0,23.0,535.0,1196.0,74.0,41.0,22.0,2310.0,255.0,188.0,685.0,848.0,150.0,30.0,549.0,60.0,1597.0,34.0,778.0,783.0,91.0,273.0,1419.0,2136.0,172.0,255.0,81.5,448.0,38.0,291.0,119.0,96643
2020030100,358.0,929.0,42.0,674.0,674.0,373.0,79.0,96.0,227.0,2632.0,1256.0,1044.0,905.0,2093.0,889.0,214.0,78.0,1662.0,113.0,128.0,82.0,7252.0,566.0,95.0,6.0,66.0,1624.0,224.0,544.0,665.0,0.0,399.0,209.5,598.0,632.0,44.0,214.0,205.0,140.0,3727.0,1472.0,85.0,6637.0,287.0,55.0,60.0,539.0,126.0,769.0,572.5,187.0,78.0,264.0,91.0,3617.0,558.0,298.0,45.0,66.0,79.0,128.5,512.0,64.0,68.0,3353.0,264.0,1010.0,453.0,112.0,374.0,208.0,376.0,1685.0,455.5,81.0,204.0,763.0,101.5,177.5,78.0,212.0,3556.0,50.0,844.0,139.0,205.0,39.0,20.0,1992.0,129.0,32.0,198.0,791.0,569.0,80.0,83.0,25.0,537.0,80.0,76.0,2147.0,79.0,201.0,77.0,171.0,849.0,480.0,229.0,444.0,37.0,0.0,48.0,0.0,811.0,709.0,170.0,95.0,5074.0,413.0,28.0,4814.0,37.0,202.0,770.0,3769.0,1910.0,1513.5,321.0,130.0,77.0,0.0,817.0,179.0,472.0,601.0,602.0,41.0,100.0,18.0,442.0,477.0,89.0,68.0,111.0,841.0,33.0,782.0,1421.0,107.0,56.0,33.0,2706.0,264.0,231.0,820.0,880.0,162.0,31.0,642.0,71.0,2847.0,34.0,909.0,816.0,71.0,287.0,1407.0,3901.0,235.0,368.0,131.5,556.0,50.0,348.0,125.0,123997
2020040100,265.0,859.0,54.0,773.0,531.0,424.0,94.0,106.0,211.5,2309.0,1110.0,990.0,719.0,1804.0,838.0,222.0,85.0,1421.0,96.0,151.0,101.0,4608.0,659.0,140.0,6.0,58.0,1277.0,306.0,606.0,659.0,0.0,399.0,215.0,765.0,629.0,56.0,270.0,253.0,153.0,3472.0,1568.0,74.0,4427.0,229.0,45.0,85.0,589.0,80.0,869.0,707.5,179.0,91.0,488.0,139.0,3413.0,512.0,264.0,34.0,94.0,103.0,265.5,619.0,65.0,65.0,2903.0,275.0,2328.0,534.0,156.5,528.0,194.0,660.0,1592.0,391.5,70.0,141.0,819.0,132.0,173.5,82.0,245.0,2795.0,48.5,962.0,134.0,210.0,40.0,21.0,2220.0,111.0,40.0,230.0,798.0,595.0,87.0,125.0,27.0,553.0,87.0,60.0,2242.0,101.0,598.0,86.0,192.0,658.0,423.0,278.0,352.5,37.0,0.0,63.0,0.0,834.0,726.0,332.0,92.0,3757.0,344.0,34.0,4284.0,54.0,156.0,708.0,3184.0,1811.0,1184.5,381.0,142.0,55.0,0.0,883.0,176.0,477.0,454.0,633.0,37.0,77.0,25.0,335.0,561.0,122.0,84.0,101.0,921.0,19.0,872.0,1618.0,125.0,63.5,20.0,2069.0,500.0,165.0,785.0,911.0,156.0,41.5,496.0,70.0,2114.0,37.0,730.0,919.0,71.0,322.0,1245.0,4022.0,235.0,249.0,128.5,638.0,57.0,337.0,112.0,115690
2020050100,272.0,996.0,56.0,734.5,614.0,415.0,117.0,116.0,204.0,2109.0,1340.0,844.0,1096.0,2300.0,745.0,345.0,95.0,1324.0,86.0,108.0,105.0,4188.0,621.0,182.0,6.0,90.0,1383.0,276.0,665.0,630.0,0.0,497.0,217.0,818.0,595.0,95.0,295.0,310.0,168.0,4090.0,1396.0,95.0,4066.0,239.0,50.0,62.0,909.0,88.0,780.0,788.5,179.0,129.0,282.0,119.0,2817.0,500.0,331.0,27.0,187.0,94.0,208.0,585.0,75.0,82.0,2999.0,275.0,842.0,605.0,158.0,408.0,216.0,476.0,1664.0,388.0,76.0,196.0,734.0,185.0,196.0,87.0,279.0,2623.0,59.5,718.0,110.0,262.0,26.0,31.0,1884.0,143.0,51.0,269.0,795.0,750.0,75.0,85.0,44.0,547.0,70.0,62.0,1686.0,109.0,238.0,130.0,181.0,795.0,573.0,361.0,407.5,37.0,0.0,65.0,0.0,847.0,599.0,246.0,102.0,3731.0,261.0,25.0,3912.0,59.0,196.0,1204.0,3109.0,1709.0,1292.0,430.0,165.0,72.0,0.0,949.0,279.0,459.0,395.0,694.0,67.0,95.0,22.0,329.0,657.5,164.0,92.0,101.0,889.0,42.0,920.0,1376.0,125.0,88.5,43.0,2240.0,350.0,219.0,650.0,1402.0,189.0,46.0,624.0,102.0,1871.0,42.0,725.0,1024.0,96.0,362.0,1564.0,2846.0,255.0,596.0,133.0,584.0,42.0,501.0,156.0,114452
2020060100,164.0,644.0,72.0,475.5,608.0,337.0,151.5,83.0,195.0,2049.0,824.0,386.0,497.0,1284.0,468.0,129.0,80.0,1111.0,92.0,94.0,108.0,2747.0,321.0,90.0,5.0,66.0,961.0,230.0,419.0,511.0,0.0,392.0,184.5,517.0,318.0,42.0,167.0,220.0,98.0,1727.0,837.0,50.0,6546.0,165.0,27.0,71.0,332.0,80.0,701.0,492.0,209.0,101.0,202.0,101.0,1233.0,285.0,268.0,10.0,83.0,58.0,125.0,455.0,69.0,74.0,2429.0,192.0,672.0,472.0,82.5,276.0,441.0,239.0,1376.0,244.0,65.0,118.0,440.0,68.0,119.5,61.0,239.0,1760.0,49.5,594.0,137.0,160.0,16.0,21.0,1438.0,112.0,42.0,268.0,505.0,589.0,83.0,101.0,46.0,384.0,58.0,80.0,1327.0,58.0,192.0,96.0,117.0,582.0,335.0,184.0,301.0,30.0,0.0,59.0,0.0,628.0,266.0,171.0,82.0,1535.0,129.0,38.0,1332.0,39.0,196.0,469.0,1212.0,1400.0,942.0,288.0,120.0,63.0,0.0,629.0,177.0,326.0,390.0,459.0,49.0,90.0,24.0,335.0,316.0,136.0,91.0,99.0,647.0,36.0,377.0,504.0,158.0,57.0,42.0,1237.0,135.0,205.0,331.0,659.0,130.0,24.5,424.0,94.0,824.0,45.0,576.0,709.0,76.0,218.0,873.0,1562.0,157.0,225.0,103.5,522.0,56.0,210.0,128.0,76007
2020070100,169.0,529.0,70.0,540.5,349.0,255.0,71.5,79.0,123.5,1743.0,678.0,257.0,292.0,1452.0,428.0,111.0,52.0,840.0,82.0,83.0,86.0,2315.0,244.0,86.0,6.0,70.0,813.0,267.0,415.0,520.0,0.0,325.0,138.0,447.0,218.0,46.0,106.0,219.0,93.0,639.0,578.0,52.0,3628.0,168.0,57.0,67.0,285.0,73.0,749.0,621.5,182.0,97.0,144.0,77.0,553.0,290.0,183.0,17.0,67.0,83.0,116.5,572.0,67.0,86.0,2144.0,187.0,544.0,361.0,82.0,282.0,256.0,224.0,1348.0,194.5,55.0,81.0,453.0,77.0,105.5,61.0,200.0,1468.0,47.0,446.0,152.0,148.0,30.0,26.0,1981.0,86.0,34.0,232.0,443.0,716.0,74.0,106.0,60.0,315.0,43.0,63.0,1236.0,50.0,211.0,62.0,93.0,489.0,207.0,160.0,251.5,28.0,0.0,64.0,0.0,614.0,160.0,105.0,71.0,592.0,70.0,22.0,304.0,65.0,151.0,282.0,789.0,1283.0,823.5,458.0,137.0,38.0,0.0,610.0,134.0,286.0,366.0,458.0,50.0,78.0,33.0,281.0,336.5,125.0,57.0,78.0,755.0,36.0,375.0,400.0,115.0,46.0,32.0,886.0,86.0,153.0,293.0,569.0,146.0,30.0,317.0,87.0,400.0,42.0,484.0,369.0,66.0,118.0,659.0,1067.0,143.0,255.0,79.0,508.0,49.0,154.0,113.0,61420
2020080100,167.0,647.0,52.0,540.0,438.0,292.0,84.5,105.0,168.5,1775.0,830.0,539.0,1012.0,752.0,372.0,125.0,91.0,987.0,84.0,88.0,88.0,2858.0,297.0,81.0,8.0,69.0,1089.0,317.0,536.0,475.0,0.0,337.0,156.5,475.0,533.0,47.0,188.0,207.0,108.0,2184.0,884.0,66.0,3495.0,154.0,42.0,52.0,434.0,71.0,768.0,592.0,185.0,90.0,157.0,76.0,896.0,328.0,200.0,6.0,96.0,69.0,116.0,461.0,47.0,54.0,2423.0,169.0,494.0,432.0,90.0,322.0,207.0,195.0,1298.0,243.5,52.0,139.0,611.0,125.5,113.5,65.0,234.0,1198.0,44.5,577.0,130.0,149.0,27.0,36.0,1506.0,93.0,34.0,213.0,632.0,498.0,72.0,66.0,58.0,386.0,58.0,87.0,1359.0,59.0,199.0,101.0,107.0,533.0,428.0,206.0,320.5,49.0,0.0,64.0,0.0,588.0,268.0,170.0,73.0,1427.0,100.0,36.0,829.0,58.0,247.0,588.0,967.0,2100.0,1079.0,425.0,107.0,35.0,0.0,656.0,159.0,322.0,287.0,608.0,136.0,69.0,29.0,389.0,284.0,102.0,70.0,136.0,684.0,28.0,465.0,493.0,114.0,49.0,22.0,1514.0,94.0,137.0,380.0,769.0,147.0,36.0,423.0,70.0,545.0,37.0,598.0,624.0,76.0,221.0,697.0,3282.0,180.0,214.0,97.5,505.0,47.0,174.0,116.0,74368
2020090100,149.0,796.0,40.0,557.5,575.0,366.0,80.0,81.0,201.0,2152.0,1219.0,1361.0,1684.0,990.0,683.0,191.0,106.0,1223.0,65.0,90.0,139.0,4237.0,289.0,145.0,7.0,62.0,2340.0,365.0,823.0,545.0,0.0,392.0,211.0,611.0,729.0,47.0,244.0,265.0,151.0,4754.0,1343.0,79.0,4189.0,173.0,34.0,48.0,606.0,85.0,814.0,451.5,187.0,118.0,260.0,101.0,1775.0,539.0,304.0,8.0,143.0,69.0,123.0,441.0,35.0,78.0,6633.0,204.0,551.0,509.0,216.5,368.0,209.0,323.0,1755.0,381.0,58.0,152.0,761.0,121.5,155.0,63.0,295.0,1473.0,47.5,901.0,105.0,241.0,29.0,21.0,1654.0,117.0,32.0,233.0,737.0,627.0,69.0,72.0,66.0,605.0,78.0,64.0,1874.0,54.0,219.0,165.0,133.0,711.0,870.0,275.0,404.5,37.0,0.0,105.0,0.0,678.0,481.0,355.0,79.0,1807.0,252.0,20.0,1856.0,57.0,176.0,979.0,1742.0,1648.0,1575.5,390.0,143.0,28.0,0.0,672.0,184.0,394.0,352.0,550.0,72.0,69.0,31.0,803.0,589.0,124.0,107.0,131.0,735.0,19.0,609.0,1279.0,109.0,44.0,27.0,2231.0,248.0,145.0,712.0,1024.0,121.0,39.0,486.0,77.0,938.0,25.0,1008.0,909.0,81.0,420.0,1290.0,7485.0,242.0,267.0,138.5,501.0,63.0,307.0,162.0,109165
2020100100,269.0,699.0,52.0,492.0,584.0,307.0,100.0,78.0,183.5,2220.0,1330.0,1609.0,1239.0,1003.0,791.0,187.0,75.0,1297.0,88.0,90.0,92.0,4724.0,353.0,118.0,8.0,78.0,3275.0,352.0,635.0,624.0,0.0,384.0,190.5,1520.0,634.0,43.0,273.0,311.0,128.0,3959.0,1219.0,86.0,4230.0,150.0,46.0,64.0,939.0,85.0,783.0,523.5,196.0,81.0,284.0,84.0,2325.0,547.0,260.0,14.0,125.0,69.0,141.5,481.0,47.0,70.0,5357.0,181.0,705.0,455.0,235.5,372.0,203.0,268.0,1620.0,352.5,65.0,147.0,654.0,236.0,224.0,60.0,252.0,2311.0,66.0,589.0,171.0,187.0,30.0,20.0,1537.0,135.0,20.0,229.0,831.0,582.0,67.0,88.0,72.0,467.0,51.0,69.0,1893.0,76.0,237.0,120.0,196.0,799.0,667.0,232.0,455.0,29.0,0.0,86.0,0.0,580.0,476.0,317.0,73.0,2025.0,292.0,31.0,2311.0,55.0,183.0,1044.0,1974.0,1485.0,1989.0,324.0,147.0,33.0,0.0,646.0,150.0,341.0,449.0,554.0,59.0,68.0,35.0,860.0,767.0,108.0,116.0,109.0,685.0,22.0,582.0,1186.0,109.0,45.5,23.0,2222.0,248.0,155.0,442.0,1057.0,133.0,50.0,464.0,94.0,1168.0,28.0,547.0,932.0,79.0,385.0,1370.0,3974.0,194.0,251.0,101.5,450.0,44.0,625.0,160.0,108524
2020110100,381.0,858.0,52.0,556.5,1091.0,318.0,86.0,88.0,228.0,3240.0,1487.0,1313.0,1249.0,1251.0,865.0,344.0,115.0,1508.0,78.0,99.0,138.0,5392.0,494.0,333.0,10.0,84.0,3542.0,396.0,662.0,674.0,0.0,453.0,197.0,951.0,888.0,82.0,421.0,404.0,131.0,3954.0,1416.0,94.0,7860.0,144.0,48.0,71.0,1805.0,91.0,734.0,620.0,184.0,90.0,346.0,110.0,2157.0,515.0,386.0,29.0,210.0,55.0,129.0,538.0,33.0,69.0,6045.0,231.0,1267.0,521.0,390.0,370.0,257.0,318.0,1996.0,422.0,105.0,298.0,699.0,392.0,329.0,63.0,246.0,2599.0,72.5,762.0,252.0,311.0,48.0,22.0,1503.0,103.0,17.0,287.0,989.0,693.0,82.0,67.0,64.0,425.0,59.0,62.0,2262.0,186.0,388.0,163.0,170.0,1836.0,927.0,316.0,466.5,43.0,0.0,126.0,0.0,604.0,710.0,470.0,64.0,2530.0,368.0,34.0,2305.0,68.0,200.0,1371.0,2114.0,1700.0,2483.0,314.0,183.0,74.0,0.0,699.0,226.0,410.0,406.0,606.0,47.0,88.0,86.0,590.0,923.5,103.0,201.0,138.0,1091.0,26.0,761.0,2091.0,159.0,60.0,25.0,2693.0,436.0,239.0,731.0,961.0,105.0,68.5,582.0,67.0,1740.0,27.0,630.0,1152.0,78.0,679.0,1613.0,3047.0,223.0,701.0,98.0,422.0,42.0,952.0,155.0,130689
2020120100,286.0,719.0,45.0,562.5,644.0,310.0,132.0,95.0,166.0,2055.0,1176.0,881.0,1088.0,1113.0,645.0,313.0,77.0,1364.0,64.0,96.0,155.0,4020.0,386.0,253.0,18.0,69.0,2033.0,347.0,644.0,569.0,0.0,422.0,222.5,1064.0,668.0,53.0,319.0,453.0,126.0,2529.0,1180.0,86.0,3602.0,193.0,33.0,61.0,924.0,83.0,847.0,550.0,221.0,86.0,189.0,79.0,1686.0,419.0,313.0,22.0,124.0,74.0,115.0,494.0,52.0,72.0,3518.0,210.0,539.0,395.0,154.5,381.0,214.0,289.0,1375.0,317.5,70.0,238.0,557.0,192.5,214.5,58.0,269.0,3625.0,65.5,488.0,97.0,243.0,45.0,22.0,1539.0,82.0,23.0,217.0,639.0,754.0,92.0,57.0,69.0,469.0,45.0,55.0,1719.0,79.0,228.0,133.0,132.0,877.0,618.0,224.0,426.5,29.0,0.0,43.0,0.0,613.0,406.0,348.0,75.0,1893.0,173.0,28.0,1476.0,65.0,175.0,939.0,1641.0,1432.0,1523.5,250.0,143.0,37.0,0.0,680.0,194.0,348.0,389.0,586.0,38.0,80.0,31.0,499.0,599.0,121.0,80.0,86.0,813.0,26.0,498.0,1312.0,117.0,57.5,25.0,1784.0,240.0,206.0,580.0,798.0,123.0,39.0,384.0,89.0,1265.0,29.0,591.0,900.0,80.0,207.0,1231.0,1765.0,199.0,415.0,82.5,382.0,45.0,815.0,147.0,95428
2021010100,396.0,778.0,39.0,569.0,816.0,357.0,97.0,84.0,192.0,2887.0,1481.0,1066.0,808.0,1288.0,746.0,215.0,67.0,1647.0,65.0,85.0,105.0,6311.0,551.0,93.0,10.0,74.0,1988.0,330.0,631.0,619.0,0.0,431.0,220.5,782.0,445.0,53.0,180.0,342.0,133.0,2575.0,1059.0,79.0,11725.0,165.0,43.0,59.0,768.0,83.0,861.0,577.5,234.0,87.0,183.0,96.0,2601.0,507.0,252.0,9.0,84.0,68.0,139.5,532.0,47.0,54.0,4132.0,253.0,783.0,470.0,105.0,321.0,202.0,264.0,1802.0,272.5,46.0,332.0,605.0,139.0,119.5,76.0,259.0,5545.0,61.0,580.0,126.0,262.0,37.0,20.0,1764.0,111.0,18.0,219.0,664.0,712.0,78.0,60.0,54.0,463.0,45.0,91.0,4652.0,45.0,255.0,100.0,156.0,1112.0,466.0,224.0,505.0,35.0,0.0,58.0,0.0,788.0,343.0,162.0,75.0,3512.0,320.0,44.0,2574.0,61.0,256.0,807.0,2453.0,1451.0,1765.5,402.0,139.0,43.0,0.0,720.0,126.0,497.0,542.0,591.0,40.0,60.0,22.0,2755.0,486.0,101.0,102.0,74.0,910.0,20.0,474.0,596.0,151.0,64.0,14.0,2199.0,181.0,209.0,585.0,854.0,136.0,43.0,448.0,74.0,1825.0,38.0,774.0,790.0,62.0,224.0,2246.0,2794.0,190.0,280.0,113.5,394.0,47.0,202.0,125.0,122412
2021020100,399.0,669.0,40.0,548.0,596.0,499.0,164.0,123.0,159.0,2193.0,1358.0,1025.0,901.0,1309.0,793.0,225.0,83.0,1397.0,80.0,62.0,104.0,5922.0,525.0,71.0,21.0,86.0,1420.0,335.0,624.0,591.0,0.0,423.0,221.0,831.0,515.0,58.0,286.0,337.0,169.0,2741.0,1040.0,104.0,6733.0,182.0,47.0,87.0,987.0,128.0,836.0,465.5,298.0,126.0,262.0,84.0,2279.0,458.0,306.0,14.0,104.0,75.0,159.5,522.0,43.0,69.0,3394.0,387.0,675.0,546.0,144.0,607.0,296.0,431.0,1688.0,290.5,55.0,270.0,684.0,137.0,167.0,65.0,317.0,4022.0,70.5,552.0,152.0,265.0,27.0,26.0,1375.0,94.0,43.0,226.0,765.0,739.0,116.0,85.0,55.0,507.0,53.0,79.0,3290.0,75.0,275.0,98.0,235.0,1211.0,585.0,227.0,420.0,39.0,0.0,93.0,0.0,743.0,427.0,172.0,109.0,3340.0,258.0,65.0,2747.0,92.0,261.0,975.0,2316.0,1336.0,1415.0,392.0,102.0,28.0,0.0,749.0,184.0,442.0,446.0,709.0,54.0,72.0,41.0,400.0,487.0,138.0,85.0,116.0,758.0,44.0,567.0,748.0,124.0,62.0,22.0,2178.0,213.0,158.0,579.0,882.0,200.0,34.0,522.0,88.0,1841.0,33.0,755.0,893.0,48.0,242.0,2469.0,2340.0,210.0,290.0,116.0,401.0,56.0,257.0,217.0,110373
2021030100,355.0,713.0,59.0,500.5,617.0,394.0,112.5,108.0,156.0,2200.0,1385.0,1528.0,945.0,1440.0,839.0,246.0,121.0,1460.0,82.0,81.0,119.0,6273.0,635.0,80.0,12.0,98.0,1446.0,323.0,555.0,688.0,0.0,375.0,172.0,1010.0,585.0,77.0,243.0,323.0,147.0,3418.0,1237.0,61.0,6706.0,194.0,61.0,59.0,1153.0,106.0,827.0,499.0,242.0,94.0,224.0,89.0,2393.0,497.0,342.0,15.0,62.0,79.0,135.5,509.0,52.0,75.0,3192.0,354.0,682.0,567.0,113.5,650.0,255.0,405.0,1790.0,356.5,47.0,280.0,719.0,167.0,182.5,57.0,242.0,3518.0,63.5,493.0,198.0,243.0,27.0,31.0,1661.0,116.0,30.0,232.0,782.0,618.0,77.0,96.0,49.0,508.0,77.0,101.0,2467.0,104.0,253.0,92.0,162.0,773.0,452.0,250.0,408.5,33.0,0.0,63.0,0.0,878.0,432.0,164.0,102.0,4343.0,267.0,41.0,3215.0,53.0,217.0,1149.0,2569.0,1890.0,1348.5,286.0,113.0,29.0,58.0,844.0,148.0,490.0,427.0,597.0,23.0,59.0,28.0,500.0,538.5,98.0,86.0,103.0,1090.0,22.0,573.0,1074.0,148.0,57.5,20.0,2003.0,301.0,173.0,529.0,1083.0,306.0,32.5,516.0,110.0,1792.0,32.0,745.0,982.0,61.0,229.0,1491.0,2679.0,174.0,302.0,112.5,403.0,51.0,330.0,188.0,113332
2021040100,311.0,663.0,63.0,506.5,483.0,395.0,122.5,99.0,127.0,1768.0,1071.0,1201.0,764.0,1723.0,709.0,258.0,96.0,1400.0,81.0,86.0,108.0,4837.0,637.0,191.0,9.0,65.0,1245.0,375.0,564.0,568.0,0.0,416.0,188.0,635.0,710.0,54.0,269.0,320.0,151.0,3601.0,1435.0,99.0,4858.0,139.0,49.0,55.0,1214.0,93.0,723.0,525.5,240.0,81.0,230.0,69.0,2431.0,498.0,295.0,13.0,115.0,86.0,137.5,479.0,90.0,60.0,2851.0,274.0,644.0,529.0,153.0,358.0,218.0,416.0,1620.0,322.0,57.0,253.0,718.0,193.0,272.5,55.0,222.0,3424.0,86.5,479.0,165.0,208.0,27.0,32.0,1597.0,101.0,26.0,241.0,775.0,619.0,78.0,54.0,52.0,486.0,82.0,77.0,2426.0,120.0,248.0,89.0,157.0,640.0,521.0,274.0,376.5,43.0,0.0,90.0,0.0,915.0,485.0,199.0,101.0,3393.0,335.0,45.0,3690.0,53.0,171.0,868.0,2603.0,1564.0,1168.0,518.0,145.0,36.0,51.0,865.0,181.0,411.0,368.0,598.0,46.0,87.0,37.0,584.0,625.0,101.0,93.0,84.0,1016.0,16.0,539.0,1665.0,139.0,47.5,18.0,1756.0,171.0,153.0,555.0,894.0,147.0,41.5,473.0,74.0,1604.0,23.0,613.0,887.0,91.0,769.0,1927.0,2807.0,212.0,296.0,125.5,419.0,60.0,398.0,184.0,107193
2021050100,243.0,655.0,43.0,476.5,480.0,342.0,116.0,84.0,130.5,1687.0,960.0,719.0,790.0,1567.0,804.0,339.0,85.0,1121.0,46.0,82.0,114.0,4424.0,470.0,155.0,12.0,57.0,1105.0,409.0,560.0,503.0,0.0,353.0,161.0,697.0,683.0,49.0,245.0,230.0,120.0,2816.0,1057.0,83.0,3332.0,163.0,58.0,60.0,639.0,85.0,794.0,585.5,175.0,87.0,208.0,82.0,1619.0,439.0,245.0,11.0,148.0,76.0,151.0,509.0,78.0,50.0,2685.0,224.0,537.0,451.0,94.5,340.0,232.0,334.0,1514.0,316.0,47.0,184.0,566.0,141.5,160.5,51.0,247.0,2406.0,88.5,404.0,129.0,204.0,22.0,30.0,1638.0,92.0,19.0,222.0,663.0,637.0,75.0,65.0,55.0,427.0,83.0,61.0,2623.0,85.0,210.0,122.0,163.0,791.0,567.0,272.0,370.0,33.0,0.0,75.0,0.0,790.0,456.0,146.0,155.0,2862.0,287.0,41.0,2856.0,51.0,168.0,828.0,2086.0,1273.0,1045.0,342.0,140.0,43.0,58.0,703.0,184.0,407.0,393.0,466.0,44.0,77.0,42.0,478.0,618.5,92.0,65.0,100.0,898.0,30.0,565.0,1553.0,107.0,59.5,29.0,1527.0,216.0,151.0,472.0,778.0,142.0,55.0,425.0,67.0,1343.0,30.0,500.0,838.0,58.0,314.0,1209.0,2447.0,191.0,239.0,139.5,412.0,70.0,521.0,145.0,92960
2021060100,124.0,479.0,44.0,346.0,381.0,242.0,123.0,81.0,89.5,1149.0,733.0,335.0,425.0,812.0,331.0,136.0,70.0,799.0,36.0,56.0,58.0,2594.0,253.0,63.0,6.0,57.0,778.0,392.0,329.0,366.0,50.0,282.0,138.5,342.0,276.0,25.0,129.0,257.0,102.0,1188.0,627.0,35.0,1922.0,89.0,40.0,34.0,337.0,69.0,649.0,387.5,142.0,53.0,145.0,62.0,708.0,337.0,161.0,16.0,70.0,76.0,101.5,373.0,39.0,65.0,1582.0,171.0,471.0,343.0,83.5,378.0,217.0,219.0,1051.0,201.0,38.0,82.0,416.0,79.0,76.0,42.0,146.0,1580.0,51.5,362.0,77.0,144.0,18.0,34.0,1591.0,85.0,22.0,181.0,437.0,550.0,46.0,37.0,49.0,342.0,75.0,72.0,1691.0,47.0,137.0,73.0,109.0,571.0,357.0,190.0,279.0,26.0,0.0,115.0,0.0,1399.0,203.0,104.0,71.0,1010.0,116.0,27.0,945.0,34.0,137.0,562.0,796.0,1068.0,696.5,244.0,116.0,33.0,49.0,423.0,102.0,247.0,222.0,388.0,35.0,49.0,30.0,416.0,207.0,68.0,62.0,83.0,706.0,22.0,297.0,500.0,82.0,24.5,24.0,797.0,160.0,161.0,244.0,506.0,90.0,22.5,254.0,70.0,528.0,26.0,255.0,544.0,151.0,213.0,583.0,949.0,165.0,163.0,78.0,305.0,41.0,192.0,126.0,57165
2021070100,132.0,462.0,57.0,408.0,394.0,228.0,224.5,54.0,100.0,1116.0,531.0,238.0,259.0,619.0,246.0,81.0,37.0,682.0,52.0,54.0,41.0,2549.0,213.0,49.0,9.0,78.0,708.0,271.0,253.0,412.0,95.0,249.0,150.0,315.0,187.0,28.0,102.0,236.0,144.0,619.0,486.0,36.0,2301.0,126.0,27.0,40.0,271.0,48.0,828.0,367.5,156.0,53.0,108.0,46.0,410.0,288.0,113.0,12.0,42.0,111.0,80.5,415.0,35.0,46.0,1624.0,133.0,508.0,268.0,50.0,369.0,180.0,278.0,1123.0,170.0,38.0,76.0,326.0,71.0,100.5,35.0,172.0,1480.0,67.0,310.0,117.0,105.0,24.0,24.0,1314.0,64.0,19.0,165.0,342.0,460.0,63.0,66.0,69.0,326.0,60.0,57.0,1336.0,28.0,175.0,50.0,85.0,434.0,211.0,99.0,216.5,19.0,0.0,125.0,0.0,470.0,166.0,71.0,47.0,479.0,60.0,19.0,191.0,69.0,85.0,208.0,629.0,1248.0,638.0,238.0,72.0,31.0,36.0,448.0,71.0,261.0,196.0,393.0,23.0,52.0,13.0,510.0,154.0,72.0,54.0,55.0,732.0,16.0,216.0,355.0,79.0,27.0,19.0,744.0,72.0,154.0,169.0,464.0,136.0,22.5,248.0,77.0,363.0,28.0,226.0,321.0,127.0,80.0,516.0,730.0,104.0,158.0,90.5,272.0,41.0,121.0,127.0,49392
2021080100,139.0,605.0,56.0,369.0,715.0,282.0,93.5,45.0,101.5,1639.0,695.0,389.0,796.0,603.0,296.0,91.0,60.0,738.0,60.0,108.0,50.0,5064.0,260.0,58.0,5.0,72.0,1875.0,231.0,308.0,503.0,97.0,295.0,134.5,532.0,383.0,36.0,124.0,226.0,95.0,2005.0,594.0,59.0,2452.0,115.0,35.0,42.0,431.0,65.0,715.0,348.5,149.0,75.0,124.0,66.0,583.0,440.0,148.0,11.0,57.0,96.0,111.5,504.0,48.0,55.0,3950.0,210.0,471.0,372.0,86.0,378.0,197.0,297.0,1452.0,230.5,47.0,102.0,474.0,106.5,100.0,51.0,196.0,1484.0,46.5,354.0,120.0,140.0,40.0,26.0,1121.0,109.0,27.0,213.0,442.0,580.0,74.0,131.0,45.0,492.0,91.0,62.0,1320.0,46.0,180.0,81.0,131.0,1113.0,289.0,117.0,221.0,41.0,0.0,198.0,0.0,406.0,208.0,113.0,62.0,938.0,126.0,23.0,576.0,40.0,154.0,501.0,837.0,1125.0,1759.5,273.0,99.0,35.0,32.0,392.0,79.0,290.0,184.0,486.0,35.0,56.0,27.0,797.0,251.5,78.0,60.0,98.0,885.0,21.0,243.0,469.0,74.0,32.5,29.0,1344.0,126.0,98.0,500.0,568.0,103.0,38.5,308.0,78.0,393.0,32.0,331.0,426.0,71.0,156.0,721.0,1675.0,152.0,203.0,93.0,263.0,47.0,149.0,108.0,69615
2021090100,173.0,748.0,50.0,450.5,870.0,333.0,109.5,56.0,122.5,2134.0,950.0,996.0,1475.0,826.0,451.0,204.0,73.0,901.0,62.0,65.0,74.0,9717.0,327.0,68.0,8.0,59.0,3169.0,404.0,427.0,636.0,112.0,370.0,158.5,764.0,536.0,42.0,248.0,265.0,129.0,3933.0,961.0,179.0,2512.0,142.0,48.0,46.0,511.0,66.0,723.0,762.5,190.0,51.0,212.0,54.0,1108.0,678.0,212.0,14.0,103.0,66.0,122.0,449.0,51.0,62.0,6563.0,260.0,486.0,438.0,108.0,323.0,167.0,466.0,1663.0,293.5,46.0,99.0,727.0,175.0,132.0,60.0,249.0,1734.0,54.0,981.0,119.0,148.0,39.0,22.0,1516.0,117.0,17.0,218.0,671.0,534.0,64.0,81.0,49.0,727.0,87.0,44.0,2090.0,67.0,255.0,133.0,144.0,993.0,565.0,211.0,356.5,27.0,0.0,255.0,0.0,512.0,306.0,244.0,72.0,1133.0,208.0,20.0,1231.0,44.0,142.0,881.0,1330.0,1369.0,2876.5,425.0,133.0,34.0,22.0,479.0,125.0,287.0,252.0,619.0,34.0,60.0,53.0,370.0,457.5,88.0,75.0,111.0,1573.0,45.0,363.0,1742.0,95.0,36.0,24.0,1867.0,194.0,100.0,423.0,864.0,101.0,63.5,396.0,79.0,699.0,31.0,556.0,687.0,93.0,243.0,933.0,4614.0,249.0,297.0,101.5,326.0,81.0,319.0,139.0,104099
2021100100,247.0,635.0,63.0,492.0,598.0,366.0,139.0,128.0,113.5,1542.0,1030.0,740.0,742.0,833.0,606.0,208.0,92.0,856.0,101.0,81.0,106.0,2968.0,363.0,127.0,18.0,91.0,1722.0,350.0,427.0,565.0,196.0,305.0,153.5,580.0,612.0,44.0,240.0,330.0,157.0,2666.0,932.0,108.0,2228.0,168.0,45.0,48.0,471.0,79.0,914.0,453.0,219.0,70.0,208.0,82.0,903.0,535.0,210.0,12.0,101.0,85.0,145.5,460.0,72.0,89.0,2691.0,167.0,426.0,448.0,151.5,455.0,218.0,247.0,1014.0,316.0,65.0,116.0,651.0,168.0,139.5,91.0,284.0,1593.0,82.5,421.0,108.0,166.0,39.0,34.0,1988.0,104.0,31.0,220.0,692.0,2460.0,66.0,94.0,64.0,520.0,105.0,64.0,1946.0,62.0,227.0,107.0,173.0,558.0,541.0,259.0,349.0,30.0,0.0,177.0,0.0,521.0,369.0,349.0,92.0,1342.0,257.0,25.0,1502.0,63.0,177.0,850.0,1448.0,1451.0,1070.5,325.0,136.0,47.0,55.0,532.0,176.0,328.0,339.0,553.0,34.0,71.0,79.0,589.0,427.5,105.0,123.0,109.0,1125.0,50.0,444.0,1240.0,121.0,49.5,29.0,1262.0,248.0,150.0,285.0,723.0,120.0,86.5,408.0,76.0,768.0,32.0,394.0,721.0,79.0,241.0,972.0,2708.0,278.0,394.0,107.0,394.0,72.0,491.0,178.0,83434
2021110100,324.0,686.0,84.0,449.0,624.0,333.0,120.0,97.0,155.5,1560.0,1170.0,753.0,925.0,987.0,667.0,279.0,114.0,899.0,86.0,95.0,88.0,3350.0,425.0,155.0,12.0,76.0,1582.0,357.0,490.0,617.0,189.0,305.0,197.5,674.0,604.0,98.0,325.0,361.0,142.0,2503.0,1145.0,122.0,2553.0,163.0,49.0,73.0,784.0,84.0,859.0,421.5,180.0,105.0,269.0,99.0,1094.0,517.0,247.0,16.0,97.0,66.0,137.5,472.0,63.0,83.0,2629.0,211.0,605.0,482.0,187.0,378.0,239.0,263.0,984.0,309.0,56.0,215.0,634.0,313.5,176.0,55.0,252.0,1733.0,90.5,401.0,132.0,226.0,43.0,26.0,2045.0,88.0,27.0,432.0,668.0,1076.0,83.0,99.0,60.0,532.0,81.0,53.0,2707.0,124.0,192.0,137.0,202.0,481.0,637.0,265.0,302.5,57.0,0.0,247.0,0.0,501.0,314.0,215.0,76.0,1831.0,273.0,24.0,1679.0,57.0,200.0,981.0,1940.0,1519.0,908.5,362.0,134.0,68.0,75.0,495.0,195.0,340.0,322.0,629.0,52.0,96.0,66.0,491.0,533.0,139.0,150.0,134.0,1190.0,51.0,543.0,1462.0,130.0,55.5,45.0,1608.0,336.0,164.0,327.0,1047.0,107.0,78.5,372.0,88.0,1095.0,46.0,519.0,833.0,123.0,301.0,1120.0,2544.0,247.0,411.0,102.5,352.0,87.0,536.0,143.0,89293
2021120100,229.0,532.0,49.0,432.0,642.0,283.0,103.5,91.0,107.0,1245.0,846.0,537.0,933.0,1004.0,523.0,249.0,107.0,890.0,81.0,73.0,80.0,3129.0,347.0,85.0,7.0,68.0,1180.0,280.0,462.0,612.0,155.0,316.0,158.0,436.0,473.0,64.0,247.0,288.0,151.0,1792.0,899.0,77.0,3073.0,167.0,49.0,47.0,457.0,85.0,918.0,445.5,199.0,81.0,226.0,61.0,696.0,357.0,173.0,14.0,152.0,74.0,123.0,383.0,63.0,72.0,1603.0,190.0,421.0,438.0,185.5,1226.0,361.0,282.0,749.0,234.0,45.0,204.0,564.0,297.5,124.0,57.0,253.0,1387.0,60.5,394.0,92.0,221.0,37.0,25.0,1781.0,77.0,31.0,216.0,776.0,845.0,82.0,142.0,62.0,370.0,94.0,55.0,1680.0,378.0,207.0,94.0,170.0,467.0,478.0,224.0,333.5,36.0,0.0,189.0,0.0,465.0,365.0,257.0,80.0,1367.0,193.0,29.0,1128.0,47.0,169.0,891.0,1338.0,1237.0,656.0,286.0,113.0,48.0,45.0,475.0,152.0,308.0,312.0,637.0,44.0,73.0,45.0,589.0,449.0,83.0,103.0,136.0,1179.0,21.0,410.0,1072.0,79.0,63.0,22.0,1321.0,253.0,157.0,236.0,2155.0,113.0,48.0,374.0,86.0,929.0,33.0,563.0,628.0,83.0,305.0,948.0,1271.0,221.0,341.0,90.5,318.0,63.0,481.0,145.0,76455
2022010100,741.0,696.0,76.0,487.0,639.0,511.0,101.0,100.0,157.5,1466.0,1100.0,625.0,653.0,1361.0,643.0,255.0,104.0,1081.0,104.0,91.0,101.0,4729.0,385.0,76.0,73.0,73.0,1427.0,376.0,526.0,644.0,165.0,365.0,172.0,399.0,389.0,40.0,205.0,271.0,186.0,1739.0,1033.0,67.0,4258.0,165.0,49.0,54.0,601.0,90.0,880.0,455.5,226.0,109.0,254.0,113.0,1219.0,527.0,204.0,10.0,75.0,90.0,146.5,545.0,63.0,68.0,1910.0,262.0,507.0,512.0,107.5,1039.0,232.0,359.0,1036.0,268.0,56.0,294.0,648.0,170.5,125.5,62.0,348.0,2592.0,67.0,433.0,124.0,234.0,48.0,35.0,1498.0,100.0,37.0,187.0,707.0,714.0,89.0,99.0,82.0,596.0,82.0,75.0,1729.0,67.0,220.0,92.0,156.0,567.0,473.0,248.0,435.0,55.0,0.0,244.0,47.0,646.0,278.0,121.0,85.0,2143.0,301.0,24.0,1628.0,38.0,220.0,769.0,1918.0,1328.0,822.0,464.0,170.0,56.0,61.0,659.0,139.0,318.0,332.0,753.0,53.0,79.0,41.0,1157.0,301.0,129.0,76.0,100.0,1222.0,30.0,600.0,537.0,120.0,52.5,41.0,1481.0,219.0,194.0,380.0,974.0,164.0,43.0,443.0,124.0,1443.0,54.0,544.0,634.0,90.0,333.0,1405.0,2000.0,228.0,397.0,89.0,411.0,55.0,209.0,195.0,88624
2022020100,331.0,700.0,75.0,407.0,616.0,365.0,92.0,61.0,162.0,1898.0,1003.0,560.0,558.0,1067.0,522.0,191.0,71.0,901.0,79.0,99.0,96.0,5308.0,381.0,76.0,10.0,65.0,1390.0,280.0,457.0,588.0,135.0,346.0,137.5,387.0,395.0,57.0,196.0,312.0,107.0,1375.0,853.0,96.0,4239.0,149.0,46.0,45.0,575.0,85.0,834.0,385.5,186.0,76.0,230.0,78.0,927.0,421.0,189.0,11.0,63.0,103.0,147.0,436.0,56.0,67.0,1486.0,365.0,476.0,378.0,110.5,551.0,218.0,352.0,1095.0,236.0,41.0,189.0,506.0,119.0,117.5,50.0,346.0,2230.0,62.5,390.0,103.0,212.0,36.0,21.0,1171.0,71.0,22.0,199.0,553.0,562.0,68.0,102.0,95.0,467.0,104.0,46.0,1495.0,82.0,212.0,91.0,180.0,677.0,447.0,185.0,359.5,28.0,0.0,294.0,64.0,596.0,263.0,126.0,67.0,1722.0,274.0,23.0,1356.0,54.0,187.0,742.0,1571.0,1021.0,779.0,383.0,134.0,49.0,65.0,524.0,136.0,259.0,406.0,605.0,38.0,76.0,30.0,466.0,420.5,86.0,78.0,95.0,984.0,20.0,327.0,552.0,77.0,53.5,24.0,1339.0,206.0,150.0,281.0,660.0,106.0,44.5,389.0,81.0,1037.0,40.0,440.0,555.0,84.0,211.0,1302.0,1395.0,201.0,348.0,81.0,316.0,137.0,250.0,138.0,77594
2022030100,397.0,739.0,85.0,430.0,552.0,335.0,102.5,78.0,160.0,2554.0,865.0,622.0,602.0,1064.0,563.0,222.0,73.0,912.0,87.0,85.0,82.0,4693.0,435.0,62.0,16.0,68.0,1117.0,276.0,412.0,589.0,163.0,327.0,154.0,426.0,416.0,53.0,175.0,295.0,109.0,1774.0,1015.0,55.0,6409.0,142.0,41.0,59.0,564.0,93.0,679.0,340.0,189.0,76.0,254.0,83.0,1291.0,428.0,176.0,6.0,81.0,199.0,187.5,426.0,56.0,76.0,1650.0,459.0,422.0,423.0,93.0,454.0,237.0,374.0,1136.0,257.0,60.0,187.0,633.0,131.0,121.5,60.0,290.0,2497.0,72.0,320.0,140.0,192.0,39.0,40.0,1219.0,96.0,32.0,154.0,555.0,669.0,78.0,80.0,113.0,443.0,123.0,94.0,1806.0,74.0,174.0,74.0,201.0,632.0,371.0,213.0,381.5,42.0,0.0,292.0,68.0,612.0,314.0,126.0,93.0,2238.0,216.0,30.0,1931.0,62.0,173.0,887.0,1881.0,1072.0,737.5,312.0,138.0,80.0,32.0,604.0,125.0,273.0,488.0,676.0,51.0,76.0,30.0,453.0,310.5,135.0,82.0,88.0,1033.0,34.0,346.0,711.0,121.0,64.5,38.0,1390.0,202.0,180.0,337.0,652.0,135.0,44.0,391.0,94.0,1207.0,32.0,553.0,584.0,95.0,198.0,1112.0,1559.0,195.0,271.0,93.5,354.0,113.0,294.0,156.0,83962
2022040100,255.0,586.0,69.0,404.0,440.0,315.0,114.0,104.0,113.5,1293.0,840.0,548.0,465.0,1004.0,374.0,187.0,60.0,759.0,63.0,125.0,70.0,2866.0,402.0,85.0,33.0,93.0,769.0,300.0,421.0,486.0,160.0,278.0,166.5,357.0,331.0,62.0,105.0,268.0,98.0,1503.0,947.0,89.0,3943.0,161.0,70.0,56.0,470.0,68.0,723.0,358.5,156.0,84.0,265.0,63.0,770.0,298.0,139.0,11.0,72.0,98.0,140.0,464.0,50.0,58.0,1484.0,243.0,509.0,380.0,91.5,325.0,202.0,425.0,756.0,228.5,48.0,145.0,599.0,132.0,110.5,60.0,226.0,1771.0,53.5,400.0,110.0,165.0,34.0,37.0,1044.0,63.0,42.0,146.0,437.0,595.0,55.0,72.0,96.0,304.0,97.0,62.0,1625.0,75.0,183.0,76.0,166.0,494.0,345.0,170.0,251.0,40.0,0.0,242.0,63.0,457.0,250.0,109.0,105.0,1451.0,179.0,29.0,1636.0,46.0,143.0,596.0,1510.0,1088.0,581.0,344.0,120.0,61.0,45.0,563.0,117.0,253.0,347.0,662.0,42.0,95.0,35.0,289.0,416.0,98.0,90.0,75.0,1002.0,31.0,350.0,743.0,94.0,69.0,29.0,808.0,182.0,129.0,255.0,494.0,126.0,45.5,348.0,87.0,919.0,44.0,359.0,627.0,129.0,150.0,760.0,1532.0,152.0,257.0,76.0,341.0,75.0,262.0,160.0,67622
2022050100,294.0,579.0,63.0,403.0,438.0,313.0,105.5,139.0,130.5,1312.0,877.0,574.0,572.0,1063.0,416.0,255.0,72.0,873.0,89.0,163.0,113.0,2726.0,416.0,152.0,41.0,112.0,885.0,309.0,429.0,408.0,184.0,285.0,180.5,495.0,418.0,68.0,162.0,296.0,138.0,1848.0,1067.0,100.0,4410.0,141.0,90.0,65.0,618.0,95.0,656.0,360.0,182.0,84.0,278.0,68.0,1110.0,298.0,189.0,18.0,113.0,83.0,164.0,412.0,61.0,79.0,1545.0,212.0,377.0,515.0,120.0,324.0,184.0,317.0,722.0,243.0,40.0,222.0,559.0,144.5,132.0,52.0,272.0,1701.0,72.5,319.0,128.0,173.0,36.0,23.0,1327.0,92.0,44.0,252.0,540.0,474.0,80.0,105.0,99.0,353.0,129.0,75.0,1761.0,421.0,245.0,80.0,234.0,439.0,352.0,281.0,241.0,44.0,135.0,202.0,74.0,549.0,281.0,223.0,108.0,1763.0,261.0,37.0,2126.0,52.0,166.0,789.0,1445.0,1250.0,592.5,352.0,122.0,43.0,62.0,485.0,144.0,303.0,250.0,765.0,72.0,130.0,50.0,249.0,398.0,115.0,88.0,117.0,787.0,51.0,368.0,813.0,82.0,94.0,37.0,1057.0,191.0,156.0,261.0,684.0,87.0,51.0,449.0,113.0,1115.0,52.0,355.0,623.0,104.0,313.0,908.0,1591.0,189.0,192.0,118.0,371.0,87.0,543.0,191.0,74620
2022060100,168.0,482.0,68.0,363.0,384.0,281.0,131.0,147.0,106.5,1059.0,611.0,404.0,373.0,691.0,335.0,158.0,78.0,621.0,122.0,146.0,133.0,1645.0,265.0,138.0,33.0,105.0,668.0,238.0,309.0,389.0,134.0,260.0,163.0,377.0,255.0,60.0,116.0,208.0,93.0,973.0,589.0,54.0,2555.0,135.0,91.0,62.0,302.0,95.0,536.0,345.5,185.0,76.0,174.0,74.0,619.0,275.0,172.0,14.0,79.0,73.0,124.5,337.0,66.0,89.0,1055.0,167.0,309.0,432.0,97.5,314.0,166.0,199.0,557.0,174.0,65.0,187.0,454.0,114.5,121.5,61.0,255.0,1136.0,53.5,261.0,106.0,186.0,31.0,24.0,838.0,72.0,49.0,144.0,414.0,424.0,101.0,52.0,71.0,301.0,106.0,84.0,979.0,73.0,184.0,89.0,216.0,337.0,287.0,189.0,186.5,64.0,126.0,215.0,75.0,333.0,190.0,124.0,151.0,952.0,182.0,44.0,828.0,47.0,174.0,486.0,731.0,816.0,475.5,263.0,110.0,46.0,47.0,444.0,113.0,286.0,214.0,548.0,45.0,142.0,29.0,256.0,216.0,82.0,74.0,87.0,675.0,38.0,281.0,367.0,89.0,67.5,36.0,592.0,127.0,141.0,257.0,487.0,110.0,34.0,342.0,124.0,513.0,52.0,275.0,464.0,83.0,173.0,2670.0,1150.0,127.0,187.0,91.0,337.0,68.0,199.0,172.0,54344
2022070100,131.0,452.0,59.0,399.0,396.0,243.0,107.5,121.0,105.5,979.0,604.0,291.0,267.0,640.0,288.0,96.0,58.0,670.0,58.0,98.0,88.0,1600.0,284.0,69.0,29.0,82.0,614.0,192.0,256.0,369.0,100.0,217.0,154.5,330.0,183.0,45.0,101.0,281.0,92.0,649.0,637.0,50.0,2549.0,106.0,72.0,46.0,287.0,76.0,647.0,345.5,205.0,68.0,160.0,50.0,498.0,268.0,141.0,12.0,66.0,83.0,108.0,407.0,49.0,63.0,1009.0,161.0,256.0,361.0,57.0,262.0,161.0,196.0,526.0,173.5,37.0,140.0,372.0,96.5,93.5,73.0,241.0,929.0,46.0,271.0,114.0,128.0,25.0,23.0,957.0,70.0,43.0,150.0,318.0,339.0,61.0,39.0,59.0,301.0,109.0,84.0,829.0,62.0,174.0,46.0,163.0,396.0,173.0,122.0,176.5,35.0,122.0,102.0,51.0,373.0,143.0,114.0,104.0,548.0,123.0,44.0,286.0,53.0,171.0,275.0,724.0,954.0,427.0,323.0,121.0,52.0,44.0,445.0,76.0,197.0,203.0,489.0,43.0,83.0,33.0,212.0,234.0,128.0,66.0,84.0,641.0,26.0,236.0,224.0,94.0,44.0,33.0,555.0,119.0,121.0,209.0,368.0,101.0,32.0,274.0,114.0,422.0,47.0,269.0,291.0,73.0,130.0,621.0,866.0,143.0,222.0,76.5,347.0,66.0,150.0,124.0,46412
2022080100,130.0,511.0,45.0,362.5,312.0,276.0,94.0,84.0,100.5,905.0,553.0,340.0,424.0,590.0,276.0,111.0,62.0,634.0,58.0,86.0,112.0,1682.0,237.0,56.0,39.0,58.0,649.0,177.0,294.0,412.0,102.0,231.0,132.0,277.0,263.0,40.0,111.0,408.0,120.0,1036.0,669.0,59.0,2629.0,135.0,45.0,48.0,310.0,69.0,537.0,427.0,174.0,58.0,103.0,68.0,494.0,211.0,135.0,11.0,68.0,70.0,98.5,374.0,46.0,62.0,1064.0,147.0,269.0,307.0,62.0,257.0,142.0,179.0,510.0,192.0,51.0,94.0,408.0,81.0,92.5,54.0,238.0,969.0,42.5,261.0,99.0,153.0,35.0,24.0,953.0,69.0,31.0,153.0,435.0,354.0,60.0,49.0,67.0,303.0,88.0,84.0,1045.0,58.0,179.0,41.0,118.0,605.0,241.0,168.0,200.0,36.0,95.0,94.0,60.0,343.0,159.0,104.0,102.0,716.0,103.0,48.0,473.0,50.0,128.0,513.0,921.0,1046.0,493.5,249.0,82.0,35.0,58.0,383.0,93.0,217.0,227.0,454.0,42.0,54.0,50.0,253.0,269.0,86.0,71.0,100.0,640.0,27.0,278.0,305.0,102.0,40.0,32.0,860.0,119.0,107.0,197.0,487.0,81.0,30.5,314.0,79.0,386.0,36.0,283.0,436.0,63.0,154.0,701.0,1529.0,143.0,211.0,57.0,319.0,57.0,157.0,114.0,49649
2022090100,163.0,709.0,62.0,420.0,373.0,379.0,105.0,92.0,134.5,1202.0,752.0,746.0,838.0,674.0,434.0,162.0,53.0,1143.0,39.0,90.0,78.0,2452.0,322.0,58.0,27.0,69.0,1548.0,221.0,348.0,586.0,132.0,458.0,138.5,377.0,418.0,47.0,112.0,492.0,126.0,1897.0,686.0,69.0,4340.0,179.0,37.0,47.0,346.0,49.0,619.0,368.0,197.0,86.0,154.0,83.0,698.0,308.0,177.0,11.0,121.0,72.0,83.5,374.0,51.0,59.0,2689.0,162.0,265.0,358.0,70.5,261.0,159.0,208.0,672.0,188.0,78.0,120.0,582.0,92.5,116.5,56.0,280.0,1075.0,47.0,343.0,120.0,212.0,34.0,26.0,933.0,87.0,53.0,205.0,690.0,394.0,67.0,55.0,55.0,433.0,68.0,84.0,1509.0,55.0,229.0,73.0,173.0,609.0,366.0,178.0,265.5,45.0,116.0,84.0,55.0,363.0,262.0,230.0,75.0,999.0,129.0,28.0,880.0,39.0,154.0,767.0,1294.0,1182.0,919.0,278.0,83.0,50.0,34.0,529.0,107.0,279.0,210.0,552.0,46.0,70.0,23.0,305.0,405.0,96.0,70.0,100.0,705.0,34.0,400.0,518.0,97.0,58.0,32.0,1059.0,162.0,126.0,379.0,1032.0,79.0,37.0,368.0,74.0,555.0,35.0,319.0,597.0,79.0,207.0,1296.0,3707.0,270.0,215.0,118.0,360.0,74.0,256.0,107.0,70267
2022100100,195.0,852.0,61.0,449.5,386.0,308.0,81.0,104.0,122.5,1078.0,924.0,671.0,582.0,701.0,438.0,163.0,71.0,912.0,82.0,87.0,101.0,2618.0,242.0,63.0,32.0,93.0,1397.0,271.0,325.0,659.0,144.0,307.0,155.5,456.0,355.0,35.0,145.0,402.0,97.0,2052.0,877.0,76.0,3183.0,131.0,42.0,56.0,380.0,64.0,651.0,395.0,181.0,79.0,135.0,82.0,764.0,339.0,175.0,5.0,117.0,72.0,106.5,431.0,48.0,76.0,2436.0,183.0,366.0,417.0,108.0,366.0,188.0,223.0,695.0,209.5,47.0,131.0,441.0,106.0,139.0,45.0,292.0,1164.0,51.5,403.0,111.0,159.0,26.0,26.0,1078.0,90.0,44.0,192.0,623.0,488.0,83.0,67.0,41.0,403.0,56.0,80.0,1468.0,61.0,203.0,74.0,176.0,652.0,372.0,205.0,245.5,39.0,136.0,59.0,63.0,373.0,241.0,170.0,69.0,1018.0,157.0,24.0,1117.0,45.0,118.0,802.0,1071.0,1312.0,843.5,330.0,111.0,43.0,66.0,482.0,128.0,309.0,216.0,541.0,42.0,63.0,47.0,267.0,492.0,125.0,83.0,91.0,733.0,30.0,417.0,766.0,76.0,50.5,37.0,1262.0,127.0,167.0,252.0,806.0,107.0,33.0,316.0,70.0,619.0,41.0,418.0,663.0,95.0,221.0,820.0,2508.0,453.0,230.0,116.0,374.0,62.0,405.0,113.0,68903
2022110100,253.0,581.0,405.0,383.5,299.0,267.0,96.0,100.0,120.0,925.0,745.0,522.0,557.0,848.0,649.0,230.0,48.0,722.0,49.0,83.0,89.0,2235.0,275.0,83.0,26.0,71.0,1303.0,290.0,379.0,697.0,152.0,281.0,128.5,642.0,431.0,59.0,190.0,430.0,123.0,1588.0,755.0,80.0,2775.0,205.0,38.0,62.0,462.0,87.0,581.0,365.5,191.0,100.0,168.0,77.0,688.0,279.0,151.0,10.0,198.0,87.0,105.5,402.0,93.0,53.0,2097.0,152.0,475.0,376.0,110.0,331.0,201.0,227.0,726.0,227.5,35.0,159.0,439.0,133.5,153.5,41.0,241.0,1161.0,61.5,429.0,145.0,178.0,20.0,17.0,1020.0,64.0,41.0,309.0,708.0,527.0,45.0,65.0,36.0,304.0,48.0,59.0,1315.0,89.0,228.0,55.0,166.0,524.0,385.0,187.0,232.0,37.0,120.0,65.0,62.0,426.0,324.0,202.0,54.0,928.0,248.0,27.0,1043.0,42.0,143.0,820.0,1115.0,1453.0,762.0,251.0,88.0,34.0,56.0,511.0,144.0,240.0,242.0,422.0,149.0,79.0,76.0,352.0,420.0,102.0,106.0,106.0,613.0,22.0,501.0,603.0,126.0,34.5,27.0,1041.0,149.0,148.0,224.0,878.0,88.0,36.5,302.0,74.0,834.0,45.0,375.0,646.0,95.0,272.0,1104.0,2359.0,238.0,229.0,65.0,354.0,79.0,406.0,130.0,66693
2022120100,260.0,483.0,77.0,338.0,275.0,279.0,124.0,125.0,110.0,893.0,574.0,449.0,434.0,786.0,364.0,222.0,57.0,601.0,41.0,83.0,92.0,1938.0,248.0,72.0,34.0,51.0,766.0,219.0,273.0,638.0,137.0,219.0,117.0,334.0,358.0,55.0,140.0,263.0,100.0,1054.0,645.0,81.0,2379.0,120.0,35.0,50.0,314.0,86.0,593.0,295.0,195.0,69.0,180.0,75.0,508.0,267.0,129.0,10.0,198.0,121.0,95.5,366.0,45.0,45.0,1383.0,175.0,221.0,342.0,102.0,470.0,158.0,197.0,549.0,189.0,60.0,177.0,381.0,154.0,92.5,54.0,196.0,1142.0,66.0,308.0,113.0,145.0,41.0,31.0,1217.0,72.0,40.0,168.0,416.0,496.0,65.0,65.0,56.0,270.0,49.0,59.0,1161.0,86.0,179.0,44.0,121.0,403.0,344.0,151.0,166.5,34.0,105.0,74.0,56.0,369.0,264.0,171.0,53.0,802.0,193.0,29.0,476.0,49.0,133.0,637.0,789.0,1313.0,522.0,306.0,104.0,39.0,33.0,451.0,124.0,206.0,234.0,445.0,30.0,60.0,60.0,246.0,321.0,64.0,93.0,117.0,702.0,17.0,425.0,614.0,98.0,36.0,34.0,751.0,113.0,170.0,182.0,535.0,97.0,49.5,281.0,79.0,608.0,32.0,379.0,457.0,90.0,195.0,722.0,1230.0,152.0,241.0,68.5,275.0,69.0,404.0,106.0,54020
2023010100,7.0,7.0,1.0,13.0,7.0,10.0,8.5,8.0,5.0,29.0,15.0,7.0,6.0,30.0,8.0,2.0,1.0,21.0,1.0,2.0,3.0,35.0,15.0,3.0,0.0,1.0,11.0,4.0,7.0,30.0,3.0,2.0,4.0,9.0,3.0,1.0,3.0,7.0,0.0,10.0,15.0,0.0,68.0,3.0,1.0,1.0,10.0,1.0,17.0,18.0,5.0,2.0,4.0,4.0,11.0,3.0,5.0,0.0,0.0,3.0,2.5,11.0,0.0,1.0,20.0,4.0,5.0,9.0,1.0,7.0,9.0,8.0,12.0,5.0,0.0,3.0,5.0,2.0,3.0,0.0,6.0,60.0,1.5,4.0,2.0,7.0,0.0,1.0,28.0,1.0,1.0,1.0,10.0,14.0,0.0,3.0,1.0,12.0,1.0,1.0,37.0,1.0,7.0,1.0,1.0,9.0,3.0,1.0,5.0,0.0,3.0,0.0,0.0,7.0,5.0,2.0,2.0,11.0,1.0,1.0,5.0,1.0,1.0,8.0,13.0,41.0,15.0,13.0,4.0,2.0,3.0,16.0,3.0,5.0,5.0,22.0,2.0,1.0,1.0,14.0,3.5,3.0,0.0,3.0,17.0,0.0,9.0,10.0,1.0,1.0,0.0,16.0,3.0,0.0,5.0,33.0,3.0,1.0,15.0,2.0,10.0,3.0,8.0,5.0,2.0,1.0,24.0,16.0,2.0,5.0,2.0,11.0,0.0,2.0,3.0,1295
