timestamp,Absurdism,Actual idealism,Advaita Vedanta,Aesthetic Realism,Aesthetics,African philosophy,Afrocentrism,Agential realism,Agnosticism,American philosophy,Analytic philosophy,Anarchism,Anarchy,Ancient philosophy,Animism,Anomalous monism,Anthropocentrism,Anti-psychiatry,Anti-realism,Antinomianism,Antireductionism,Asceticism,Authoritarianism,Averroism,Avicennism,Axiology,Baptism,Bayesianism,Behaviorism,Bioconservatism,Buddhist philosophy,Capitalism,Cartesianism,Categorical imperative,Charvaka,Christian existentialism,Christian humanism,Christian philosophy,Cognitivism (ethics),Communism,Confirmation holism,Confucianism,Consequentialism,Conservatism,Constructivist epistemology,Cosmicism,Cosmopolitanism,Critical rationalism,Critical theory,Cyberfeminism,Cynicism (philosophy),Czech philosophy,Danish philosophy,Deconstruction,Deism,Deontology,Depressionism,Dialectic,Dialectical materialism,Didacticism,Digital physics,Discordianism,Dualistic cosmology,Dvaita,Ecocentrism,Egalitarianism,Egocentrism,Egoism,Emotivism,Empiricism,Epicureanism,Epiphenomenalism,Epistemological nihilism,Epistemology,Essentialism,Ethics,Eudaimonism,Existentialism,Externalism,Fallibilism,Fascism,Fatalism,Feminist philosophy,Filial piety,Foundationalism,Fundamentalism,German idealism,German philosophy,Gnosticism,Greek philosophy,Hedonism,Henotheism,Hindu philosophy,Holism,Hongaku,Humanism,Identityism,Ignosticism,Illuminationism,Indian philosophy,Individualism,Indonesian philosophy,Induction (philosophy),Informal logic,Interactionism (philosophy of mind),Internalism and externalism,Intuitionism,Iranian philosophy,Irrealism (philosophy),Islamic ethics,Islamic philosophy,Jainism,Jingoism,Juche,Judeo-Islamic philosophies (800â€“1400),Just war theory,Kabbalah,Korean philosophy,Legalism (Chinese philosophy),Liberalism,Libertarianism,Libertarianism (metaphysics),Logic,Logic in China,Logical atomism,Logical positivism,Logicism,Luddite,Mahayana Buddhism,Manichaeism,Maoism,Marxism,Marxist philosophy of nature,Materialism,Maxim (philosophy),Medical ethics,Medieval philosophy,Mentalism (philosophy),Mereological nihilism,Merism,Meta-ethics,Meta-philosophy,Metaphysics,Milesian school,Mimamsa,Modern Islamic philosophy,Mohism,Moral absolutism,Moral relativism,Mysticism,Neoplatonism and Christianity,Philosophy of Arithmetic,Philosophy of Common Sense,Philosophy of archaeology,Philosophy of art,Philosophy of artificial intelligence,Philosophy of biology,Philosophy of business,Philosophy of color,Philosophy of culture,Philosophy of design,Philosophy of dialogue,Philosophy of economics,Philosophy of education,Philosophy of engineering,Philosophy of futility,Philosophy of geography,Philosophy of history,Philosophy of information,Philosophy of language,Philosophy of law,Philosophy of linguistics,Philosophy of logic,Philosophy of love,Philosophy of mathematics,Philosophy of mathematics education,Philosophy of mind,Philosophy of motion,Philosophy of music,School of Names,School of Naturalists,The Philosophy of Chance,ViewsTotal
2018010100,0.0,981.0,28.0,4387.0,0.0,1080.0,494.0,0.0,102.0,158.0,266.0,242.0,1019.0,684.0,813.0,94.0,1068.0,0.0,35.0,43.0,2413.0,191.0,261.0,144.0,4636.0,498.0,95.0,119.0,948.0,0.0,194.0,937.0,229.0,189.0,730.0,41.0,0.0,1761.0,296.0,884.0,367.0,1196.0,0.0,1510.0,1296.0,2938.0,201.0,32.0,242.0,0.0,0.0,1408.0,3538.0,387.0,84.0,0.0,212.0,882.0,319.0,0.0,250.0,169.0,49.0,39.0,93.0,123.0,61.0,141.0,1277.0,0.0,1678.0,181.0,324.0,790.0,0.0,21.0,87.0,598.0,194.0,1586.0,331.0,0.0,579.0,523.0,1598.0,193.0,261.0,78.0,79.0,692.0,2418.0,646.0,357.0,15.0,2481.0,166.0,1059.0,2426.0,36.0,71.0,471.0,0.0,42.0,1008.0,167.0,307.0,135.0,697.0,657.0,59.0,154.0,701.0,0.0,168.0,0.0,245.0,754.0,573.0,146.0,192.0,5049.0,170.0,51.0,61.0,444.5,171.0,751.0,977.0,1450.0,522.0,129.0,1672.0,63.0,362.0,7.0,53.0,99.0,708.0,214.0,353.0,252.0,171.0,999.0,81.0,0.0,729.0,175.0,75.0,63.0,1151.0,521.0,351.0,1239.0,86.0,0.0,2057.0,612.0,13.0,171.0,537.0,675.0,101.0,165.0,0.0,89.0,634.0,100.0,289.0,485.0,165.0,135.0,0.0,63.0,499.0,2216.0,534.0,0.0,72.0,986.0,118.0,221.0,326.0,99725
2018020100,0.0,980.0,24.0,2577.0,0.0,968.0,557.0,0.0,87.0,210.0,289.0,211.0,837.0,536.0,664.0,69.0,973.0,0.0,33.0,28.0,1554.0,132.0,202.0,158.0,4679.0,455.0,89.0,123.0,1066.0,0.0,192.0,935.0,226.0,195.0,506.0,45.0,0.0,1108.0,307.0,956.0,285.0,994.0,0.0,1383.0,1114.0,3418.0,173.0,42.0,276.0,0.0,0.0,1138.0,3084.0,307.0,81.0,0.0,147.0,775.0,440.0,0.0,288.0,167.0,45.0,42.0,83.0,101.0,89.0,214.0,1427.0,0.0,1944.0,164.0,407.0,827.0,0.0,31.0,132.0,494.0,195.0,1574.0,394.0,0.0,452.0,348.0,1298.0,288.0,324.0,43.0,63.0,543.0,2680.0,647.0,232.0,24.0,2448.0,122.0,1008.0,1419.0,44.0,86.0,423.0,0.0,61.0,910.0,157.0,318.0,156.0,701.0,614.0,82.0,168.0,667.0,0.0,90.0,0.0,263.0,796.0,661.0,113.0,232.0,3708.0,187.0,51.0,46.0,399.5,140.0,552.0,977.0,1296.0,500.0,72.0,1821.0,84.0,386.0,14.0,57.0,105.0,780.0,171.0,226.0,260.0,149.0,775.0,85.0,0.0,652.0,134.0,84.0,78.0,1061.0,502.0,387.0,1401.0,106.0,0.0,2153.0,806.0,14.0,243.0,625.0,681.0,101.0,101.0,0.0,92.0,620.0,79.0,206.0,379.0,148.0,108.0,0.0,49.0,463.0,1649.0,424.0,0.0,87.0,873.0,120.0,196.0,298.0,90888
2018030100,0.0,866.0,36.0,2493.0,0.0,1162.0,594.0,0.0,107.0,199.0,286.0,268.0,1232.0,529.0,652.0,82.0,975.0,1.0,42.0,23.0,1871.0,140.0,259.0,177.0,5077.0,430.0,112.0,130.0,1346.0,0.0,198.0,906.0,284.0,234.0,684.0,33.0,0.0,1384.0,382.0,1156.0,433.0,1101.0,0.0,1671.0,1223.0,3706.0,229.0,59.0,280.0,0.0,0.0,1361.0,3355.0,312.0,112.0,0.0,83.5,854.0,375.0,0.0,313.0,157.0,55.0,59.0,130.0,111.0,70.0,179.0,1224.0,0.0,2167.0,197.0,338.0,766.0,0.0,20.0,84.0,576.0,217.0,1721.0,438.0,0.0,486.0,370.0,1452.0,260.0,306.0,67.0,79.0,589.0,2729.0,697.0,263.0,26.0,2630.0,147.0,1107.0,1359.0,40.0,72.0,573.0,0.0,69.0,1056.0,173.0,302.0,222.0,1113.0,621.0,99.0,167.0,679.0,0.0,117.0,0.0,284.0,873.0,945.0,157.0,187.0,5543.0,164.0,60.0,63.0,413.0,124.0,591.0,1003.0,1326.0,530.0,76.0,2354.0,77.0,411.0,12.0,41.0,94.0,708.0,225.0,284.0,241.0,198.0,780.0,116.0,0.0,862.0,150.0,111.0,99.0,1039.0,648.0,465.0,1276.0,101.0,0.0,2339.0,748.0,18.0,216.0,548.0,690.0,126.0,125.0,0.0,103.0,597.0,103.0,241.0,486.0,220.0,131.0,0.0,51.0,912.0,1675.0,367.0,0.0,89.0,993.0,114.0,248.0,325.0,100789
2018040100,0.0,950.0,22.0,2339.0,0.0,858.0,504.0,0.0,84.0,211.0,263.0,228.0,964.0,587.0,475.0,64.0,869.0,0.0,38.0,37.0,1853.0,167.0,196.0,150.0,3784.0,397.0,67.0,108.0,1303.0,0.0,204.0,865.0,232.0,198.0,524.0,33.0,0.0,1146.0,313.0,957.0,363.0,963.0,0.0,1470.0,1217.0,2387.0,209.0,53.0,240.0,0.0,0.0,1278.0,3091.0,261.0,84.0,0.0,183.0,1078.0,414.0,0.0,265.0,119.0,42.0,88.0,104.0,92.0,63.0,168.0,1005.0,0.0,1819.0,149.0,331.0,773.0,0.0,33.0,70.0,676.0,242.0,1635.0,344.0,0.0,485.0,284.0,1235.0,230.0,274.0,68.0,52.0,566.0,1726.0,606.0,215.0,20.0,2148.0,120.0,893.0,1534.0,59.0,90.0,409.0,0.0,70.0,938.0,163.0,310.0,173.0,652.0,650.0,66.0,140.0,691.0,0.0,99.0,0.0,266.0,933.0,636.0,137.0,202.0,3460.0,182.0,52.0,59.0,363.5,117.0,572.0,704.0,1035.0,588.0,71.0,1644.0,65.0,317.0,13.0,59.0,84.0,705.0,246.0,257.0,235.0,184.0,710.0,96.0,0.0,777.0,111.0,115.0,76.0,1078.0,530.0,460.0,955.0,96.0,0.0,1782.0,619.0,24.0,174.0,505.0,555.0,89.0,90.0,0.0,109.0,538.0,102.0,248.0,503.0,138.0,116.0,0.0,52.0,456.0,1419.0,322.0,0.0,74.0,918.0,134.0,300.0,349.0,85435
2018050100,0.0,2962.0,31.0,4646.0,0.0,1077.0,547.0,0.0,61.0,263.0,548.0,1152.0,1343.0,662.0,550.0,90.0,1023.0,1673.0,30.0,38.0,3822.0,157.0,185.0,373.0,6417.0,598.0,115.0,163.0,1370.0,0.0,788.0,974.0,651.0,216.0,576.0,44.0,0.0,1292.0,461.0,1562.0,584.0,1167.0,0.0,2031.0,2097.0,5843.0,234.0,83.0,871.0,0.0,0.0,1035.0,5103.0,379.0,94.0,0.0,202.0,1784.0,877.0,0.0,640.0,143.0,50.0,89.0,121.0,110.0,67.0,204.0,1243.0,0.0,3534.0,175.0,2231.0,945.0,0.0,27.0,107.0,376.0,223.0,2068.0,955.0,0.0,484.0,340.0,1453.0,234.0,414.0,53.0,67.0,646.0,2168.0,639.0,762.0,14.0,3307.0,142.0,1621.0,1362.0,41.0,87.0,432.0,448.0,77.0,979.0,681.0,366.0,189.0,1026.0,942.0,137.0,640.0,1528.0,0.0,86.0,0.0,788.0,1565.0,1275.0,150.0,178.0,4386.0,2013.0,70.0,54.0,667.0,165.0,1066.0,780.0,1670.0,1083.0,83.0,2242.0,65.0,761.0,16.0,37.0,75.0,793.0,943.0,232.0,231.0,191.0,1504.0,777.0,0.0,2792.0,123.0,112.0,97.0,3311.0,1211.0,603.0,1132.0,106.0,0.0,3843.0,707.0,16.0,261.0,1060.0,931.0,110.0,128.0,0.0,90.0,1071.0,109.0,301.0,1298.0,226.0,552.0,0.0,84.0,592.0,1707.0,1018.0,0.0,78.0,976.0,122.0,282.0,413.0,143506
2018060100,0.0,997.0,35.0,2037.0,0.0,967.0,555.0,0.0,80.0,200.0,331.0,272.0,1002.0,432.0,567.0,46.0,835.0,112.0,27.0,16.0,1303.0,151.0,154.0,181.0,3340.0,348.0,127.0,147.0,1144.0,0.0,199.0,981.0,223.0,195.0,470.0,38.0,0.0,1242.0,465.0,780.0,325.0,1104.0,0.0,1816.0,1088.0,2242.0,208.0,63.0,234.0,0.0,0.0,973.0,4252.0,319.0,97.0,0.0,180.0,1074.0,345.0,0.0,264.0,156.0,54.0,54.0,99.0,99.0,92.0,157.0,994.0,0.0,1892.0,133.0,332.0,1007.0,0.0,17.0,103.0,365.0,281.0,1608.0,367.0,0.0,401.0,202.0,1457.0,178.0,224.0,50.0,51.0,597.0,1642.0,667.0,251.0,26.0,2476.0,126.0,1275.0,1232.0,52.0,108.0,384.0,182.0,88.0,1021.0,194.0,362.0,152.0,1414.0,785.0,79.0,175.0,738.0,0.0,100.0,0.0,260.0,1027.0,573.0,185.0,163.0,3961.0,261.0,62.0,59.0,376.5,162.0,566.0,816.0,1096.0,493.0,72.0,1688.0,78.0,368.0,12.0,51.0,94.0,576.0,325.0,219.0,216.0,168.0,773.0,99.0,0.0,805.0,140.0,86.0,73.0,971.0,727.0,423.0,1056.0,110.0,0.0,1876.0,691.0,14.0,204.0,629.0,782.0,94.0,100.0,0.0,129.0,735.0,112.0,295.0,634.0,158.0,131.0,0.0,58.0,873.0,1532.0,540.0,0.0,68.0,951.0,130.0,262.0,402.0,90049
2018070100,0.0,687.0,29.0,2569.0,0.0,849.0,452.0,0.0,85.0,150.0,260.0,252.0,924.0,446.0,369.0,65.0,920.0,137.0,35.0,35.0,1553.0,167.0,139.0,144.0,3163.0,303.0,128.0,110.0,777.0,0.0,194.0,770.0,236.0,168.0,545.0,40.0,0.0,1095.0,294.0,572.0,232.0,884.0,0.0,1118.0,780.0,2312.0,212.0,26.0,347.0,0.0,0.0,931.0,4663.0,287.0,92.0,0.0,128.0,435.0,226.0,0.0,377.0,167.0,54.0,50.0,91.0,101.0,81.0,106.0,1121.0,0.0,1222.0,124.0,418.0,680.0,0.0,35.0,116.0,317.0,222.0,1340.0,277.0,0.0,238.0,152.0,1223.0,146.0,227.0,40.0,62.0,488.0,1612.0,569.0,175.0,19.0,2750.0,106.0,944.0,1248.0,42.0,83.0,379.0,167.0,68.0,1046.0,141.0,294.0,128.0,975.0,334.0,69.0,136.0,575.0,53.0,98.0,0.0,186.0,925.0,383.0,122.0,155.0,899.0,124.0,78.0,120.0,340.0,144.0,665.0,878.0,1020.0,532.0,72.0,1354.0,84.0,296.0,8.0,48.0,82.0,559.0,202.0,207.0,199.0,193.0,706.0,117.0,0.0,627.0,145.0,74.0,93.0,946.0,414.0,246.0,1066.0,87.0,0.0,1499.0,637.0,22.0,143.0,552.0,662.0,100.0,96.0,0.0,89.0,409.0,124.0,285.0,372.0,104.0,133.0,0.0,65.0,619.0,1108.0,253.0,0.0,68.0,1118.0,95.0,162.0,233.0,76505
2018080100,0.0,1020.0,31.0,2474.0,0.0,884.0,380.0,58.0,87.0,163.0,296.0,237.0,988.0,574.0,364.0,61.0,1024.0,141.0,32.0,19.0,1544.0,136.0,152.0,152.0,3354.0,383.0,122.0,110.0,1021.0,0.0,165.0,862.0,213.0,174.0,481.0,36.0,0.0,1328.0,308.0,573.0,328.0,969.0,0.0,1128.0,812.0,1849.0,190.0,36.0,283.0,0.0,0.0,930.0,4880.0,290.0,81.0,0.0,132.0,454.0,360.0,0.0,281.0,134.0,51.0,64.0,94.0,90.0,79.0,132.0,1059.0,0.0,1404.0,156.0,401.0,841.0,0.0,42.0,106.0,399.0,200.0,1188.0,413.0,0.0,293.0,186.0,1236.0,195.0,205.0,68.0,48.0,523.0,1481.0,622.0,217.0,19.0,2515.0,87.0,990.0,1322.0,43.0,90.0,383.0,140.0,62.0,1063.0,185.0,234.0,146.0,810.0,378.0,68.0,129.0,561.0,107.0,106.0,0.0,191.0,968.0,373.0,116.0,178.0,1137.0,120.0,56.0,69.0,388.0,142.0,595.0,806.0,1033.0,831.0,85.0,1475.0,68.0,329.0,7.0,41.0,91.0,583.0,252.0,254.0,252.0,207.0,765.0,121.0,0.0,632.0,129.0,91.0,75.0,1090.0,473.0,261.0,1075.0,94.0,0.0,1764.0,632.0,11.0,140.0,579.0,645.0,109.0,126.0,0.0,72.0,449.0,112.0,324.0,380.0,107.0,98.0,0.0,56.0,577.0,1152.0,277.0,0.0,68.0,1189.0,97.0,163.0,275.0,79558
2018090100,0.0,1581.0,30.0,2467.0,0.0,1166.0,485.0,34.0,85.0,178.0,273.0,449.0,1218.0,629.0,646.0,67.0,848.0,109.0,51.0,34.0,1643.0,140.0,153.0,166.0,3585.0,443.0,128.0,112.0,1882.0,0.0,167.0,966.0,197.0,195.0,519.0,47.0,0.0,1391.0,383.0,1149.0,304.0,1435.0,0.0,2353.0,1030.0,1777.0,189.0,46.0,244.0,0.0,0.0,938.0,3381.0,474.0,96.0,0.0,181.0,1452.0,417.0,0.0,300.0,141.0,43.0,40.0,115.0,127.0,68.0,143.0,1613.0,0.0,2989.0,163.0,353.0,2061.0,0.0,56.0,147.0,373.0,169.0,1959.0,446.0,0.0,712.0,317.0,1806.0,238.0,253.0,72.0,72.0,557.0,1789.0,585.0,232.0,28.0,2786.0,245.0,1519.0,1283.0,51.0,91.0,408.0,128.0,65.0,893.0,165.0,362.0,157.0,884.0,1116.0,76.0,165.0,554.0,146.0,91.0,0.0,258.0,1027.0,872.0,151.0,324.0,4590.0,294.0,84.0,65.0,518.5,192.0,606.0,781.0,1029.0,629.0,74.0,2290.0,65.0,305.0,12.0,49.0,104.0,690.0,281.0,271.0,246.0,245.0,944.0,122.0,0.0,824.0,149.0,91.0,98.0,1318.0,746.0,316.0,1248.0,88.0,0.0,3096.0,640.0,30.0,217.0,577.0,861.0,116.0,119.0,0.0,97.0,1098.0,120.0,363.0,578.0,250.0,174.0,0.0,106.0,1151.0,1457.0,520.0,0.0,97.0,972.0,121.0,301.0,311.0,102972
2018100100,0.0,1579.0,22.0,3263.0,0.0,1030.0,673.0,55.0,98.0,146.0,298.0,502.0,1116.0,492.0,920.0,67.0,797.0,127.0,45.0,26.0,1655.0,168.0,252.0,164.0,4016.0,480.0,210.0,122.0,1359.0,0.0,186.0,1292.0,238.0,194.0,592.0,27.0,0.0,1327.0,328.0,1179.0,288.0,1941.0,0.0,2498.0,1286.0,2346.0,221.0,36.0,271.0,0.0,0.0,1003.0,3596.0,556.0,91.0,0.0,212.0,1461.0,532.0,0.0,338.0,159.0,59.0,52.0,125.0,135.0,46.0,161.0,1020.0,0.0,3192.0,174.0,360.0,1880.0,0.0,64.0,106.0,435.0,184.0,2326.0,609.0,0.0,811.0,353.0,2102.0,238.0,351.0,86.0,76.0,585.0,2122.0,536.0,188.0,17.0,3083.0,330.0,1739.0,1843.0,53.0,78.0,579.0,167.0,64.0,920.0,157.0,440.0,186.0,1116.0,1248.0,69.0,151.0,722.0,104.0,97.0,0.0,521.0,690.0,1111.0,163.0,396.0,6127.0,222.0,85.0,82.0,422.0,181.0,800.0,824.0,1174.0,873.0,84.0,2008.0,78.0,385.0,9.0,42.0,93.0,660.0,232.0,274.0,274.0,217.0,942.0,99.0,0.0,923.0,109.0,92.0,90.0,1508.0,737.0,333.0,1289.0,90.0,0.0,2841.0,640.0,17.0,149.0,565.0,820.0,83.0,151.0,0.0,118.0,803.0,92.0,326.0,547.0,299.0,145.0,0.0,133.0,650.0,2159.0,567.0,0.0,92.0,824.0,125.0,306.0,419.0,110951
2018110100,0.0,1223.0,29.0,2612.0,0.0,1186.0,609.0,54.0,90.0,170.0,325.0,341.0,1285.0,551.0,789.0,76.0,770.0,119.0,38.0,64.0,1675.0,209.0,254.0,157.0,4133.0,484.0,153.0,148.0,1091.0,0.0,191.0,1280.0,245.0,186.0,611.0,54.0,0.0,1051.0,474.0,860.0,382.0,1479.0,0.0,2138.0,1414.0,3127.0,217.0,41.0,249.0,0.0,0.0,933.0,3310.0,415.0,93.0,0.0,246.0,827.0,362.0,0.0,341.0,160.0,67.0,59.0,120.0,154.0,76.0,158.0,1265.0,0.0,2179.0,161.0,438.0,1426.0,0.0,68.0,123.0,513.0,213.0,1853.0,444.0,0.0,710.0,333.0,1773.0,244.0,285.0,95.0,97.0,619.0,2132.0,528.0,209.0,19.0,2811.0,228.0,1317.0,2329.0,51.0,106.0,455.0,132.0,73.0,1052.0,183.0,392.0,148.0,1187.0,826.0,76.0,192.0,763.0,105.0,113.0,0.0,333.0,960.0,656.0,197.0,275.0,6308.0,166.0,55.0,64.0,442.5,178.0,835.0,776.0,1288.0,671.0,91.0,1833.0,84.0,346.0,11.0,45.0,90.0,721.0,263.0,286.0,211.0,204.0,994.0,86.0,0.0,982.0,110.0,100.0,91.0,4424.0,662.0,377.0,1273.0,124.0,0.0,2785.0,756.0,15.0,211.0,574.0,1204.0,111.0,158.0,0.0,117.0,654.0,96.0,305.0,489.0,215.0,154.0,0.0,102.0,582.0,2835.0,510.0,0.0,103.0,841.0,187.0,322.0,380.0,108982
2018120100,0.0,1113.0,24.0,3161.0,0.0,1237.0,517.0,86.0,111.0,177.0,346.0,292.0,1308.0,537.0,810.0,54.0,921.0,137.0,42.0,33.0,1854.0,226.0,372.0,133.0,4549.0,488.0,219.0,144.0,1081.0,0.0,173.0,1304.0,278.0,205.0,655.0,33.0,0.0,1101.0,446.0,798.0,491.0,1297.0,0.0,2095.0,1483.0,2709.0,233.0,42.0,461.0,0.0,0.0,960.0,3881.0,344.0,109.0,89.0,164.0,903.0,402.0,0.0,339.0,149.0,53.0,63.0,125.0,126.0,67.0,228.0,1172.0,0.0,2104.0,177.0,407.0,1260.0,0.0,45.0,146.0,466.0,249.0,1790.0,468.0,0.0,753.0,479.0,1635.0,272.0,293.0,100.0,76.0,610.0,2304.0,758.0,271.0,24.0,3428.0,172.0,1557.0,1610.0,61.0,100.0,507.0,166.0,51.0,978.0,169.0,450.0,155.0,1332.0,602.0,66.0,191.0,883.0,126.0,91.0,0.0,263.0,831.0,606.0,218.0,273.0,6308.0,178.0,67.0,65.0,460.0,185.0,771.0,868.0,1543.0,755.0,78.0,1807.0,106.0,386.0,12.0,62.0,105.0,799.0,280.0,337.0,223.0,196.0,945.0,91.0,0.0,901.0,146.0,94.0,87.0,2456.0,584.0,373.0,1452.0,107.0,0.0,2283.0,683.0,17.0,213.0,558.0,865.0,133.0,177.0,0.0,108.0,572.0,88.0,314.0,485.0,219.0,161.0,0.0,101.0,742.0,2742.0,473.0,0.0,69.0,959.0,107.0,303.0,443.0,108625
2019010100,0.0,1390.0,25.0,4838.0,0.0,1136.0,647.0,56.0,161.0,198.0,437.0,352.0,1177.0,980.0,789.0,72.0,1162.0,166.0,44.0,27.0,2382.0,186.0,270.0,187.0,5410.0,457.0,183.0,154.0,1165.0,0.0,213.0,1221.0,273.0,211.0,773.0,34.0,0.0,1527.0,428.0,1019.0,529.0,1581.0,0.0,2358.0,1292.0,3597.0,208.0,61.0,301.0,0.0,0.0,1316.0,4754.0,454.0,111.0,81.0,187.0,884.0,386.0,0.0,399.0,185.0,79.0,59.0,108.0,161.0,82.0,230.0,1325.0,0.0,2285.0,193.0,405.0,1070.0,0.0,39.0,122.0,692.0,228.0,2329.0,465.0,0.0,980.0,576.0,1941.0,271.0,272.0,133.0,91.0,709.0,2851.0,794.0,326.0,19.0,3408.0,145.0,1414.0,2545.0,49.0,102.0,566.0,172.0,57.0,1094.0,188.0,410.0,220.0,1954.0,587.0,89.0,224.0,760.0,144.0,115.0,0.0,333.0,989.0,706.0,216.0,295.0,5253.0,170.0,59.0,89.0,533.5,183.0,947.0,1049.0,1603.0,692.0,92.0,2046.0,117.0,369.0,14.0,50.0,115.0,868.0,263.0,376.0,324.0,268.0,1113.0,101.0,0.0,737.0,150.0,80.0,113.0,2765.0,591.0,393.0,1447.0,186.0,0.0,2390.0,747.0,26.0,196.0,642.0,943.0,127.0,163.0,0.0,115.0,661.0,100.0,333.0,541.0,241.0,186.0,0.0,88.0,741.0,2596.0,542.0,0.0,117.0,1028.0,158.0,319.0,476.0,121217
2019020100,0.0,1057.0,33.0,2654.0,0.0,1017.0,517.0,153.0,142.0,160.0,354.0,275.0,1036.0,518.0,536.0,65.0,814.0,153.0,30.0,44.0,1585.0,246.0,188.0,205.0,4280.0,443.0,196.0,155.0,1057.0,0.0,170.0,1013.0,217.0,212.0,642.0,33.0,0.0,1105.0,418.0,833.0,381.0,1343.0,0.0,1778.0,1067.0,3945.0,185.0,34.0,299.0,0.0,0.0,977.0,5606.0,447.0,99.0,93.0,225.0,735.0,358.0,0.0,277.0,168.0,75.0,59.0,89.0,146.0,71.0,141.0,1275.0,0.0,1937.0,159.0,359.0,871.0,0.0,39.0,121.0,479.0,183.0,1583.0,400.0,0.0,630.0,324.0,1624.0,292.0,287.0,64.0,82.0,579.0,2617.0,656.0,263.0,28.0,3061.0,140.0,1291.0,1472.0,54.0,81.0,468.0,138.0,61.0,900.0,136.0,417.0,168.0,1195.0,601.0,65.0,273.0,658.0,132.0,93.0,1.0,220.0,825.0,562.0,138.0,179.0,2739.0,154.0,47.0,81.0,427.0,174.0,730.0,818.0,1509.0,773.0,92.0,1859.0,110.0,364.0,15.0,59.0,121.0,683.0,251.0,256.0,270.0,194.0,913.0,97.0,0.0,772.0,151.0,100.0,97.0,2618.0,530.0,317.0,1604.0,115.0,0.0,1914.0,635.0,27.0,197.0,584.0,629.0,115.0,130.0,0.0,113.0,510.0,83.0,311.0,431.0,204.0,146.0,0.0,62.0,638.0,1649.0,381.0,0.0,67.0,840.0,122.0,266.0,349.0,99205
2019030100,0.0,1080.0,30.0,2515.0,0.0,1060.0,690.0,70.0,107.0,185.0,361.0,268.0,1213.0,561.0,638.0,74.0,871.0,111.0,48.0,28.0,2252.0,205.0,228.0,191.0,5149.0,471.0,170.0,153.0,1286.0,0.0,189.0,1001.0,204.0,195.0,654.0,29.0,0.0,1601.0,400.0,1165.0,362.0,1157.0,0.0,2155.0,1079.0,5487.0,188.0,46.0,248.0,0.0,0.0,1023.0,4182.0,482.0,101.0,95.0,138.0,821.0,403.0,0.0,301.0,180.0,46.0,66.0,142.0,120.0,91.0,178.0,1138.0,0.0,2490.0,180.0,433.0,938.0,0.0,33.0,167.0,459.0,216.0,1707.0,429.0,0.0,656.0,597.0,1528.0,226.0,302.0,90.0,72.0,554.0,3438.0,640.0,201.0,15.0,3619.0,151.0,1265.0,1588.0,50.0,93.0,492.0,126.0,77.0,1022.0,174.0,372.0,202.0,1445.0,684.0,88.0,252.0,781.0,135.0,85.0,0.0,250.0,764.0,785.0,159.0,215.0,4878.0,192.0,63.0,70.0,516.5,159.0,820.0,1075.0,1427.0,590.0,80.0,2155.0,71.0,393.0,10.0,60.0,80.0,715.0,236.0,323.0,356.0,257.0,805.0,77.0,0.0,904.0,124.0,92.0,87.0,2112.0,548.0,436.0,1500.0,94.0,0.0,2237.0,777.0,21.0,142.0,701.0,793.0,100.0,154.0,0.0,87.0,547.0,108.0,314.0,512.0,225.0,143.0,120.0,91.0,1027.0,1818.0,373.0,0.0,100.0,1018.0,117.0,322.0,355.0,109951
2019040100,0.0,942.0,25.0,2099.0,0.0,914.0,681.0,78.0,92.0,176.0,344.0,274.0,1175.0,554.0,472.0,71.0,955.0,109.0,26.0,32.0,1493.0,186.0,174.0,138.0,5031.0,397.0,161.0,129.0,1380.0,0.0,160.0,953.0,221.0,136.0,663.0,48.0,0.0,1422.0,539.0,1075.0,311.0,1109.0,0.0,1920.0,1334.0,10089.0,282.0,72.0,234.0,0.0,0.0,944.0,3359.0,355.0,103.0,58.0,137.0,963.0,371.0,0.0,266.0,124.0,35.0,68.0,220.0,87.0,65.0,147.0,1079.0,0.0,2371.0,167.0,385.0,1007.0,0.0,32.0,176.0,463.0,207.0,2092.0,388.0,0.0,594.0,234.0,1556.0,244.0,304.0,114.0,56.0,478.0,3157.0,465.0,192.0,27.0,2779.0,170.0,1143.0,1677.0,39.0,88.0,521.0,131.0,74.0,958.0,139.0,449.0,144.0,1566.0,728.0,70.0,245.0,962.0,136.0,67.0,0.0,195.0,751.0,755.0,120.0,201.0,3867.0,232.0,54.0,82.0,448.5,138.0,1047.0,786.0,1299.0,719.0,66.0,1970.0,52.0,277.0,10.0,44.0,73.0,647.0,207.0,286.0,212.0,190.0,832.0,87.0,0.0,784.0,141.0,83.0,92.0,1467.0,530.0,495.0,1290.0,87.0,0.0,1959.0,751.0,16.0,201.0,820.0,687.0,121.0,97.0,0.0,78.0,570.0,103.0,318.0,481.0,201.0,120.0,47.0,58.0,604.0,1859.0,405.0,0.0,68.0,827.0,137.0,314.0,357.0,106116
2019050100,310.0,987.0,24.0,1864.0,0.0,907.0,664.0,56.0,102.0,171.0,330.0,232.0,1164.0,541.0,571.0,82.0,922.0,114.0,31.0,25.0,1513.0,150.0,163.0,151.0,4703.0,459.0,158.0,126.0,1171.0,0.0,205.0,884.0,211.0,161.0,592.0,26.0,0.0,1558.0,427.0,894.0,319.0,1165.0,542.0,1941.0,1588.0,4636.0,194.0,55.0,217.0,0.0,0.0,969.0,3316.0,419.0,92.0,110.0,121.0,1195.0,361.0,0.0,259.0,123.0,39.0,53.0,102.0,91.0,72.0,148.0,1335.0,0.0,2000.0,184.0,328.0,928.0,0.0,25.0,173.0,478.0,221.0,1793.0,369.0,0.0,507.0,204.0,1583.0,186.0,247.0,85.0,46.0,544.0,2523.0,433.0,180.0,24.0,2926.0,128.0,1273.0,1399.0,41.0,77.0,406.0,123.0,74.0,905.0,138.0,416.0,168.0,1856.0,710.0,101.0,252.0,843.0,123.0,64.0,0.0,204.0,721.0,761.0,142.0,175.0,4214.0,587.0,53.0,86.0,410.0,119.0,1056.0,1014.0,1511.0,629.0,62.0,2020.0,47.0,364.0,10.0,47.0,92.0,670.0,204.0,257.0,267.0,240.0,737.0,73.0,0.0,838.0,110.0,97.0,90.0,1516.0,544.0,556.0,1233.0,84.0,0.0,2068.0,745.0,15.0,151.0,676.0,645.0,95.0,104.0,0.0,82.0,574.0,115.0,332.0,568.0,194.0,110.0,26.0,63.0,569.0,1883.0,430.0,0.0,73.0,972.0,123.0,406.0,359.0,100823
2019060100,336.0,960.0,23.0,1683.0,0.0,738.0,656.0,67.0,120.0,187.0,398.0,350.0,965.0,425.0,528.0,81.0,828.0,119.0,36.0,31.0,1425.0,154.0,122.0,154.0,3800.0,394.0,162.0,91.0,1016.0,0.0,181.0,898.0,197.0,164.0,489.0,30.0,0.0,1233.0,427.0,688.0,297.0,1200.0,252.0,2076.0,895.0,2536.0,155.0,32.0,191.0,0.0,0.0,742.0,3509.0,382.0,88.0,79.0,103.0,1073.0,263.0,58.0,245.0,79.0,43.0,35.0,70.0,74.0,68.0,162.0,942.0,0.0,1634.0,202.0,324.0,1035.0,74.0,23.0,108.0,529.0,239.0,1476.0,348.0,0.0,561.0,250.0,1316.0,166.0,217.0,89.0,53.0,496.0,1823.0,425.0,179.0,20.0,2272.0,99.0,1256.0,1114.0,43.0,112.0,336.0,141.0,66.0,719.0,149.0,458.0,189.0,1207.0,723.0,47.0,142.0,658.0,111.0,35.0,0.0,193.0,779.0,460.0,150.0,130.0,3697.0,734.0,106.0,107.0,385.5,126.0,998.0,759.0,1291.0,613.0,43.0,1645.0,55.0,321.0,6.0,42.0,75.0,592.0,241.0,224.0,260.0,190.0,732.0,72.0,0.0,755.0,98.0,63.0,92.0,2568.0,502.0,331.0,1178.0,139.0,0.0,1801.0,667.0,25.0,204.0,624.0,683.0,95.0,100.0,0.0,74.0,620.0,145.0,497.0,604.0,146.0,143.0,57.0,49.0,585.0,1506.0,513.0,0.0,60.0,839.0,71.0,302.0,300.0,89117
2019070100,131.0,764.0,20.0,1703.0,0.0,601.0,426.0,48.0,70.0,142.0,235.0,260.0,888.0,498.0,340.0,51.0,932.0,155.0,36.0,32.0,1308.0,138.0,112.0,141.0,2660.0,315.0,161.0,100.0,769.0,0.0,155.0,831.0,199.0,112.0,499.0,31.0,0.0,992.0,310.0,463.0,246.0,1274.0,98.0,1125.0,825.0,1883.0,140.0,34.0,203.0,0.0,0.0,835.0,4988.0,327.0,69.0,73.0,122.0,389.0,266.0,35.0,223.0,175.0,56.0,33.0,65.0,102.0,58.0,137.0,1067.0,0.0,1387.0,133.0,373.0,743.0,84.0,33.0,92.0,420.0,178.0,1093.0,266.0,0.0,357.0,208.0,1327.0,229.0,191.0,73.0,54.0,423.0,1592.0,385.0,218.0,19.0,2737.0,99.0,1206.0,1107.0,54.0,90.0,306.0,132.0,168.0,758.0,181.0,252.0,131.0,1451.0,320.0,47.0,154.0,579.0,119.0,63.0,0.0,179.0,670.0,319.0,90.0,107.0,1063.0,180.0,57.0,65.0,305.5,128.0,827.0,735.0,1160.0,593.0,58.0,1163.0,70.0,285.0,10.0,42.0,77.0,540.0,180.0,220.0,272.0,214.0,661.0,92.0,0.0,490.0,118.0,71.0,67.0,1659.0,414.0,267.0,1164.0,112.0,0.0,1257.0,464.0,19.0,149.0,407.0,587.0,101.0,123.0,0.0,78.0,360.0,114.0,670.0,340.0,90.0,142.0,33.0,50.0,664.0,1135.0,271.0,0.0,73.0,861.0,89.0,223.0,231.0,74869
2019080100,152.0,855.0,26.0,1820.0,0.0,702.0,445.0,116.0,94.0,190.0,264.0,250.0,872.0,533.0,345.0,58.0,996.0,114.0,37.0,32.0,1209.0,191.0,118.0,156.0,2749.0,308.0,134.0,128.0,709.0,0.0,169.0,753.0,277.0,118.0,524.0,151.0,0.0,1058.0,337.0,666.0,287.0,1048.0,57.0,1142.0,818.0,1951.0,152.0,45.0,250.0,0.0,0.0,866.0,3233.0,403.0,90.0,93.0,141.0,421.0,287.0,25.0,231.0,165.0,61.0,60.0,99.0,146.0,74.0,132.0,1506.0,0.0,1297.0,146.0,337.0,862.0,99.0,30.0,99.0,481.0,186.0,1247.0,329.0,0.0,398.0,171.0,1265.0,216.0,226.0,61.0,73.0,506.0,1595.0,323.0,253.0,27.0,2434.0,92.0,1168.0,1254.0,39.0,108.0,363.0,151.0,82.0,948.0,162.0,260.0,128.0,747.0,360.0,70.0,181.0,539.0,125.0,89.0,0.0,207.0,766.0,336.0,115.0,157.0,1214.0,179.0,79.0,69.0,312.0,140.0,616.0,827.0,1253.0,568.0,98.0,1178.0,71.0,243.0,13.0,62.0,109.0,594.0,200.0,178.0,268.0,210.0,649.0,98.0,0.0,512.0,146.0,73.0,90.0,1439.0,378.0,248.0,1197.0,110.0,0.0,1150.0,530.0,19.0,157.0,499.0,553.0,114.0,127.0,0.0,117.0,468.0,123.0,753.0,336.0,131.0,170.0,17.0,50.0,564.0,1240.0,359.0,0.0,82.0,949.0,101.0,198.0,248.0,75335
2019090100,202.0,1593.0,23.0,3485.0,0.0,854.0,554.0,54.0,68.0,189.0,255.0,503.0,1094.0,626.0,615.0,45.0,803.0,117.0,28.0,23.0,1469.0,172.0,156.0,148.0,3334.0,374.0,158.0,128.0,2108.0,0.0,195.0,881.0,221.0,125.0,565.0,43.0,0.0,1117.0,346.0,944.0,240.0,1517.0,90.0,2424.0,997.0,2619.0,172.0,31.0,231.0,0.0,0.0,864.0,2341.0,510.0,80.0,81.0,209.0,1273.0,419.0,29.0,327.0,133.0,47.0,55.0,136.0,115.0,56.0,146.0,1010.0,0.0,3302.0,153.0,353.0,2025.0,94.0,31.0,110.0,471.0,187.0,1894.0,432.0,0.0,651.0,196.0,1718.0,219.0,310.0,93.0,65.0,570.0,1837.0,383.0,232.0,23.0,2364.0,198.0,1542.0,1408.0,49.0,97.0,419.0,129.0,71.0,855.0,183.0,279.0,169.0,851.0,937.0,83.0,209.0,494.0,147.0,79.0,0.0,271.0,645.0,802.0,118.0,236.0,4081.0,585.0,64.0,137.0,411.5,211.0,804.0,822.0,1372.0,553.0,73.0,2229.0,58.0,322.0,7.0,55.0,94.0,591.0,222.0,247.0,276.0,247.0,863.0,97.0,0.0,789.0,131.0,76.0,178.0,1413.0,630.0,295.0,1141.0,89.0,0.0,3077.0,559.0,23.0,156.0,411.0,592.0,125.0,108.0,0.0,121.0,809.0,123.0,2899.0,472.0,326.0,174.0,30.0,73.0,570.0,1363.0,458.0,0.0,87.0,828.0,125.0,408.0,281.0,101524
2019100100,345.0,1341.0,34.0,3234.0,0.0,738.0,685.0,69.0,66.0,133.0,363.0,435.0,906.0,562.0,681.0,59.0,1088.0,122.0,53.0,32.0,1221.0,224.0,136.0,134.0,3428.0,413.0,169.0,117.0,1147.0,0.0,194.0,1131.0,220.0,147.0,621.0,26.0,0.0,1666.0,373.0,1298.0,306.0,1642.0,70.0,2734.0,1327.0,2414.0,166.0,47.0,213.0,0.0,0.0,943.0,2671.0,520.0,70.0,95.0,177.0,1338.0,429.0,36.0,356.0,147.0,55.0,39.0,135.0,99.0,59.0,134.0,1203.0,0.0,2282.0,181.0,310.0,1488.0,134.0,57.0,174.0,507.0,187.0,1982.0,471.0,0.0,624.0,256.0,1924.0,206.0,330.0,96.0,68.0,590.0,1762.0,440.0,193.0,28.0,2825.0,284.0,1748.0,1801.0,33.0,100.0,465.0,135.0,98.0,880.0,162.0,390.0,174.0,981.0,1019.0,70.0,240.0,710.0,135.0,81.0,0.0,421.0,602.0,884.0,166.0,260.0,6049.0,413.0,71.0,102.0,366.5,196.0,958.0,815.0,1485.0,560.0,78.0,1824.0,54.0,359.0,14.0,69.0,94.0,608.0,260.0,247.0,260.0,243.0,918.0,91.0,0.0,874.0,86.0,79.0,104.0,1362.0,596.0,290.0,1350.0,65.0,0.0,2463.0,819.0,24.0,180.0,468.0,595.0,68.0,147.0,0.0,97.0,748.0,92.0,648.0,500.0,290.0,180.0,24.0,85.0,649.0,1846.0,579.0,75.0,107.0,904.0,108.0,450.0,577.0,104020
2019110100,414.0,1166.0,30.0,2683.0,0.0,914.0,695.0,81.0,83.0,136.0,376.0,316.0,1004.0,525.0,532.0,76.0,975.0,126.0,22.0,20.0,1419.0,211.0,203.0,182.0,4323.0,446.0,154.0,106.0,981.0,0.0,244.0,1124.0,286.0,148.0,610.0,38.0,0.0,1776.0,408.0,908.0,503.0,1463.0,61.0,1963.0,1449.0,3047.0,195.0,25.0,280.0,0.0,0.0,948.0,2489.0,490.0,84.0,73.0,157.0,861.0,353.0,35.0,326.0,146.0,64.0,56.0,137.0,116.0,63.0,162.0,1177.0,0.0,2006.0,171.0,359.0,1071.0,104.0,30.0,110.0,508.0,187.0,1722.0,468.0,0.0,568.0,240.0,1738.0,287.0,246.0,112.0,69.0,556.0,2085.0,471.0,250.0,47.0,2891.0,198.0,1345.0,1889.0,55.0,102.0,459.0,153.0,67.0,859.0,182.0,328.0,155.0,1053.0,726.0,53.0,189.0,619.0,136.0,80.0,0.0,288.0,584.0,555.0,195.0,171.0,5998.0,261.0,73.0,111.0,452.0,145.0,811.0,873.0,1741.0,812.0,90.0,1940.0,75.0,398.0,3.0,57.0,93.0,599.0,311.0,220.0,353.0,260.0,892.0,131.0,0.0,861.0,96.0,69.0,63.0,1684.0,590.0,333.0,1493.0,90.0,0.0,2398.0,863.0,14.0,213.0,520.0,743.0,88.0,125.0,0.0,112.0,625.0,103.0,535.0,410.0,221.0,192.0,24.0,79.0,768.0,2386.0,545.0,277.0,94.0,808.0,152.0,408.0,382.0,102716
2019120100,455.0,1161.0,32.0,3417.0,48.0,854.0,586.0,82.0,117.0,145.0,412.0,302.0,1171.0,614.0,622.0,65.0,1060.0,120.0,28.0,19.0,1839.0,189.0,239.0,154.0,4473.0,487.0,187.0,138.0,1040.0,0.0,209.0,1135.0,328.0,193.0,615.0,45.0,0.0,1856.0,466.0,958.0,537.0,1338.0,63.0,2213.0,1349.0,3609.0,190.0,48.0,350.0,0.0,0.0,1185.0,2313.0,431.0,95.0,139.0,142.0,901.0,354.0,32.0,325.0,144.0,60.0,56.0,111.0,105.0,58.0,169.0,1070.0,106.0,1863.0,193.0,342.0,1039.0,136.0,44.0,264.0,511.0,215.0,1629.0,422.0,106.0,622.0,366.0,1836.0,220.0,307.0,132.0,67.0,623.0,2490.0,503.0,308.0,24.0,2923.0,160.0,1491.0,1790.0,58.0,96.0,491.0,172.0,99.0,1012.0,200.0,249.0,209.0,1223.0,507.0,81.0,232.0,549.0,138.0,98.0,0.0,284.0,590.0,584.0,192.0,184.0,6082.0,335.0,85.0,86.0,481.0,165.0,1221.0,899.0,2074.0,646.0,117.0,2109.0,59.0,411.0,10.0,68.0,115.0,678.0,257.0,258.0,277.0,213.0,850.0,133.0,0.0,745.0,129.0,115.0,119.0,1532.0,511.0,340.0,2672.0,96.0,0.0,1992.0,807.0,25.0,243.0,515.0,647.0,86.0,175.0,0.0,98.0,614.0,97.0,532.0,408.0,223.0,187.0,38.0,104.0,756.0,2582.0,429.0,278.0,117.0,833.0,131.0,395.0,281.0,108307
2020010100,371.0,1128.0,30.0,4746.0,37.0,785.0,592.0,92.0,129.0,228.0,412.0,334.0,1102.0,1003.0,818.0,72.0,1148.0,175.0,47.0,29.0,2892.0,164.0,243.0,224.0,5507.0,391.0,179.0,143.0,1118.0,117.0,216.0,1006.0,309.0,186.0,743.0,51.0,0.0,1894.0,444.0,1060.0,443.0,1424.0,78.0,2100.0,1109.0,4059.0,181.0,40.0,326.0,0.0,0.0,1271.0,2520.0,384.0,76.0,100.0,191.0,794.0,372.0,58.0,278.0,144.0,69.0,63.0,87.0,114.0,56.0,187.0,1185.0,179.0,2081.0,234.0,399.0,993.0,193.0,43.0,246.0,618.0,261.0,1702.0,413.0,124.0,708.0,416.0,1609.0,392.0,294.0,106.0,92.0,605.0,3815.0,504.0,317.0,29.0,2988.0,151.0,1414.0,2289.0,69.0,151.0,435.0,192.0,84.0,1070.0,185.0,334.0,223.0,1825.0,525.0,66.0,220.0,681.0,153.0,101.0,0.0,229.0,764.0,650.0,159.0,174.0,5064.0,290.0,76.0,109.0,523.5,174.0,1461.0,989.0,2121.0,774.0,108.0,1828.0,85.0,377.0,10.0,57.0,112.0,678.0,259.0,285.0,309.0,230.0,1007.0,132.0,0.0,786.0,164.0,109.0,89.0,1820.0,523.0,404.0,1802.0,88.0,0.0,1890.0,851.0,28.0,216.0,479.0,692.0,117.0,123.0,0.0,106.0,577.0,103.0,586.0,447.0,169.0,236.0,34.0,82.0,721.0,2259.0,442.0,662.0,138.0,825.0,137.0,337.0,353.0,115494
2020020100,330.0,1076.0,30.0,3114.0,35.0,681.0,513.0,68.0,118.0,305.0,318.0,262.0,1224.0,542.0,542.0,56.0,905.0,101.0,36.0,21.0,1653.0,132.0,188.0,195.0,4428.0,469.0,160.0,124.0,987.0,22.0,168.0,736.0,251.0,161.0,634.0,39.0,0.0,1467.0,369.0,889.0,365.0,1373.0,64.0,1777.0,955.0,3826.0,171.0,38.0,266.0,0.0,0.0,1034.0,2313.0,344.0,90.0,84.0,131.0,603.0,296.0,33.0,233.0,163.0,42.0,66.0,77.0,85.0,67.0,174.0,1020.0,86.0,1842.0,146.0,341.0,752.0,175.0,23.0,132.0,538.0,194.0,1434.0,330.0,80.0,570.0,248.0,1459.0,242.0,229.0,98.0,64.0,465.0,2819.0,568.0,203.0,26.0,2785.0,115.0,1398.0,1673.0,55.0,109.0,508.0,153.0,99.0,931.0,146.0,263.0,190.0,1730.0,522.0,70.0,180.0,655.0,177.0,77.0,0.0,224.0,798.0,571.0,128.0,151.0,3096.0,204.0,62.0,96.0,370.5,144.0,1521.0,1250.0,1488.0,829.0,96.0,1778.0,56.0,341.0,17.0,55.0,145.0,634.0,232.0,274.0,307.0,183.0,867.0,98.0,0.0,681.0,124.0,75.0,78.0,1302.0,644.0,335.0,1519.0,100.0,0.0,1701.0,713.0,12.0,206.0,400.0,576.0,100.0,115.0,0.0,85.0,513.0,94.0,576.0,398.0,160.0,135.0,28.0,66.0,584.0,1658.0,414.0,275.0,93.5,816.0,104.0,310.0,275.0,95684
2020030100,578.0,1351.0,38.0,3420.0,46.0,935.0,778.0,58.0,86.0,217.0,526.0,335.0,1409.0,656.0,811.0,65.0,874.0,117.0,28.0,23.0,1689.0,199.0,201.0,192.0,6967.0,610.0,216.0,188.0,1702.0,53.0,183.0,1190.0,312.0,170.0,812.0,40.0,0.0,1821.0,476.0,2219.0,420.0,1652.0,100.0,2674.0,1282.0,6109.0,210.0,56.0,401.0,0.0,0.0,1271.0,2148.0,480.0,87.0,93.0,135.0,1797.0,476.0,41.0,245.0,176.0,39.0,86.0,107.0,73.0,63.0,202.0,1678.0,132.0,3739.0,297.0,367.0,1236.0,220.0,27.0,144.0,584.0,278.0,2217.0,483.0,109.0,886.0,475.0,1706.0,364.0,296.0,113.0,66.0,578.0,5149.0,1466.0,265.0,20.0,3093.0,172.0,1464.0,1719.0,58.0,89.0,858.0,167.0,90.0,950.0,181.0,221.0,334.0,1431.0,878.0,53.0,171.0,849.0,109.0,86.0,0.0,255.0,874.0,1532.0,127.0,189.0,8436.0,596.0,71.0,79.0,539.5,149.0,1502.0,2247.0,1779.0,946.0,94.0,2893.0,48.0,557.0,10.0,81.0,87.0,890.0,233.0,350.0,453.0,194.0,1030.0,114.0,0.0,937.0,130.0,85.0,108.0,1586.0,745.0,926.0,2253.0,86.0,0.0,2980.0,887.0,25.0,202.0,517.0,552.0,86.0,115.0,0.0,78.0,648.0,103.0,813.0,484.0,318.0,148.0,37.0,73.0,947.0,2163.0,448.0,430.0,107.5,1492.0,100.0,450.0,528.0,136472
2020040100,892.0,1830.0,40.0,5083.0,61.0,1116.0,901.0,99.0,114.0,569.0,693.0,482.0,1869.0,891.0,1354.0,106.0,1214.0,181.0,42.0,78.0,2181.0,279.0,236.0,155.0,8741.0,717.0,305.0,180.0,3135.0,53.0,293.0,1471.0,273.0,240.0,1212.0,22.0,0.0,2802.0,608.0,2160.0,509.0,1784.0,104.0,3866.0,2596.0,6128.0,331.0,85.0,382.0,0.0,696.0,2878.0,3518.0,622.0,144.0,97.0,218.0,4245.0,548.0,36.0,364.0,225.0,62.0,282.0,416.0,223.0,76.0,339.0,8050.0,146.0,6050.0,246.0,478.0,1605.0,591.0,38.0,374.0,732.0,312.0,3244.0,539.0,169.0,1025.0,378.0,2338.0,388.0,215.0,282.0,71.0,821.0,8078.0,2765.0,260.0,21.0,4480.0,186.0,1576.0,2335.0,70.0,97.0,958.0,199.0,154.0,1682.0,236.0,430.0,374.0,1896.0,1488.0,196.0,244.0,2065.0,122.0,85.0,0.0,256.0,1000.0,1483.0,211.0,138.5,11686.0,1943.0,92.0,107.0,534.0,200.0,1554.0,1682.0,2546.0,983.0,119.0,3890.0,71.0,1126.0,7.0,69.0,91.0,934.0,340.0,482.0,568.0,248.0,1136.0,100.0,0.0,1376.0,133.0,167.0,204.0,1871.0,668.0,1664.0,2295.0,149.0,0.0,4102.0,1042.0,23.0,297.0,729.0,842.0,127.0,149.0,0.0,119.0,907.0,67.0,722.0,811.0,341.0,153.0,38.0,142.0,1496.0,2557.0,532.0,888.0,135.5,1209.0,233.0,858.0,542.0,193827
2020050100,824.0,1668.0,28.0,3629.0,68.0,989.0,824.0,127.0,108.0,325.0,694.0,409.0,1678.0,743.0,1019.0,84.0,1080.0,181.0,61.0,92.0,2104.0,253.0,207.0,225.0,7196.0,576.0,310.0,152.0,1961.0,46.0,543.0,1297.0,376.0,250.0,767.0,53.0,0.0,1664.0,551.0,1471.0,418.0,1597.0,86.0,3449.0,2990.0,9383.0,251.0,113.0,388.0,0.0,118.0,1417.0,2942.0,509.0,228.0,132.0,216.0,5235.0,494.0,36.0,398.0,174.0,51.0,144.0,202.0,192.0,52.0,283.0,6917.0,148.0,3891.0,223.0,541.0,1624.0,545.0,36.0,285.0,583.0,270.0,2689.0,549.0,158.0,934.0,466.0,1891.0,333.0,188.5,144.0,83.0,716.0,4365.0,1272.0,434.0,31.0,3405.0,159.0,1456.0,2217.0,81.0,82.0,840.0,302.0,99.0,1491.0,262.0,382.0,434.0,1571.0,1041.0,191.0,266.0,1572.0,233.0,84.0,0.0,356.0,807.0,1113.0,209.0,169.5,9308.0,2433.0,74.0,146.0,518.0,198.0,1427.0,1351.0,2485.0,909.0,79.0,3163.0,79.0,935.0,61.0,72.0,105.0,1001.0,324.0,331.0,276.0,255.0,1112.0,161.0,0.0,1206.0,145.0,161.0,163.0,1731.0,674.0,702.0,2342.0,201.0,0.0,4002.0,994.0,21.0,469.0,709.0,825.0,113.0,143.0,0.0,132.0,990.0,130.0,692.0,971.0,281.0,233.0,23.0,88.0,991.0,2319.0,646.0,522.0,142.5,944.0,152.0,686.0,517.0,167244
2020060100,534.0,1140.0,20.0,2354.0,54.0,807.0,587.0,103.0,170.0,215.0,426.0,309.0,1233.0,540.0,551.0,55.0,872.0,127.0,33.0,58.5,1491.0,182.0,168.0,185.0,3585.0,384.0,179.0,123.0,1407.0,26.0,200.0,983.0,330.0,186.0,726.0,40.0,61.0,1210.0,492.0,776.0,323.0,1248.0,82.0,2125.0,1142.0,3165.0,256.0,66.0,263.0,0.0,93.0,1030.0,2350.0,399.0,118.0,92.0,142.0,997.0,280.0,20.0,271.0,176.0,47.0,65.0,105.0,134.0,173.0,187.0,3366.0,114.0,2307.0,167.0,529.0,1096.0,179.0,40.0,171.0,620.0,210.0,1751.0,385.0,149.0,516.0,213.0,1480.0,280.0,158.5,149.0,65.0,516.0,2094.0,916.0,214.0,21.0,2368.0,165.0,1151.0,1406.0,57.0,90.0,431.0,181.0,83.0,929.0,179.0,252.0,201.0,1475.0,586.0,92.0,223.0,742.0,152.0,68.0,0.0,209.0,673.0,473.0,145.0,86.0,3186.0,812.0,64.0,99.0,390.0,145.0,871.0,866.0,1907.0,648.0,68.0,2041.0,67.0,453.0,57.0,61.0,102.0,597.0,274.0,246.0,212.0,210.0,847.0,113.0,0.0,693.0,149.0,89.0,98.0,1121.0,537.0,424.0,1523.0,96.0,0.0,1826.0,777.0,19.0,289.0,422.0,677.0,90.0,112.0,0.0,109.0,624.0,95.0,1070.0,591.0,140.0,163.0,38.0,81.0,696.0,1632.0,532.0,404.0,108.0,755.0,129.0,403.0,345.0,100389
2020070100,324.0,735.0,25.0,3213.0,46.0,935.0,432.0,128.0,84.0,162.0,479.0,204.0,1278.0,496.0,382.0,58.0,1554.0,102.0,24.0,47.5,1378.0,130.0,136.0,182.0,3623.0,297.0,163.0,125.0,1047.0,19.0,185.0,815.0,242.0,174.0,684.0,56.0,24.0,1976.0,448.0,573.0,364.0,1051.0,57.0,1454.0,941.0,3482.0,184.0,57.0,187.0,0.0,95.0,1123.0,2702.0,409.0,86.0,93.0,135.0,480.0,254.0,34.0,222.0,130.0,47.0,63.0,84.0,103.0,46.0,167.0,2716.0,99.0,1857.0,134.0,453.0,720.0,155.0,38.0,190.0,515.0,171.0,1562.0,270.0,105.0,406.0,172.0,1311.0,232.0,126.5,113.0,43.0,462.0,1907.0,862.0,196.0,26.0,3105.0,107.0,1020.0,1297.0,57.0,90.0,380.0,164.0,59.0,1160.0,131.0,165.0,183.0,973.0,368.0,88.0,186.0,682.0,133.0,69.0,0.0,162.0,649.0,395.0,103.0,88.0,1203.0,210.0,63.0,105.0,294.5,133.0,1918.0,1318.0,1689.0,670.0,102.0,1480.0,61.0,537.0,94.0,60.0,90.0,574.0,233.0,249.0,78.0,164.0,721.0,103.0,0.0,575.0,146.0,83.0,75.0,1170.0,388.0,394.0,1512.0,76.0,0.0,1700.0,751.0,18.0,244.0,422.0,584.0,100.0,118.0,0.0,87.0,399.0,104.0,856.0,331.0,112.0,137.0,27.0,64.0,804.0,1317.0,317.0,310.0,102.0,825.0,128.0,340.0,306.0,91421
2020080100,301.0,796.0,19.0,2794.0,26.0,586.0,414.0,101.0,82.0,169.0,276.0,224.0,899.0,596.0,376.0,57.0,933.0,101.0,18.0,35.5,1625.0,104.0,115.0,137.0,3236.0,280.0,100.0,101.0,750.0,34.0,157.0,772.0,217.0,125.0,560.0,30.0,22.0,1195.0,319.0,608.0,250.0,917.0,62.0,1267.0,874.0,1830.0,133.0,46.0,245.0,0.0,90.0,1262.0,2690.0,399.0,97.0,66.0,92.0,394.0,263.0,30.0,217.0,110.0,39.0,55.0,107.0,104.0,35.0,153.0,2571.0,93.0,1394.0,149.0,300.0,636.0,113.0,38.0,150.0,3804.0,186.0,1423.0,277.0,86.0,423.0,133.0,1320.0,211.0,136.0,86.0,52.0,471.0,1538.0,609.0,337.0,36.0,2572.0,100.0,946.0,1382.0,46.0,89.0,382.0,124.0,48.0,887.0,144.0,129.0,140.0,875.0,312.0,70.0,144.0,492.0,171.0,51.0,0.0,150.0,556.0,560.0,99.0,65.5,1053.0,178.0,42.0,82.0,290.5,105.0,2208.0,993.0,1530.0,561.0,51.0,1455.0,43.0,346.0,64.0,34.0,78.0,561.0,238.0,233.0,82.0,167.0,766.0,75.0,0.0,428.0,121.0,72.0,75.0,1224.0,405.0,333.0,1246.0,76.0,0.0,1321.0,750.0,16.0,224.0,340.0,570.0,125.0,81.0,74.0,65.0,367.0,62.0,876.0,310.0,123.0,118.0,21.0,56.0,676.0,1178.0,283.0,321.0,83.5,777.0,109.0,240.0,303.0,83520
2020090100,447.0,2021.0,22.0,3291.0,28.0,684.0,511.0,86.0,77.0,139.0,331.0,435.0,1078.0,660.0,746.0,47.0,933.0,91.0,25.0,51.0,1662.0,98.0,115.0,160.0,3423.0,307.0,141.0,83.0,2048.0,35.0,217.0,1031.0,230.0,159.0,738.0,38.0,22.0,1408.0,419.0,957.0,256.0,1445.0,48.0,2983.0,1012.0,2237.0,179.0,34.0,198.0,0.0,115.0,967.0,2283.0,536.0,101.0,70.0,108.0,824.0,387.0,33.0,312.0,89.0,31.0,58.0,121.0,75.0,40.0,136.0,1967.0,129.0,3855.0,160.0,297.0,2191.0,186.0,35.0,237.0,798.0,162.0,2587.0,412.0,86.0,1022.0,155.0,1802.0,190.0,158.0,96.0,40.0,508.0,1471.0,579.0,182.0,21.0,2477.0,261.0,1223.0,1598.0,60.0,69.0,493.0,173.0,38.0,888.0,147.0,175.0,212.0,861.0,830.0,55.0,221.0,530.0,108.0,43.0,0.0,194.0,467.0,896.0,149.0,115.0,4700.0,414.0,67.0,80.0,405.0,150.0,2737.0,830.0,1670.0,481.0,58.0,2155.0,44.0,411.0,96.0,38.0,72.0,525.0,240.0,256.0,74.0,175.0,750.0,88.0,0.0,819.0,80.0,81.0,286.0,1421.0,460.0,328.0,1442.0,57.0,0.0,2788.0,857.0,12.0,226.0,400.0,573.0,91.0,76.0,304.0,83.0,1098.0,51.0,728.0,360.0,284.0,133.0,27.0,144.0,753.0,1466.0,473.0,500.0,124.5,618.0,94.0,376.0,305.0,106569
2020100100,717.0,2283.0,17.0,2740.0,30.0,640.0,569.0,81.0,79.0,132.0,380.0,441.0,912.0,666.0,1106.0,47.0,1145.0,71.0,29.0,49.0,1331.0,129.0,135.0,151.0,3805.0,354.0,162.0,130.0,1372.0,30.0,250.0,1450.0,214.0,176.0,2477.0,34.0,45.0,1729.0,372.0,1330.0,328.0,1716.0,59.0,3879.0,1254.0,2284.0,153.0,39.0,253.0,0.0,81.0,1067.0,2294.0,636.0,99.0,95.0,145.0,1667.0,371.0,37.0,318.0,140.0,36.0,49.0,215.0,93.0,57.0,144.0,2311.0,167.0,2645.0,148.0,357.0,2144.0,169.0,41.0,191.0,527.0,161.0,2419.0,488.0,94.0,862.0,275.0,2152.0,257.0,208.0,121.0,51.0,507.0,1829.0,635.0,159.0,20.0,3104.0,286.0,1443.0,2196.0,58.0,75.0,546.0,155.0,36.0,917.0,121.0,256.0,169.0,939.0,996.0,71.0,207.0,629.0,133.0,69.0,0.0,314.0,817.0,1255.0,192.0,127.0,9594.0,548.0,87.0,70.0,433.5,126.0,1224.0,1196.0,1937.0,548.0,80.0,1978.0,64.0,416.0,112.0,51.0,45.0,626.0,203.0,234.0,83.0,182.0,914.0,62.0,0.0,976.0,108.0,87.0,90.0,1289.0,536.0,266.0,1472.0,58.0,0.0,2647.0,910.0,20.0,272.0,514.0,693.0,75.0,98.0,288.0,89.0,960.0,55.0,638.0,500.0,419.0,145.0,36.0,87.0,816.0,2383.0,668.0,519.0,93.5,594.0,105.0,455.0,494.0,120548
2020110100,781.0,1472.0,33.0,6236.0,38.0,668.0,638.0,103.0,77.0,140.0,438.0,348.0,1024.0,659.0,758.0,59.0,1290.0,97.0,34.0,55.0,1920.0,146.0,196.0,180.0,4735.0,390.0,184.0,127.0,1489.0,42.0,160.0,1620.0,247.0,191.0,1544.0,24.0,49.0,4912.0,449.0,1207.0,504.0,1457.0,54.0,3377.0,1574.0,3100.0,205.0,41.0,246.0,0.0,95.0,1430.0,2687.0,509.0,109.0,114.0,155.0,1035.0,349.0,31.0,302.0,131.0,34.0,84.0,139.0,101.0,51.0,162.0,3609.0,124.0,2378.0,148.0,416.0,1409.0,190.0,75.0,159.0,515.0,126.0,2402.0,496.0,98.0,838.0,439.0,2266.0,214.0,166.0,136.0,45.0,638.0,2525.0,743.0,197.0,22.0,3227.0,227.0,1464.0,2674.0,58.0,107.0,515.0,138.0,74.0,995.0,194.0,225.0,159.0,1437.0,827.0,58.0,146.0,707.0,125.0,55.0,0.0,260.0,650.0,966.0,192.0,106.0,8686.0,297.0,116.0,100.0,562.5,131.0,2323.0,994.0,2178.0,762.0,69.0,2072.0,55.0,407.0,110.0,75.0,75.0,576.0,245.0,382.0,106.0,155.0,1117.0,75.0,0.0,746.0,117.0,88.0,92.0,1408.0,587.0,494.0,1794.0,51.0,0.0,2654.0,1103.0,33.0,285.0,529.0,650.0,84.0,125.0,415.0,80.0,756.0,41.0,625.0,451.0,223.0,124.0,40.0,117.0,1070.0,3449.0,592.0,472.0,101.5,693.0,146.0,491.0,459.0,132641
2020120100,1503.0,1660.0,32.0,4248.0,55.0,675.0,757.0,126.0,91.0,146.0,518.0,403.0,1099.0,773.0,1313.0,82.0,1049.0,146.0,33.0,63.5,1741.0,343.0,318.0,170.0,4562.0,598.0,201.0,150.0,1187.0,48.0,190.0,2009.0,321.0,246.0,915.0,51.0,84.0,1850.0,562.0,1295.0,827.0,1512.0,83.0,3578.0,1965.0,3173.0,218.0,43.0,276.0,0.0,88.0,1489.0,2791.0,561.0,108.0,134.0,145.0,934.0,454.0,36.0,408.0,134.0,29.0,62.0,143.0,108.0,50.0,149.0,2148.0,161.0,2584.0,188.0,381.0,1809.0,167.0,36.0,164.0,697.0,182.0,2481.0,531.0,118.0,988.0,600.0,2215.0,270.0,269.5,198.0,66.0,754.0,3100.0,761.0,263.0,22.0,3671.0,229.0,1696.0,2642.0,66.0,111.0,740.0,321.0,114.0,948.0,198.0,377.0,175.0,2364.0,728.0,59.0,241.0,661.0,149.0,69.0,0.0,370.0,666.0,1304.0,202.0,124.5,15335.0,338.0,85.0,84.0,645.0,179.0,1585.0,1642.0,3166.0,790.0,92.0,1893.0,83.0,594.0,156.0,53.0,94.0,769.0,304.0,340.0,97.0,213.0,970.0,117.0,0.0,919.0,111.0,85.0,118.0,1650.0,682.0,431.0,1616.0,76.0,0.0,2443.0,1571.0,24.0,297.0,474.0,850.0,87.0,133.0,454.0,82.0,811.0,68.0,494.0,423.0,397.0,130.0,40.0,114.0,977.0,4584.0,592.0,619.0,130.0,773.0,116.0,567.0,472.0,144757
2021010100,652.0,1346.0,29.0,4834.0,47.0,651.0,593.0,118.0,110.0,193.0,470.0,378.0,1129.0,980.0,554.0,70.0,1249.0,146.0,36.0,60.5,2232.0,179.0,221.0,285.0,4746.0,496.0,160.0,108.0,1279.0,54.0,166.0,1232.0,317.0,201.0,1359.0,48.0,90.0,2505.0,618.0,1278.0,517.0,1512.0,71.0,2403.0,1281.0,3440.0,180.0,39.0,261.0,0.0,89.0,1456.0,2599.0,481.0,97.0,95.0,130.0,641.0,330.0,49.0,266.0,135.0,32.0,66.0,92.0,123.0,61.0,192.0,2372.0,129.0,2350.0,147.0,421.0,982.0,170.0,45.0,168.0,799.0,169.0,1956.0,412.0,93.0,680.0,380.0,1755.0,269.0,192.5,112.0,54.0,664.0,3132.0,641.0,270.0,20.0,3579.0,179.0,1432.0,2998.0,62.0,107.0,534.0,175.0,64.0,618.0,207.0,316.0,182.0,1785.0,547.0,82.0,214.0,723.0,155.0,59.0,0.0,204.0,726.0,849.0,166.0,93.0,3648.0,242.0,85.0,82.0,532.0,121.0,1490.0,1590.0,2676.0,723.0,54.0,2137.0,61.0,440.0,137.0,64.0,119.0,656.0,320.0,300.0,117.0,182.0,945.0,110.0,0.0,858.0,111.0,81.0,91.0,1806.0,663.0,380.0,1978.0,77.0,0.0,1887.0,968.0,28.0,213.0,623.0,931.0,65.0,128.0,442.0,92.0,748.0,71.0,672.0,548.0,199.0,143.0,33.0,75.0,1182.0,1929.0,534.0,498.0,106.5,709.0,104.0,395.0,359.0,120457
2021020100,750.0,1227.0,34.0,3514.0,66.0,639.0,626.0,94.0,88.0,167.0,443.0,450.0,1123.0,789.0,633.0,70.0,1021.0,276.0,41.0,103.0,1514.0,150.0,222.0,224.0,6283.0,530.0,184.0,135.0,1232.0,45.0,180.0,1137.0,281.0,227.0,814.0,54.0,69.0,5182.0,437.0,1669.0,665.0,1375.0,74.0,2623.0,1449.0,6231.0,150.0,30.0,271.0,0.0,93.0,1253.0,2175.0,401.0,106.0,110.0,163.0,835.0,356.0,41.0,259.0,278.0,45.0,56.0,87.0,103.0,88.0,187.0,1637.0,250.0,2448.0,159.0,328.0,1023.0,166.0,21.0,162.0,627.0,185.0,1987.0,367.0,232.0,638.0,627.0,1561.0,301.0,158.5,102.0,60.0,565.0,5702.0,529.0,229.0,26.0,3033.0,176.0,1213.0,1978.0,54.0,114.0,486.0,311.0,65.0,577.5,165.0,291.0,175.0,1186.0,478.0,81.0,201.0,625.0,164.0,72.0,0.0,211.0,632.0,1107.0,136.0,100.0,6285.0,256.0,60.0,85.0,516.0,121.0,1385.0,1136.0,2151.0,926.0,57.0,1978.0,64.0,414.0,164.0,45.0,72.0,582.0,313.0,257.0,115.0,188.0,774.0,106.0,0.0,769.0,114.0,91.0,88.0,1426.0,543.0,603.0,8259.0,67.0,0.0,2018.0,1100.0,24.0,258.0,424.0,752.0,91.0,125.0,414.0,86.0,681.0,195.0,526.0,421.0,237.0,126.0,31.0,96.0,915.0,2129.0,514.0,469.0,159.5,653.0,102.0,418.0,306.0,130844
2021030100,904.0,1385.0,29.0,3433.0,68.0,816.0,912.0,120.0,110.0,216.0,649.0,465.0,1437.0,944.0,1101.0,60.0,1692.0,196.0,31.0,86.0,2198.0,159.0,242.0,247.0,6805.0,532.0,195.0,156.0,1604.0,62.0,303.0,1510.0,266.0,222.0,1314.0,44.0,52.0,2100.0,564.0,2815.0,617.0,1526.0,84.0,3753.0,1643.0,6108.0,223.0,79.0,322.0,0.0,153.0,1403.0,2329.0,496.0,121.0,116.0,187.0,1434.0,444.0,39.0,321.0,180.0,26.0,85.0,120.0,110.0,71.0,193.0,2008.0,197.0,3548.0,158.0,381.0,1348.0,257.0,28.0,144.0,669.0,184.0,2409.0,634.0,179.0,1117.0,640.0,2126.0,321.0,223.0,237.0,58.0,692.0,5796.0,615.0,216.0,31.0,3769.0,146.0,1241.0,2163.0,48.0,132.0,724.0,231.0,98.0,488.5,168.0,319.0,287.0,1738.0,865.0,97.0,206.0,881.0,142.0,83.0,0.0,213.0,589.0,2440.0,173.0,103.0,10132.0,710.0,85.0,131.0,593.5,142.0,1509.0,1671.0,3012.0,635.0,60.0,2814.0,42.0,713.0,182.0,69.0,96.0,721.0,301.0,370.0,122.0,210.0,965.0,119.0,0.0,1117.0,120.0,100.0,89.0,1479.0,773.0,1199.0,2266.0,92.0,0.0,2448.0,1135.0,21.0,407.0,683.0,948.0,91.0,186.0,485.0,82.0,834.0,117.0,2858.0,551.0,219.0,136.0,44.0,112.0,1515.0,2895.0,520.0,632.0,140.0,775.0,138.0,711.0,607.0,153351
2021040100,670.0,1240.0,27.0,2715.0,75.0,658.0,656.0,124.0,86.0,290.0,693.0,307.0,1248.0,936.0,857.0,70.0,1188.0,136.0,32.0,72.0,2034.0,169.0,148.0,214.0,5305.0,472.0,225.0,117.0,1787.0,46.0,298.0,1195.0,266.0,311.0,1191.0,30.0,45.0,1233.0,536.0,1706.0,595.0,1490.0,74.0,3232.0,1530.0,4644.0,204.0,70.0,261.0,0.0,149.0,1297.0,2129.0,415.0,111.0,134.0,166.0,1583.0,488.0,37.0,263.0,156.0,51.0,158.0,230.0,95.0,45.0,189.0,1593.0,243.0,3056.0,158.0,394.0,1276.0,329.0,29.0,180.0,615.0,191.0,2221.0,468.0,106.0,767.0,358.0,1653.0,270.0,223.5,219.0,65.0,582.0,3892.0,611.0,436.0,32.0,3063.0,180.0,941.0,2091.0,56.0,103.0,564.0,209.0,81.0,547.5,173.0,300.0,231.0,1235.0,1048.0,96.0,212.0,1332.0,150.0,103.0,0.0,218.0,606.0,1360.0,197.0,102.5,5661.0,678.0,55.0,245.0,436.0,214.0,1207.0,998.0,2117.0,950.0,74.0,2452.0,59.0,573.0,202.0,60.0,116.0,665.0,310.0,329.0,94.0,212.0,898.0,119.0,0.0,889.0,122.0,112.0,111.0,1602.0,611.0,906.0,1646.0,88.0,0.0,2358.0,1031.0,19.0,289.0,609.0,898.0,93.0,146.0,568.0,101.0,655.0,92.0,3365.0,587.0,293.0,199.0,41.0,99.0,1054.0,2067.0,476.0,630.0,103.5,679.0,179.0,540.0,417.0,128255
2021050100,750.0,1201.0,35.0,2469.0,83.0,523.0,606.0,118.0,100.0,185.0,439.0,249.0,1164.0,971.0,641.0,55.0,1206.0,113.0,33.0,97.5,1430.0,135.0,194.0,167.0,4698.0,582.0,173.0,152.0,1302.0,46.0,246.0,1959.0,299.0,808.0,862.0,61.0,62.0,1645.0,480.0,1313.0,444.0,1197.0,100.0,2494.0,1681.0,4410.0,171.0,55.0,305.0,0.0,123.0,1262.0,2142.0,403.0,112.0,102.0,138.0,1686.0,358.0,39.0,288.0,108.0,42.0,129.0,149.0,82.0,53.0,174.0,1733.0,156.0,2124.0,176.0,386.0,1024.0,212.0,31.0,159.0,545.0,237.0,2004.0,359.0,103.0,642.0,479.0,1552.0,268.0,187.5,102.0,78.0,600.0,3006.0,696.0,248.0,30.0,3004.0,147.0,874.0,2101.0,63.0,88.0,522.0,208.0,77.0,438.0,175.0,187.0,205.0,1442.0,595.0,91.0,241.0,1027.0,137.0,103.0,0.0,259.0,694.0,1160.0,133.0,115.0,4634.0,721.0,38.0,87.0,397.0,145.0,1217.0,841.0,2327.0,907.0,91.0,1884.0,69.0,418.0,113.0,58.0,114.0,849.0,259.0,231.0,82.0,212.0,824.0,115.0,0.0,795.0,103.0,84.0,117.0,1322.0,569.0,551.0,1547.0,102.0,0.0,1860.0,885.0,32.0,234.0,568.0,855.0,101.0,140.0,524.0,110.0,586.0,64.0,1274.0,601.0,184.0,145.0,36.0,90.0,792.0,1832.0,492.0,703.0,105.5,811.0,146.0,432.0,346.0,114235
2021060100,491.0,978.0,36.0,1878.0,54.0,582.0,600.0,114.0,83.0,201.0,388.0,272.0,1054.0,807.0,502.0,62.0,849.0,126.0,28.0,79.5,1137.0,145.0,169.0,209.0,3215.0,419.0,149.0,168.0,954.0,34.0,209.0,1155.0,271.0,230.0,782.0,40.0,66.0,1249.0,414.0,803.0,467.0,1421.0,133.0,1879.0,980.0,2721.0,150.0,42.0,283.0,0.0,106.0,930.0,1954.0,328.0,92.0,113.0,142.0,1516.0,278.0,51.0,261.0,127.0,47.0,65.0,116.0,108.0,52.0,192.0,1299.0,124.0,1741.0,142.0,514.0,1990.0,161.0,34.0,201.0,542.0,235.0,1485.0,401.0,95.0,489.0,264.0,1200.0,213.0,196.0,84.0,74.0,491.0,2056.0,516.0,266.0,34.0,3424.0,148.0,814.0,1564.0,61.0,77.0,359.0,207.0,78.0,359.5,168.0,189.0,205.0,981.0,550.0,95.0,236.0,683.0,161.0,99.0,0.0,215.0,537.0,731.0,145.0,103.0,3937.0,689.0,84.0,131.0,399.0,106.0,773.0,837.0,1916.0,597.0,70.0,1382.0,68.0,439.0,138.0,65.0,64.0,670.0,312.0,173.0,78.0,187.0,708.0,130.0,0.0,681.0,116.0,82.0,98.0,1148.0,597.0,697.0,1367.0,81.0,0.0,1362.0,843.0,27.0,339.0,671.0,809.0,91.0,127.0,376.0,82.0,546.0,107.0,760.0,641.0,189.0,162.0,30.0,117.0,628.0,1522.0,534.0,529.0,99.5,664.0,115.0,413.0,295.0,94728
2021070100,315.0,675.0,38.0,2061.0,34.0,833.0,438.0,146.0,79.0,168.0,294.0,203.0,852.0,722.0,319.0,45.0,771.0,100.0,25.0,37.0,978.0,138.0,112.0,142.0,3274.0,290.0,103.0,115.0,687.0,52.0,119.0,785.0,304.0,175.0,632.0,28.0,56.0,876.0,307.0,497.0,320.0,847.0,93.0,1196.0,816.0,2197.0,137.0,54.0,196.0,0.0,98.0,835.0,2182.0,360.0,78.0,100.0,108.0,355.0,235.0,33.0,197.0,115.0,36.0,65.0,104.0,87.0,19.0,181.0,1310.0,74.0,1124.0,140.0,324.0,828.0,125.0,29.0,192.0,461.0,164.0,1098.0,282.0,92.0,330.0,198.0,915.0,187.0,139.0,76.0,73.0,406.0,1717.0,528.0,195.0,24.0,2872.0,132.0,672.0,1498.0,52.0,83.0,353.0,174.0,84.0,369.0,115.0,129.0,168.0,837.0,295.0,50.0,139.0,452.0,145.0,64.0,0.0,169.0,544.0,514.0,87.0,74.5,813.0,133.0,67.0,82.0,299.5,103.0,636.0,881.0,1798.0,636.0,59.0,1056.0,58.0,334.0,124.0,53.0,126.0,493.0,237.0,170.0,89.0,223.0,516.0,101.0,0.0,451.0,129.0,64.0,104.0,1312.0,360.0,700.0,1353.0,68.0,2.0,1182.0,568.0,25.0,230.0,331.0,1254.0,110.0,125.0,319.0,98.0,303.0,97.0,547.0,333.0,119.0,90.0,34.0,70.0,646.0,1163.0,256.0,816.0,95.5,646.0,105.0,214.0,258.0,74651
2021080100,397.0,736.0,19.0,3081.0,22.0,602.0,541.0,135.0,87.0,193.0,351.0,250.0,951.0,850.0,459.0,52.0,976.0,199.0,34.0,59.0,1257.0,202.0,137.0,176.0,3027.0,365.0,180.0,170.0,794.0,50.0,190.0,866.0,319.0,187.0,735.0,32.0,45.0,1047.0,314.0,589.0,389.0,1085.0,115.0,1383.0,961.0,2054.0,152.0,74.0,282.0,0.0,116.0,1088.0,1972.0,375.0,125.0,110.0,146.0,470.0,300.0,40.0,276.0,178.0,59.0,96.0,98.0,68.0,0.0,197.0,1362.0,109.0,1290.0,149.0,371.0,952.0,186.0,51.0,160.0,550.0,175.0,1686.0,347.0,147.0,410.0,236.0,1148.0,205.0,155.5,178.0,73.0,540.0,1804.0,517.0,362.0,26.0,2872.0,111.0,1009.0,1675.0,52.0,130.0,377.0,273.0,55.0,367.0,175.0,139.0,225.0,887.0,357.0,73.0,248.0,522.0,180.0,117.0,0.0,218.0,560.0,490.0,166.0,122.0,1139.0,227.0,93.0,98.0,377.0,208.0,923.0,1127.0,2247.0,829.0,90.0,1185.0,97.0,365.0,117.0,63.0,105.0,625.0,282.0,226.0,82.0,215.0,713.0,132.0,0.0,490.0,154.0,105.0,82.0,1583.0,403.0,277.0,1340.0,95.0,0.0,1284.0,678.0,30.0,237.0,558.0,726.0,92.0,111.0,508.0,92.0,377.0,135.0,581.0,345.0,96.0,130.0,23.0,80.0,678.0,1266.0,342.0,850.0,117.0,802.0,115.0,245.0,366.0,85630
2021090100,464.0,1854.0,27.0,2980.0,35.0,878.0,599.0,140.0,78.0,203.0,422.0,553.0,1110.0,887.0,821.0,76.0,934.0,183.0,31.0,72.0,1438.0,181.0,162.0,165.0,4066.0,350.0,179.0,204.0,1137.0,45.0,233.0,1030.0,384.0,202.0,810.0,30.0,76.0,1251.0,352.0,1183.0,416.0,1578.0,93.0,3812.0,1184.0,3324.0,147.0,60.0,290.0,0.0,130.0,1121.0,1561.0,502.0,151.0,100.0,197.0,1215.0,469.0,39.0,359.0,149.0,42.0,72.0,142.0,92.0,0.0,163.0,1248.0,184.0,2234.0,212.0,369.0,2813.0,173.0,78.0,218.0,576.0,156.0,1999.0,455.0,147.0,904.0,345.0,1619.0,223.0,236.5,148.0,57.0,649.0,2942.0,535.0,268.0,22.0,2857.0,252.0,1243.0,1884.0,70.0,110.0,474.0,287.0,79.0,384.0,193.0,165.0,233.0,971.0,991.0,69.0,260.0,783.0,146.0,69.0,0.0,243.0,529.0,1212.0,140.0,164.0,6233.0,596.0,83.0,86.0,425.0,242.0,1184.0,1056.0,2340.0,594.0,98.0,2034.0,78.0,385.0,155.0,63.0,73.0,619.0,313.0,226.0,88.0,214.0,952.0,110.0,0.0,820.0,131.0,92.0,314.0,1931.0,763.0,354.0,1435.0,86.0,0.0,2836.0,899.0,20.0,213.0,566.0,659.0,116.0,141.0,454.0,88.0,1021.0,119.0,580.0,497.0,302.0,146.0,23.0,113.0,705.0,1597.0,590.0,726.0,167.5,730.0,94.0,371.0,348.0,115595
2021100100,1029.0,1747.0,26.0,2646.0,50.0,1103.0,734.0,120.0,99.0,185.0,570.0,508.0,1247.0,800.0,968.0,85.0,870.0,176.0,40.0,73.0,1442.0,236.0,231.0,179.0,4866.0,547.0,154.0,183.0,1207.0,54.0,225.0,1524.0,372.0,237.0,952.0,51.0,78.0,1131.0,452.0,1384.0,479.0,1768.0,133.0,3935.0,1656.0,5240.0,176.0,41.0,284.0,0.0,172.0,1119.0,1923.0,597.0,125.0,155.0,187.0,967.0,580.0,36.0,351.0,177.0,44.0,56.0,182.0,118.0,0.0,196.0,1543.0,191.0,2267.0,199.0,394.0,2433.0,195.0,101.0,209.0,587.0,172.0,2436.0,596.0,162.0,988.0,443.0,1596.0,286.0,273.5,170.0,83.0,637.0,5049.0,617.0,301.0,34.0,3464.0,276.0,1395.0,2723.0,118.0,145.0,979.0,262.0,73.0,475.5,199.0,207.0,267.0,1307.0,1045.0,83.0,307.0,861.0,193.0,107.0,0.0,359.0,493.0,1276.0,249.0,153.5,8497.0,275.0,129.0,97.0,488.5,187.0,864.0,1041.0,2294.0,683.0,94.0,2144.0,97.0,440.0,141.0,72.0,77.0,737.0,329.0,274.0,92.0,268.0,908.0,152.0,0.0,869.0,198.0,89.0,127.0,1311.0,736.0,421.0,1525.0,95.0,0.0,3031.0,995.0,44.0,236.0,644.0,732.0,123.0,146.0,433.0,111.0,800.0,131.0,543.0,533.0,371.0,167.0,41.0,121.0,806.0,2738.0,823.0,681.0,159.5,590.0,114.0,747.0,413.0,131906
2021110100,852.0,1251.0,53.0,2476.0,52.0,964.0,619.0,136.0,133.0,177.0,607.0,365.0,1151.0,729.0,833.0,66.0,1029.0,137.0,38.0,66.0,1532.0,185.0,166.0,165.0,4812.0,478.0,148.0,132.0,1114.0,56.0,214.0,1725.0,408.0,217.0,894.0,60.0,83.0,1136.0,493.0,1007.0,527.0,1322.0,108.0,3729.0,1589.0,4557.0,165.0,69.0,294.0,0.0,109.0,1142.0,1803.0,461.0,121.0,112.0,143.0,856.0,544.0,49.0,432.0,173.0,37.0,92.0,155.0,94.0,0.0,183.0,1547.0,153.0,2043.0,245.0,326.0,1364.0,202.0,62.0,160.0,618.0,209.0,2045.0,570.0,132.0,725.0,400.0,1391.0,248.0,215.5,209.0,63.0,683.0,3375.0,660.0,388.0,26.0,5090.0,195.0,1002.0,2729.0,92.0,108.0,583.0,228.0,79.0,579.5,179.0,194.0,193.0,1460.0,720.0,81.0,223.0,778.0,177.0,93.0,0.0,322.0,526.0,899.0,208.0,103.0,7698.0,218.0,134.0,105.0,491.5,153.0,1303.0,954.0,2487.0,690.0,106.0,1764.0,78.0,435.0,162.0,67.0,90.0,644.0,323.0,334.0,82.0,229.0,963.0,157.0,0.0,715.0,168.0,85.0,85.0,1436.0,609.0,647.0,1581.0,116.0,0.0,2149.0,1004.0,28.0,286.0,587.0,775.0,85.0,131.0,456.0,102.0,621.0,113.0,574.0,501.0,255.0,172.0,32.0,108.0,792.0,2856.0,514.0,578.0,143.0,618.0,132.0,750.0,388.0,121984
2021120100,1129.0,1202.0,33.0,2471.0,48.0,1068.0,782.0,145.0,92.0,242.0,621.0,346.0,1252.0,891.0,722.0,76.0,1093.0,137.0,28.0,91.0,1581.0,227.0,239.0,166.0,4179.0,562.0,200.0,197.0,1100.0,54.0,245.0,1613.0,426.0,218.0,821.0,71.0,113.0,1246.0,472.0,1278.0,643.0,1181.0,120.0,4010.0,1673.0,3580.0,215.0,47.0,301.0,0.0,149.0,1191.0,1700.0,419.0,154.0,132.0,143.0,867.0,478.0,43.0,437.0,203.0,58.0,104.0,147.0,128.0,0.0,168.0,1320.0,212.0,2104.0,264.0,416.0,1295.0,199.0,91.0,262.0,728.0,193.0,1966.0,441.0,193.0,809.0,675.0,1321.0,292.0,222.0,233.0,94.0,625.0,3041.0,708.0,445.0,25.0,3089.0,191.0,926.0,2374.0,91.0,128.0,607.0,249.0,75.0,381.0,223.0,183.0,258.0,2284.0,670.0,66.0,236.0,673.0,178.0,85.0,0.0,269.0,606.0,1026.0,318.0,106.0,9195.0,332.0,136.0,102.0,569.5,161.0,981.0,893.0,2960.0,831.0,98.0,1800.0,79.0,482.0,196.0,79.0,100.0,770.0,337.0,331.0,84.0,208.0,888.0,230.0,0.0,798.0,140.0,71.0,140.0,1496.0,518.0,533.0,1712.0,101.0,1.0,2283.0,1140.0,35.0,359.0,539.0,675.0,109.0,210.0,559.0,97.0,656.0,144.0,1195.0,487.0,271.0,140.0,34.0,130.0,976.0,3622.0,628.0,807.0,157.5,559.0,124.0,918.0,359.0,125327
2022010100,510.0,1088.0,43.0,2610.0,57.0,775.0,844.0,139.0,84.0,211.0,616.0,349.0,1384.0,1015.0,524.0,82.0,1165.0,152.0,55.0,74.5,1405.0,271.0,205.0,289.0,4089.0,597.0,207.0,201.0,1125.0,54.0,253.0,1208.0,344.0,214.0,965.0,48.0,55.0,1758.0,490.0,1003.0,618.0,1204.0,114.0,2552.0,1355.0,3232.0,189.0,54.0,327.0,0.0,189.0,1337.0,1984.0,546.0,127.0,107.0,177.0,816.0,488.0,30.0,353.0,161.0,57.0,96.0,138.0,108.0,0.0,192.0,1597.0,212.0,2046.0,233.0,430.0,1187.0,191.0,64.0,213.0,930.0,191.0,1658.0,409.0,153.0,674.0,393.0,1196.0,250.0,214.5,107.0,81.0,811.0,2473.0,739.0,384.0,35.0,3448.0,159.0,984.0,2791.0,68.0,131.0,623.0,265.0,81.0,494.0,223.0,181.0,313.0,1811.0,508.0,97.0,276.0,796.0,257.0,116.0,0.0,302.0,658.0,935.0,190.0,100.0,2639.0,337.0,69.0,120.0,489.5,192.0,1072.0,1278.0,2409.0,931.0,104.0,1546.0,126.0,483.0,186.0,57.0,131.0,808.0,342.0,300.0,367.0,480.0,1039.0,236.0,0.0,778.0,150.0,110.0,130.0,1858.0,492.0,410.0,1551.0,226.0,0.0,1742.0,854.0,25.0,318.0,564.0,772.0,93.0,130.0,498.0,104.0,717.0,137.0,861.0,479.0,226.0,178.0,33.0,94.0,1029.0,1937.0,487.0,564.0,142.0,721.0,139.0,466.0,403.0,112462
2022020100,601.0,1002.0,42.0,2085.0,67.0,748.0,742.0,135.0,65.0,190.0,584.0,280.0,1196.0,742.0,598.0,90.0,959.0,130.0,35.0,92.5,1351.0,269.0,221.0,246.0,3933.0,635.0,184.0,193.0,1288.0,56.0,282.0,1209.0,321.0,225.0,651.0,81.0,51.0,1037.0,397.0,1226.0,551.0,1113.0,117.0,2419.0,1147.0,3391.0,160.0,50.0,314.0,0.0,203.0,1149.0,1531.0,500.0,90.0,101.0,144.0,897.0,469.0,35.0,356.0,253.0,76.0,65.0,111.0,113.0,0.0,199.0,1332.0,175.0,2263.0,265.0,450.0,1045.0,192.0,63.0,196.0,643.0,230.0,1692.0,392.0,176.0,538.0,452.0,1201.0,256.0,181.0,108.0,93.0,683.0,3016.0,695.0,388.0,21.0,3672.0,144.0,769.0,1895.0,57.0,150.0,543.0,305.0,163.0,463.0,197.0,176.0,289.0,1921.0,513.0,84.0,268.0,791.0,267.0,106.0,0.0,230.0,558.0,1085.0,197.0,104.0,4858.0,412.0,75.0,135.0,595.0,208.0,1051.0,1240.0,2361.0,780.0,111.0,1631.0,96.0,391.0,182.0,61.0,88.0,626.0,430.0,291.0,440.0,315.0,892.0,154.0,0.0,616.0,179.0,73.0,98.0,1822.0,468.0,503.0,4127.0,110.0,0.0,1809.0,1010.0,27.0,295.0,577.0,599.0,82.0,153.0,519.0,162.0,700.0,95.0,540.0,458.0,227.0,136.0,24.0,123.0,1377.0,1741.0,627.0,550.0,156.0,677.0,136.0,508.0,287.0,112092
2022030100,597.0,1063.0,35.0,2060.0,76.0,1063.0,711.0,130.0,61.0,237.0,1046.0,283.0,1351.0,827.0,635.0,91.0,968.0,152.0,33.0,81.5,1402.0,293.0,221.0,196.0,4448.0,579.0,275.0,264.0,1461.0,77.0,345.0,1092.0,276.0,246.0,711.0,56.0,55.0,1139.0,510.0,1538.0,519.0,1195.0,125.0,2516.0,1473.0,4626.0,162.0,60.0,348.0,0.0,233.0,950.0,1626.0,455.0,121.0,112.0,165.0,1079.0,475.0,52.0,363.0,215.0,75.0,73.0,180.0,132.0,0.0,257.0,1625.0,224.0,2885.0,329.0,452.0,1048.0,217.0,74.0,180.0,699.0,254.0,1803.0,414.0,138.0,633.0,384.0,1155.0,231.0,203.0,96.0,73.0,611.0,5897.0,1073.0,422.0,40.0,3421.0,158.0,837.0,1937.0,62.0,159.0,536.0,313.0,125.0,390.0,211.0,216.0,319.0,2167.0,627.0,94.0,312.0,1268.0,271.0,116.0,0.0,234.0,470.0,1337.0,186.0,99.0,5734.0,428.0,66.0,138.0,497.0,237.0,1043.0,4045.0,2197.0,804.0,113.0,2101.0,92.0,529.0,214.0,75.0,134.0,620.0,290.0,351.0,585.0,217.0,845.0,206.0,0.0,845.0,158.0,84.0,149.0,1192.0,534.0,576.0,1873.0,154.0,0.0,2018.0,1141.0,37.0,321.0,476.0,534.0,91.0,201.0,480.0,149.0,704.0,134.0,573.0,479.0,223.0,154.0,31.0,117.0,1034.0,1951.0,439.0,506.0,130.5,589.0,109.0,472.0,393.0,123310
2022040100,500.0,823.0,27.0,2227.0,75.0,663.0,707.0,113.0,73.0,224.0,710.0,121.0,1207.0,811.0,465.0,73.0,950.0,129.0,24.0,92.0,1270.0,197.0,125.0,154.0,3839.0,475.0,163.0,169.0,1368.0,65.0,349.0,1166.0,244.0,248.0,673.0,70.0,54.0,1194.0,536.0,1219.0,522.0,1111.0,126.0,2387.0,1641.0,3888.0,121.0,53.0,253.0,0.0,116.0,843.0,1536.0,381.0,94.0,130.0,126.0,1073.0,371.0,40.0,297.0,175.0,61.0,81.0,190.0,101.0,0.0,175.0,1318.0,183.0,2655.0,319.0,409.0,816.0,263.0,61.0,132.0,634.0,189.0,1810.0,349.0,155.0,551.0,247.0,942.0,190.0,192.5,85.0,67.0,477.0,3299.0,998.0,365.0,37.0,2330.0,152.0,728.0,1938.0,50.0,117.0,486.0,225.0,69.0,420.5,130.0,200.0,201.0,2072.0,560.0,90.0,207.0,822.0,185.0,88.0,1.0,189.0,503.0,1051.0,220.0,114.5,3285.0,602.0,70.0,104.0,413.5,216.0,863.0,1410.0,1834.0,815.0,93.0,1762.0,91.0,529.0,170.0,74.0,89.0,584.0,298.0,289.0,568.0,197.0,991.0,115.0,0.0,667.0,121.0,80.0,84.0,1215.0,432.0,613.0,1367.0,130.0,0.0,1815.0,793.0,43.0,256.0,439.0,456.0,111.0,169.0,460.0,79.0,609.0,86.0,527.0,488.0,150.0,171.0,30.0,87.0,657.0,1841.0,436.0,648.0,135.5,604.0,121.0,621.0,321.0,103191
2022050100,665.0,953.0,42.0,2386.0,80.0,634.0,604.0,112.0,80.0,203.0,687.0,278.0,1168.0,857.0,409.0,54.0,988.0,193.0,33.0,75.0,1241.0,175.0,161.0,158.0,3810.0,552.0,178.0,159.0,1061.0,100.0,225.0,1211.0,255.0,174.0,627.0,63.0,49.0,1581.0,366.0,1184.0,495.0,959.0,82.0,2694.0,1941.0,4067.0,141.0,92.0,321.0,0.0,165.0,805.0,1715.0,397.0,104.0,105.0,103.0,1558.0,377.0,51.0,247.0,185.0,60.0,108.0,150.0,83.0,0.0,211.0,1217.0,322.0,1921.0,215.0,358.0,894.0,188.0,48.0,124.0,520.0,220.0,1880.0,446.0,168.0,564.0,297.0,852.0,195.0,167.0,119.0,86.0,562.0,3337.0,1002.0,261.0,23.0,2882.0,144.0,714.0,1763.0,63.0,142.0,488.0,244.0,93.0,345.5,174.0,203.0,253.0,859.0,726.0,120.0,243.0,902.0,160.0,70.0,0.0,169.0,454.0,1054.0,163.0,89.5,3828.0,842.0,78.0,114.0,403.0,168.0,928.0,1865.0,2377.0,776.0,74.0,1448.0,87.0,358.0,188.0,63.0,92.0,862.0,212.0,321.0,745.0,196.0,778.0,216.0,0.0,750.0,161.0,88.0,132.0,1156.0,839.0,674.0,1509.0,74.0,0.0,1491.0,1025.0,30.0,285.0,396.0,591.0,108.0,118.0,457.0,142.0,593.0,94.0,540.0,543.0,173.0,120.0,52.0,90.0,611.0,1683.0,408.0,803.0,145.5,575.0,128.0,657.0,333.0,105370
2022060100,462.0,1232.0,49.0,1988.0,54.0,652.0,707.0,86.0,50.0,163.0,415.0,230.0,1073.0,713.0,449.0,67.0,1000.0,134.0,26.0,78.5,1103.0,192.0,117.0,157.0,3239.0,491.0,197.0,133.0,816.0,98.0,170.0,992.0,285.0,184.0,648.0,46.0,48.0,1252.0,313.0,896.0,450.0,993.0,79.0,2591.0,1295.0,2519.0,128.0,42.0,222.0,0.0,97.0,949.0,1936.0,427.0,85.0,102.0,102.0,1363.0,372.0,34.0,231.0,167.0,50.0,73.0,117.0,84.0,0.0,169.0,1100.0,172.0,1504.0,259.0,307.0,909.0,137.0,45.0,139.0,582.0,174.0,1578.0,362.0,156.0,434.0,224.0,854.0,174.0,138.5,85.0,68.0,494.0,2220.0,669.0,263.0,24.0,2827.0,142.0,767.0,1616.0,65.0,150.0,481.0,244.0,87.0,401.0,174.0,180.0,140.0,831.0,554.0,105.0,248.0,638.0,131.0,69.0,0.0,151.0,509.0,756.0,118.0,76.5,3526.0,852.0,91.0,101.0,447.0,143.0,774.0,1209.0,2197.0,673.0,75.0,1129.0,86.0,431.0,182.0,34.0,68.0,636.0,233.0,328.0,616.0,132.0,752.0,108.0,0.0,538.0,116.0,73.0,76.0,1303.0,540.0,444.0,1317.0,95.0,1.0,1296.0,941.0,37.0,295.0,415.0,562.0,123.0,134.0,379.0,132.0,563.0,115.0,536.0,464.0,172.0,133.0,29.0,103.0,604.0,1632.0,495.0,790.0,122.0,557.0,111.0,668.0,293.0,92505
2022070100,368.0,900.0,49.0,2348.0,44.0,627.0,538.0,59.0,61.0,175.0,419.0,206.0,848.0,771.0,324.0,79.0,954.0,127.0,27.0,77.5,1151.0,199.0,121.0,124.0,2668.0,429.0,126.0,113.0,680.0,70.0,176.0,940.0,223.0,143.0,534.0,39.0,32.0,808.0,268.0,535.0,376.0,748.0,87.0,1415.0,1082.0,2178.0,135.0,43.0,159.0,625.0,97.0,802.0,1847.0,338.0,116.0,79.0,112.0,466.0,414.0,30.0,227.0,130.0,43.0,52.0,105.0,73.0,0.0,151.0,1118.0,193.0,1119.0,189.0,306.0,600.0,108.0,41.0,134.0,520.0,156.0,1234.0,259.0,118.0,348.0,205.0,745.0,181.0,163.0,61.0,70.0,498.0,1657.0,590.0,230.0,23.0,2823.0,98.0,684.0,1565.0,69.0,191.0,495.0,232.0,62.0,423.5,113.0,118.0,149.0,821.0,370.0,67.0,174.0,483.0,110.0,52.0,0.0,174.0,468.0,431.0,107.0,95.5,900.0,216.0,64.0,70.0,423.0,158.0,872.0,1060.0,2234.0,811.0,52.0,965.0,73.0,480.0,204.0,55.0,112.0,583.0,185.0,307.0,633.0,237.0,659.0,118.0,0.0,448.0,124.0,71.0,66.0,1288.0,409.0,270.0,1315.0,92.0,0.0,899.0,847.0,21.0,329.0,249.0,574.0,97.0,144.0,389.0,98.0,375.0,89.0,631.0,299.0,126.0,101.0,33.0,70.0,638.0,1203.0,330.0,563.0,106.5,687.0,78.0,396.0,244.0,78011
2022080100,317.0,931.0,18.0,2394.0,40.0,742.0,449.0,87.0,69.0,120.0,431.0,239.0,792.0,837.0,296.0,68.0,977.0,154.0,36.0,56.5,1191.0,171.0,145.0,135.0,2951.0,302.0,119.0,91.0,705.0,69.0,181.0,925.0,257.0,121.0,558.0,44.0,24.0,990.0,266.0,566.0,360.0,843.0,111.0,1491.0,1099.0,2275.0,117.0,42.0,178.0,85.0,97.0,882.0,1694.0,367.0,85.0,80.0,91.0,504.0,293.0,51.0,201.0,120.0,44.0,42.0,101.0,74.0,0.0,192.0,1216.0,162.0,1227.0,203.0,368.0,706.0,115.0,36.0,152.0,547.0,189.0,1342.0,313.0,92.0,361.0,188.0,872.0,145.0,150.5,65.0,51.0,434.0,1559.0,521.0,218.0,24.0,2609.0,88.0,625.0,1591.0,56.0,139.0,500.0,198.0,73.0,316.0,127.0,164.0,146.0,993.0,370.0,60.0,175.0,537.0,127.0,48.0,0.0,171.0,442.0,435.0,94.0,76.0,1125.0,171.0,55.0,49.0,379.0,116.0,803.0,979.0,2085.0,725.0,67.0,971.0,59.0,324.0,223.0,32.0,90.0,726.0,202.0,284.0,508.0,210.0,646.0,121.0,0.0,436.0,126.0,56.0,71.0,1093.0,460.0,339.0,1437.0,66.0,0.0,1081.0,800.0,25.0,287.0,337.0,491.0,94.0,116.0,429.0,69.0,436.0,81.0,710.0,283.0,113.0,143.0,27.0,65.0,631.0,1435.0,294.0,435.0,88.5,664.0,72.0,313.0,297.0,77717
2022090100,674.0,1859.0,38.0,2780.0,42.0,722.0,532.0,85.0,71.0,162.0,490.0,496.0,1016.0,877.0,475.0,57.0,929.0,130.0,36.0,94.5,1270.0,158.0,181.0,178.0,3787.0,390.0,235.0,129.0,1069.0,54.0,169.0,1067.0,273.0,148.0,654.0,37.0,51.0,1263.0,331.0,978.0,409.0,1186.0,130.0,3967.0,1322.0,3539.0,153.0,53.0,203.0,59.0,115.0,899.0,1997.0,554.0,106.0,83.0,156.0,1165.0,501.0,30.0,304.0,120.0,49.0,61.0,163.0,88.0,0.0,148.0,1315.0,162.0,1956.0,198.0,372.0,1809.0,156.0,48.0,272.0,543.0,154.0,2178.0,588.0,147.0,712.0,245.0,1207.0,202.0,278.5,92.0,59.0,513.0,2190.0,642.0,226.0,26.0,2787.0,161.0,965.0,2233.0,50.0,95.0,491.0,172.0,120.0,332.5,195.0,181.0,213.0,1095.0,898.0,60.0,381.0,633.0,135.0,69.0,1.0,206.0,773.0,1115.0,125.0,115.0,4366.0,552.0,45.0,88.0,416.0,151.0,1420.0,961.0,2662.0,698.0,136.0,1501.0,66.0,431.0,180.0,51.0,90.0,581.0,251.0,311.0,335.0,157.0,1119.0,298.0,1.0,715.0,129.0,77.0,311.0,1204.0,730.0,408.0,1651.0,83.0,0.0,2329.0,824.0,17.0,302.0,520.0,552.0,92.0,137.0,429.0,89.0,1029.0,85.0,630.0,1679.0,179.0,156.0,31.0,96.0,641.0,1965.0,582.0,689.0,246.5,623.0,183.0,669.0,297.0,110169
2022100100,986.0,1847.0,42.0,3790.0,95.0,640.0,743.0,103.0,73.0,144.0,629.0,465.0,894.0,932.0,742.0,498.0,1090.0,164.0,39.0,71.0,1563.0,227.0,153.0,120.0,3777.0,440.0,182.0,153.0,1201.0,73.0,236.0,1262.0,347.0,148.0,916.0,56.0,38.0,977.0,419.0,1535.0,409.0,1305.0,141.0,5376.0,1679.0,5316.0,117.0,53.0,237.0,81.0,182.0,1105.0,1836.0,542.0,94.0,111.0,167.0,1022.0,610.0,33.0,372.0,139.0,47.0,50.0,183.0,85.0,0.0,188.0,1204.0,153.0,2009.0,181.0,394.0,1790.0,190.0,36.0,191.0,652.0,221.0,4319.0,517.0,122.0,1043.0,326.0,1275.0,245.0,261.0,69.0,96.0,480.0,3534.0,649.0,240.0,26.0,3410.0,243.0,1083.0,2618.0,60.0,143.0,636.0,204.0,75.0,354.0,182.0,184.0,301.0,1605.0,1231.0,92.0,229.0,802.0,165.0,92.0,0.0,330.0,434.0,1362.0,169.0,120.0,6198.0,300.0,80.0,273.0,419.5,146.0,1082.0,1174.0,2915.0,734.0,129.0,1516.0,80.0,443.0,272.0,52.0,90.0,583.0,225.0,340.0,805.0,186.0,930.0,186.0,0.0,838.0,109.0,108.0,119.0,1278.0,691.0,350.0,1601.0,103.0,0.0,2312.0,1205.0,35.0,305.0,366.0,741.0,116.0,130.0,390.0,139.0,905.0,134.0,619.0,1073.0,348.0,193.0,26.0,119.0,728.0,2846.0,666.0,1013.0,125.5,546.0,86.0,1231.0,346.0,128087
2022110100,1127.0,1477.0,603.0,2537.0,43.0,691.0,716.0,85.0,75.0,151.0,531.0,430.0,1046.0,990.0,567.0,746.0,1103.0,140.0,58.0,78.5,1334.0,273.0,169.0,125.0,3415.0,467.0,148.0,152.0,1036.0,63.0,225.0,1355.0,333.0,213.0,706.0,81.0,41.0,1152.0,443.0,1100.0,664.0,1155.0,126.0,4669.0,1876.0,3492.0,167.0,61.0,254.0,68.0,120.0,1125.0,2457.0,580.0,138.0,114.0,129.0,910.0,508.0,32.0,331.0,187.0,50.0,49.0,152.0,99.0,0.0,173.0,1745.0,237.0,1922.0,235.0,354.0,1132.0,168.0,49.0,210.0,703.0,177.0,2051.0,444.0,114.0,792.0,396.0,1329.0,217.0,246.5,154.0,66.0,609.0,2469.0,613.0,362.0,17.0,3627.0,187.0,904.0,2857.0,67.0,120.0,595.0,199.0,88.0,427.5,173.0,202.0,227.0,1156.0,869.0,62.0,201.0,870.0,140.0,75.0,0.0,268.0,523.0,1018.0,230.0,113.5,6354.0,262.0,61.0,71.0,467.5,138.0,998.0,1093.0,3390.0,1225.0,79.0,1270.0,99.0,467.0,293.0,56.0,96.0,539.0,263.0,258.0,820.0,173.0,799.0,349.0,0.0,719.0,119.0,72.0,102.0,1361.0,677.0,421.0,1772.0,107.0,0.0,2015.0,1286.0,22.0,496.0,417.0,827.0,89.0,182.0,346.0,124.0,948.0,76.0,816.0,436.0,195.0,210.0,40.0,90.0,913.0,3459.0,596.0,1668.0,108.0,643.0,109.0,1085.0,460.0,121790
2022120100,1353.0,1321.0,29.0,4410.0,55.0,659.0,737.0,127.0,79.0,164.0,493.0,292.0,1107.0,831.0,572.0,720.0,1231.0,122.0,67.0,66.5,1259.0,254.0,185.0,139.0,3294.0,760.0,147.0,120.0,1023.0,71.0,198.0,1408.0,541.0,262.0,648.0,56.0,72.0,1298.0,364.0,997.0,621.0,1005.0,131.0,4458.0,1874.0,3046.0,119.0,63.0,277.0,87.0,125.0,1158.0,2447.0,408.0,103.0,119.0,131.0,848.0,428.0,23.0,425.0,133.0,48.0,53.0,126.0,80.0,0.0,157.0,1396.0,134.0,1615.0,191.0,310.0,949.0,170.0,45.0,203.0,596.0,218.0,1626.0,362.0,122.0,806.0,298.0,1118.0,179.0,185.0,140.0,66.0,530.0,2599.0,551.0,392.0,31.0,3192.0,149.0,901.0,2735.0,92.0,179.0,586.0,198.0,108.0,381.0,184.0,224.0,180.0,1265.0,595.0,70.0,205.0,732.0,140.0,68.0,0.0,257.0,496.0,809.0,193.0,97.0,7107.0,325.0,83.0,87.0,477.0,162.0,967.0,1119.0,4725.0,654.0,87.0,1150.0,89.0,412.0,276.0,56.0,74.0,520.0,247.0,320.0,464.0,183.0,972.0,141.0,0.0,888.0,111.0,111.0,152.0,1455.0,561.0,593.0,1488.0,98.0,0.0,1882.0,1219.0,28.0,455.0,358.0,755.0,109.0,118.0,327.0,101.0,740.0,70.0,536.0,393.0,181.0,231.0,65.0,109.0,830.0,3647.0,433.0,1186.0,124.5,487.0,84.0,1233.0,337.0,118416
2023010100,14.0,16.0,2.0,91.0,1.0,26.0,15.0,5.0,2.0,2.0,16.0,8.0,23.0,25.0,6.0,11.0,38.0,6.0,0.0,5.0,31.0,7.0,2.0,2.0,67.0,12.0,4.0,5.0,23.0,5.0,5.0,31.0,3.0,3.0,12.0,2.0,3.0,32.0,8.0,10.0,12.0,18.0,1.0,36.0,36.0,41.0,9.0,1.0,6.0,0.0,2.0,34.0,80.0,11.0,2.0,2.0,3.0,21.0,13.0,6.0,7.0,5.0,2.0,1.0,2.0,2.0,0.0,5.0,58.0,2.0,32.0,4.0,11.0,34.0,3.0,1.0,1.0,18.0,11.0,53.0,8.0,2.0,6.0,8.0,22.0,11.0,4.0,11.0,1.0,18.0,59.0,12.0,10.0,1.0,77.0,10.0,18.0,162.0,8.0,4.0,15.0,4.0,1.0,11.0,7.0,2.0,6.0,34.0,16.0,1.0,4.0,17.0,3.0,0.0,0.0,4.0,14.0,15.0,2.0,2.0,33.0,11.0,3.0,2.0,17.0,3.0,24.0,29.0,101.0,28.0,1.0,30.0,4.0,7.0,14.0,2.0,0.0,13.0,12.0,4.0,20.0,5.0,21.0,1.0,0.0,10.0,6.0,5.0,5.0,240.0,14.0,10.0,51.0,0.0,0.0,62.0,20.0,1.0,8.0,18.0,17.0,2.0,4.0,7.0,1.0,22.0,3.0,8.0,7.0,9.0,10.0,0.0,9.0,16.0,49.0,15.0,32.0,1.5,12.0,6.0,11.0,14.0,2867
